{
  "no_cache": {
    "mean_latency_ms": 18.960249453115807,
    "p50_latency_ms": 17.443429496866543,
    "p95_latency_ms": 21.80428687108318,
    "p99_latency_ms": 23.70031181639476,
    "throughput_rps": 421.93537694649535,
    "hit_rate": 0.0,
    "wasted_compute_ratio": 0.0,
    "reuse_attempts": 0,
    "reuse_successes": 0,
    "store_attempts": 32,
    "store_successes": 0,
    "requests_seen": 64,
    "reused_prefix_tokens_total": 0,
    "recompute_tokens_total": 10652
  }
}