{
  "shadow_kv_plus": {
    "mean_latency_ms": 19.825723546873064,
    "p50_latency_ms": 18.23966566312322,
    "p95_latency_ms": 22.799582078904024,
    "p99_latency_ms": 24.78215443359133,
    "throughput_rps": 403.5161683297944,
    "hit_rate": 0.0,
    "wasted_compute_ratio": 0.0,
    "reuse_attempts": 60,
    "reuse_successes": 0,
    "store_attempts": 32,
    "store_successes": 0,
    "requests_seen": 64,
    "reused_prefix_tokens_total": 0,
    "recompute_tokens_total": 10652
  }
}