{
  "no_cache": {
    "mean_latency_ms": 15.074250406257761,
    "p50_latency_ms": 13.86831037375714,
    "p95_latency_ms": 17.335387967196425,
    "p99_latency_ms": 18.8428130078222,
    "throughput_rps": 530.7063226625827,
    "hit_rate": 0.0,
    "wasted_compute_ratio": 0.0,
    "reuse_attempts": 0,
    "reuse_successes": 0,
    "store_attempts": 32,
    "store_successes": 0,
    "requests_seen": 64,
    "reused_prefix_tokens_total": 0,
    "recompute_tokens_total": 10652
  }
}