{
  "reactive_prefix_cache": {
    "mean_latency_ms": 130.61096905201708,
    "p50_latency_ms": 120.16209152785572,
    "p95_latency_ms": 150.20261440981963,
    "p99_latency_ms": 163.26371131502134,
    "throughput_rps": 61.25059830781841,
    "hit_rate": 0.35,
    "wasted_compute_ratio": 0.003,
    "reuse_attempts": 32,
    "reuse_successes": 11,
    "store_attempts": 32,
    "store_successes": 11,
    "requests_seen": 64,
    "reused_prefix_tokens_total": 4928,
    "recompute_tokens_total": 5724
  }
}