{
  "shadow_kv": {
    "mean_latency_ms": 22.02256190630436,
    "p50_latency_ms": 20.260756953800012,
    "p95_latency_ms": 25.32594619225001,
    "p99_latency_ms": 27.52820238288045,
    "throughput_rps": 363.26382162239963,
    "hit_rate": 0.984375,
    "wasted_compute_ratio": 0.0,
    "reuse_attempts": 63,
    "reuse_successes": 63,
    "store_attempts": 32,
    "store_successes": 63,
    "requests_seen": 64,
    "reused_prefix_tokens_total": 13860,
    "recompute_tokens_total": -3208
  }
}