{
  "strict_reactive_prefix_cache": {
    "mean_latency_ms": 25.042750322705654,
    "p50_latency_ms": 23.039330296889204,
    "p95_latency_ms": 28.7991628711115,
    "p99_latency_ms": 31.30343790338207,
    "throughput_rps": 319.45372999812224,
    "hit_rate": 0.6,
    "wasted_compute_ratio": 0.0,
    "reuse_attempts": 32,
    "reuse_successes": 19,
    "store_attempts": 32,
    "store_successes": 19,
    "requests_seen": 64,
    "reused_prefix_tokens_total": 8448,
    "recompute_tokens_total": 2204
  }
}