{
  "shadow_kv_plus_lite": {
    "mean_latency_ms": 85.40771897592175,
    "p50_latency_ms": 78.57510145784802,
    "p95_latency_ms": 98.21887682231001,
    "p99_latency_ms": 106.75964871990219,
    "throughput_rps": 93.66834866829039,
    "hit_rate": 0.35,
    "wasted_compute_ratio": 0.0,
    "reuse_attempts": 32,
    "reuse_successes": 11,
    "store_attempts": 32,
    "store_successes": 11,
    "requests_seen": 64,
    "reused_prefix_tokens_total": 4928,
    "recompute_tokens_total": 5724
  }
}