{
  "shadow_kv_plus_lite": {
    "mean_latency_ms": 187.1101598345771,
    "p50_latency_ms": 172.14134704781094,
    "p95_latency_ms": 215.17668380976366,
    "p99_latency_ms": 233.88769979322137,
    "throughput_rps": 42.75556178816131,
    "hit_rate": 0.6,
    "wasted_compute_ratio": 0.0,
    "reuse_attempts": 32,
    "reuse_successes": 19,
    "store_attempts": 32,
    "store_successes": 19,
    "requests_seen": 64,
    "reused_prefix_tokens_total": 8448,
    "recompute_tokens_total": 2204
  }
}