{
  "greedy_prefix_cache": {
    "mean_latency_ms": 187.8681585674833,
    "p50_latency_ms": 172.83870588208464,
    "p95_latency_ms": 216.04838235260578,
    "p99_latency_ms": 234.83519820935413,
    "throughput_rps": 42.58305431319994,
    "hit_rate": 0.35,
    "wasted_compute_ratio": 0.0,
    "reuse_attempts": 32,
    "reuse_successes": 11,
    "store_attempts": 32,
    "store_successes": 11,
    "requests_seen": 64,
    "reused_prefix_tokens_total": 4928,
    "recompute_tokens_total": 5724
  }
}