{
  "shadow_kv": {
    "mean_latency_ms": 17.902614937476358,
    "p50_latency_ms": 16.47040574247825,
    "p95_latency_ms": 20.58800717809781,
    "p99_latency_ms": 22.378268671845447,
    "throughput_rps": 446.8620940538265,
    "hit_rate": 0.0,
    "wasted_compute_ratio": 0.0,
    "reuse_attempts": 62,
    "reuse_successes": 0,
    "store_attempts": 32,
    "store_successes": 0,
    "requests_seen": 64,
    "reused_prefix_tokens_total": 0,
    "recompute_tokens_total": 10652
  }
}