{
  "reactive_prefix_cache": {
    "mean_latency_ms": 43.79852373925594,
    "p50_latency_ms": 40.29464184011547,
    "p95_latency_ms": 50.36830230014433,
    "p99_latency_ms": 54.74815467406992,
    "throughput_rps": 182.65455812223468,
    "hit_rate": 0.35,
    "wasted_compute_ratio": 0.003,
    "reuse_attempts": 32,
    "reuse_successes": 11,
    "store_attempts": 32,
    "store_successes": 11,
    "requests_seen": 64,
    "reused_prefix_tokens_total": 4928,
    "recompute_tokens_total": 5724
  }
}