{
  "shadow_kv_plus": {
    "mean_latency_ms": 19.20345857811867,
    "p50_latency_ms": 17.667181891869177,
    "p95_latency_ms": 22.08397736483647,
    "p99_latency_ms": 24.00432322264834,
    "throughput_rps": 416.59162423562486,
    "hit_rate": 0.984375,
    "wasted_compute_ratio": 0.0,
    "reuse_attempts": 63,
    "reuse_successes": 63,
    "store_attempts": 32,
    "store_successes": 63,
    "requests_seen": 64,
    "reused_prefix_tokens_total": 13860,
    "recompute_tokens_total": -3208
  }
}