{
  "no_cache": {
    "mean_latency_ms": 19.719709640625638,
    "p50_latency_ms": 18.142132869375587,
    "p95_latency_ms": 22.677666086719483,
    "p99_latency_ms": 24.649637050782047,
    "throughput_rps": 405.6854865407738,
    "hit_rate": 0.0,
    "wasted_compute_ratio": 0.0,
    "reuse_attempts": 0,
    "reuse_successes": 0,
    "store_attempts": 32,
    "store_successes": 0,
    "requests_seen": 64,
    "reused_prefix_tokens_total": 0,
    "recompute_tokens_total": 10652
  }
}