{
  "no_cache": {
    "mean_latency_ms": 59.84205382816299,
    "p50_latency_ms": 55.05468952190995,
    "p95_latency_ms": 68.81836190238744,
    "p99_latency_ms": 74.80256728520374,
    "throughput_rps": 133.68525122770808,
    "hit_rate": 0.0,
    "wasted_compute_ratio": 0.0,
    "reuse_attempts": 0,
    "reuse_successes": 0,
    "store_attempts": 32,
    "store_successes": 0,
    "requests_seen": 64,
    "reused_prefix_tokens_total": 0,
    "recompute_tokens_total": 10652
  }
}