{
  "strict_reactive_prefix_cache": {
    "mean_latency_ms": 100.61087404233638,
    "p50_latency_ms": 92.56200411894947,
    "p95_latency_ms": 115.70250514868683,
    "p99_latency_ms": 125.76359255292047,
    "throughput_rps": 79.51426797697488,
    "hit_rate": 0.0,
    "wasted_compute_ratio": 0.035,
    "reuse_attempts": 32,
    "reuse_successes": 0,
    "store_attempts": 32,
    "store_successes": 0,
    "requests_seen": 64,
    "reused_prefix_tokens_total": 0,
    "recompute_tokens_total": 10652
  }
}