{
  "shadow_kv_plus_lite": {
    "mean_latency_ms": 18.472574511725345,
    "p50_latency_ms": 16.994768550787317,
    "p95_latency_ms": 21.243460688484145,
    "p99_latency_ms": 23.09071813965668,
    "throughput_rps": 433.0744474692498,
    "hit_rate": 0.0,
    "wasted_compute_ratio": 0.0,
    "reuse_attempts": 32,
    "reuse_successes": 0,
    "store_attempts": 32,
    "store_successes": 0,
    "requests_seen": 64,
    "reused_prefix_tokens_total": 0,
    "recompute_tokens_total": 10652
  }
}