{
  "strict_reactive_prefix_cache": {
    "mean_latency_ms": 178.2775972047861,
    "p50_latency_ms": 164.0153894284032,
    "p95_latency_ms": 205.019236785504,
    "p99_latency_ms": 222.84699650598264,
    "throughput_rps": 44.87383791027013,
    "hit_rate": 0.35,
    "wasted_compute_ratio": 0.0,
    "reuse_attempts": 32,
    "reuse_successes": 11,
    "store_attempts": 32,
    "store_successes": 11,
    "requests_seen": 64,
    "reused_prefix_tokens_total": 4928,
    "recompute_tokens_total": 5724
  }
}