{
  "no_cache": {
    "mean_latency_ms": 154.2066729999192,
    "p50_latency_ms": 141.87013915992566,
    "p95_latency_ms": 177.33767394990707,
    "p99_latency_ms": 192.758341249899,
    "throughput_rps": 51.87842941144442,
    "hit_rate": 0.0,
    "wasted_compute_ratio": 0.0,
    "reuse_attempts": 0,
    "reuse_successes": 0,
    "store_attempts": 32,
    "store_successes": 0,
    "requests_seen": 64,
    "reused_prefix_tokens_total": 0,
    "recompute_tokens_total": 10652
  }
}