{
  "no_cache": {
    "mean_latency_ms": 45.21304064060416,
    "p50_latency_ms": 41.59599738935583,
    "p95_latency_ms": 51.99499673669478,
    "p99_latency_ms": 56.516300800755204,
    "throughput_rps": 176.94010149840477,
    "hit_rate": 0.0,
    "wasted_compute_ratio": 0.0,
    "reuse_attempts": 0,
    "reuse_successes": 0,
    "store_attempts": 32,
    "store_successes": 0,
    "requests_seen": 64,
    "reused_prefix_tokens_total": 0,
    "recompute_tokens_total": 10652
  }
}