{
  "shadow_kv_plus_lite": {
    "mean_latency_ms": 20.26407095703675,
    "p50_latency_ms": 18.64294528047381,
    "p95_latency_ms": 23.30368160059226,
    "p99_latency_ms": 25.330088696295938,
    "throughput_rps": 394.7874055988725,
    "hit_rate": 0.0,
    "wasted_compute_ratio": 0.0,
    "reuse_attempts": 32,
    "reuse_successes": 0,
    "store_attempts": 32,
    "store_successes": 0,
    "requests_seen": 64,
    "reused_prefix_tokens_total": 0,
    "recompute_tokens_total": 10652
  }
}