{
  "strict_reactive_prefix_cache": {
    "mean_latency_ms": 87.24935692700657,
    "p50_latency_ms": 80.26940837284604,
    "p95_latency_ms": 100.33676046605756,
    "p99_latency_ms": 109.06169615875822,
    "throughput_rps": 91.6912202194551,
    "hit_rate": 0.35,
    "wasted_compute_ratio": 0.0,
    "reuse_attempts": 32,
    "reuse_successes": 11,
    "store_attempts": 32,
    "store_successes": 11,
    "requests_seen": 64,
    "reused_prefix_tokens_total": 4928,
    "recompute_tokens_total": 5724
  }
}