{
  "shadow_kv": {
    "mean_latency_ms": 22.68677562500443,
    "p50_latency_ms": 20.871833575004075,
    "p95_latency_ms": 26.08979196875509,
    "p99_latency_ms": 28.358469531255537,
    "throughput_rps": 352.6283387394518,
    "hit_rate": 0.96875,
    "wasted_compute_ratio": 0.0,
    "reuse_attempts": 62,
    "reuse_successes": 62,
    "store_attempts": 32,
    "store_successes": 62,
    "requests_seen": 64,
    "reused_prefix_tokens_total": 13640,
    "recompute_tokens_total": -2988
  }
}