{
  "reactive_prefix_cache": {
    "mean_latency_ms": 24.492946946009685,
    "p50_latency_ms": 22.533511190328912,
    "p95_latency_ms": 28.166888987911136,
    "p99_latency_ms": 30.616183682512105,
    "throughput_rps": 326.62464086639176,
    "hit_rate": 0.6,
    "wasted_compute_ratio": 0.0,
    "reuse_attempts": 32,
    "reuse_successes": 19,
    "store_attempts": 32,
    "store_successes": 19,
    "requests_seen": 64,
    "reused_prefix_tokens_total": 8448,
    "recompute_tokens_total": 2204
  }
}