{
  "shadow_kv_plus": {
    "mean_latency_ms": 19.583008328098117,
    "p50_latency_ms": 18.016367661850268,
    "p95_latency_ms": 22.520459577312835,
    "p99_latency_ms": 24.478760410122646,
    "throughput_rps": 408.51741805784917,
    "hit_rate": 0.984375,
    "wasted_compute_ratio": 0.0,
    "reuse_attempts": 63,
    "reuse_successes": 63,
    "store_attempts": 32,
    "store_successes": 63,
    "requests_seen": 64,
    "reused_prefix_tokens_total": 13860,
    "recompute_tokens_total": -3208
  }
}