{
  "strict_reactive_prefix_cache": {
    "mean_latency_ms": 151.33832829863852,
    "p50_latency_ms": 139.23126203474743,
    "p95_latency_ms": 174.03907754343427,
    "p99_latency_ms": 189.17291037329815,
    "throughput_rps": 52.86169135034625,
    "hit_rate": 0.35,
    "wasted_compute_ratio": 0.0,
    "reuse_attempts": 32,
    "reuse_successes": 11,
    "store_attempts": 32,
    "store_successes": 11,
    "requests_seen": 64,
    "reused_prefix_tokens_total": 4928,
    "recompute_tokens_total": 5724
  }
}