{
  "reactive_prefix_cache": {
    "mean_latency_ms": 17.09243270838101,
    "p50_latency_ms": 15.72503809171053,
    "p95_latency_ms": 19.656297614638163,
    "p99_latency_ms": 21.365540885476264,
    "throughput_rps": 468.043381330811,
    "hit_rate": 0.0,
    "wasted_compute_ratio": 0.108,
    "reuse_attempts": 32,
    "reuse_successes": 0,
    "store_attempts": 32,
    "store_successes": 0,
    "requests_seen": 64,
    "reused_prefix_tokens_total": 0,
    "recompute_tokens_total": 10652
  }
}