{
  "no_cache": {
    "mean_latency_ms": 301.60017514072024,
    "p50_latency_ms": 277.4721611294626,
    "p95_latency_ms": 346.8402014118283,
    "p99_latency_ms": 377.0002189259003,
    "throughput_rps": 26.525183535677225,
    "hit_rate": 0.0,
    "wasted_compute_ratio": 0.0,
    "reuse_attempts": 0,
    "reuse_successes": 0,
    "store_attempts": 32,
    "store_successes": 0,
    "requests_seen": 64,
    "reused_prefix_tokens_total": 0,
    "recompute_tokens_total": 10652
  }
}