{
  "no_cache": {
    "mean_latency_ms": 59.310167109373424,
    "p50_latency_ms": 54.56535374062355,
    "p95_latency_ms": 68.20669217577944,
    "p99_latency_ms": 74.13770888671678,
    "throughput_rps": 134.8841250986068,
    "hit_rate": 0.0,
    "wasted_compute_ratio": 0.0,
    "reuse_attempts": 0,
    "reuse_successes": 0,
    "store_attempts": 32,
    "store_successes": 0,
    "requests_seen": 64,
    "reused_prefix_tokens_total": 0,
    "recompute_tokens_total": 10652
  }
}