{
  "no_cache": {
    "mean_latency_ms": 279.54302654687524,
    "p50_latency_ms": 257.1795844231252,
    "p95_latency_ms": 321.4744805289065,
    "p99_latency_ms": 349.4287831835941,
    "throughput_rps": 28.61813474233999,
    "hit_rate": 0.0,
    "wasted_compute_ratio": 0.0,
    "reuse_attempts": 0,
    "reuse_successes": 0,
    "store_attempts": 32,
    "store_successes": 0,
    "requests_seen": 64,
    "reused_prefix_tokens_total": 0,
    "recompute_tokens_total": 10652
  }
}