{
  "shadow_kv": {
    "mean_latency_ms": 78.69268939059282,
    "p50_latency_ms": 72.39727423934539,
    "p95_latency_ms": 90.49659279918174,
    "p99_latency_ms": 98.36586173824102,
    "throughput_rps": 101.66128597145577,
    "hit_rate": 0.921875,
    "wasted_compute_ratio": 0.0,
    "reuse_attempts": 59,
    "reuse_successes": 59,
    "store_attempts": 32,
    "store_successes": 59,
    "requests_seen": 64,
    "reused_prefix_tokens_total": 12980,
    "recompute_tokens_total": -2328
  }
}