{
  "greedy_prefix_cache": {
    "mean_latency_ms": 96.92682273525912,
    "p50_latency_ms": 89.17267691643839,
    "p95_latency_ms": 111.46584614554799,
    "p99_latency_ms": 121.1585284190739,
    "throughput_rps": 82.53649272968313,
    "hit_rate": 0.35,
    "wasted_compute_ratio": 0.0,
    "reuse_attempts": 32,
    "reuse_successes": 11,
    "store_attempts": 32,
    "store_successes": 11,
    "requests_seen": 64,
    "reused_prefix_tokens_total": 4928,
    "recompute_tokens_total": 5724
  }
}