{
  "shadow_kv_plus_lite": {
    "mean_latency_ms": 21.302907530110918,
    "p50_latency_ms": 19.598674927702046,
    "p95_latency_ms": 24.498343659627555,
    "p99_latency_ms": 26.628634412638647,
    "throughput_rps": 375.53559243930806,
    "hit_rate": 0.35,
    "wasted_compute_ratio": 0.0,
    "reuse_attempts": 32,
    "reuse_successes": 11,
    "store_attempts": 32,
    "store_successes": 11,
    "requests_seen": 64,
    "reused_prefix_tokens_total": 4928,
    "recompute_tokens_total": 5724
  }
}