{
  "strict_reactive_prefix_cache": {
    "mean_latency_ms": 15.724672843066339,
    "p50_latency_ms": 14.466699015621032,
    "p95_latency_ms": 18.083373769526286,
    "p99_latency_ms": 19.655841053832923,
    "throughput_rps": 508.7546227410087,
    "hit_rate": 0.6,
    "wasted_compute_ratio": 0.0,
    "reuse_attempts": 32,
    "reuse_successes": 19,
    "store_attempts": 32,
    "store_successes": 19,
    "requests_seen": 64,
    "reused_prefix_tokens_total": 8448,
    "recompute_tokens_total": 2204
  }
}