{
  "reactive_prefix_cache": {
    "mean_latency_ms": 170.6148731357034,
    "p50_latency_ms": 156.96568328484713,
    "p95_latency_ms": 196.2071041060589,
    "p99_latency_ms": 213.26859141962925,
    "throughput_rps": 46.889229836586246,
    "hit_rate": 0.35,
    "wasted_compute_ratio": 0.003,
    "reuse_attempts": 32,
    "reuse_successes": 11,
    "store_attempts": 32,
    "store_successes": 11,
    "requests_seen": 64,
    "reused_prefix_tokens_total": 4928,
    "recompute_tokens_total": 5724
  }
}