{
  "shadow_kv_plus": {
    "mean_latency_ms": 130.12908684385138,
    "p50_latency_ms": 119.71875989634327,
    "p95_latency_ms": 149.6484498704291,
    "p99_latency_ms": 162.66135855481423,
    "throughput_rps": 61.47741595696905,
    "hit_rate": 0.984375,
    "wasted_compute_ratio": 0.0,
    "reuse_attempts": 63,
    "reuse_successes": 63,
    "store_attempts": 32,
    "store_successes": 63,
    "requests_seen": 64,
    "reused_prefix_tokens_total": 13860,
    "recompute_tokens_total": -3208
  }
}