{
  "no_cache": {
    "mean_latency_ms": 19.754093749966728,
    "p50_latency_ms": 18.17376624996939,
    "p95_latency_ms": 22.717207812461737,
    "p99_latency_ms": 24.69261718745841,
    "throughput_rps": 404.9793476359033,
    "hit_rate": 0.0,
    "wasted_compute_ratio": 0.0,
    "reuse_attempts": 0,
    "reuse_successes": 0,
    "store_attempts": 32,
    "store_successes": 0,
    "requests_seen": 64,
    "reused_prefix_tokens_total": 0,
    "recompute_tokens_total": 10652
  }
}