{
  "no_cache": {
    "mean_latency_ms": 62.05910843749507,
    "p50_latency_ms": 57.094379762495464,
    "p95_latency_ms": 71.36797470311933,
    "p99_latency_ms": 77.57388554686884,
    "throughput_rps": 128.90936079201768,
    "hit_rate": 0.0,
    "wasted_compute_ratio": 0.0,
    "reuse_attempts": 0,
    "reuse_successes": 0,
    "store_attempts": 32,
    "store_successes": 0,
    "requests_seen": 64,
    "reused_prefix_tokens_total": 0,
    "recompute_tokens_total": 10652
  }
}