{
  "strict_reactive_prefix_cache": {
    "mean_latency_ms": 17.431458887773548,
    "p50_latency_ms": 16.036942176751666,
    "p95_latency_ms": 20.04617772093958,
    "p99_latency_ms": 21.789323609716934,
    "throughput_rps": 458.9403590086893,
    "hit_rate": 0.0,
    "wasted_compute_ratio": 0.035,
    "reuse_attempts": 32,
    "reuse_successes": 0,
    "store_attempts": 32,
    "store_successes": 0,
    "requests_seen": 64,
    "reused_prefix_tokens_total": 0,
    "recompute_tokens_total": 10652
  }
}