{
  "shadow_kv_plus": {
    "mean_latency_ms": 17.034870437505845,
    "p50_latency_ms": 15.672080802505377,
    "p95_latency_ms": 19.59010100313172,
    "p99_latency_ms": 21.293588046882306,
    "throughput_rps": 469.62493958194835,
    "hit_rate": 0.0,
    "wasted_compute_ratio": 0.0,
    "reuse_attempts": 0,
    "reuse_successes": 0,
    "store_attempts": 32,
    "store_successes": 0,
    "requests_seen": 64,
    "reused_prefix_tokens_total": 0,
    "recompute_tokens_total": 10652
  }
}