{
  "strict_reactive_prefix_cache": {
    "mean_latency_ms": 14.781331284735206,
    "p50_latency_ms": 13.59882478195639,
    "p95_latency_ms": 16.998530977445487,
    "p99_latency_ms": 18.476664105919006,
    "throughput_rps": 541.2232393615087,
    "hit_rate": 0.35,
    "wasted_compute_ratio": 0.0,
    "reuse_attempts": 32,
    "reuse_successes": 11,
    "store_attempts": 32,
    "store_successes": 11,
    "requests_seen": 64,
    "reused_prefix_tokens_total": 4928,
    "recompute_tokens_total": 5724
  }
}