{
  "reactive_prefix_cache": {
    "mean_latency_ms": 239.60111578469937,
    "p50_latency_ms": 220.43302652192344,
    "p95_latency_ms": 275.5412831524043,
    "p99_latency_ms": 299.5013947308742,
    "throughput_rps": 33.388826148825764,
    "hit_rate": 0.35,
    "wasted_compute_ratio": 0.003,
    "reuse_attempts": 32,
    "reuse_successes": 11,
    "store_attempts": 32,
    "store_successes": 11,
    "requests_seen": 64,
    "reused_prefix_tokens_total": 4928,
    "recompute_tokens_total": 5724
  }
}