{
  "shadow_kv": {
    "mean_latency_ms": 21.661560046872808,
    "p50_latency_ms": 19.928635243122983,
    "p95_latency_ms": 24.910794053903725,
    "p99_latency_ms": 27.07695005859101,
    "throughput_rps": 369.317813799608,
    "hit_rate": 0.984375,
    "wasted_compute_ratio": 0.0,
    "reuse_attempts": 63,
    "reuse_successes": 63,
    "store_attempts": 32,
    "store_successes": 63,
    "requests_seen": 64,
    "reused_prefix_tokens_total": 13860,
    "recompute_tokens_total": -3208
  }
}