{
  "greedy_prefix_cache": {
    "mean_latency_ms": 20.784798823761477,
    "p50_latency_ms": 19.12201491786056,
    "p95_latency_ms": 23.902518647325696,
    "p99_latency_ms": 25.980998529701846,
    "throughput_rps": 384.8966770298631,
    "hit_rate": 0.35,
    "wasted_compute_ratio": 0.0,
    "reuse_attempts": 32,
    "reuse_successes": 11,
    "store_attempts": 32,
    "store_successes": 11,
    "requests_seen": 64,
    "reused_prefix_tokens_total": 4928,
    "recompute_tokens_total": 5724
  }
}