{
  "strict_reactive_prefix_cache": {
    "mean_latency_ms": 201.83770319294047,
    "p50_latency_ms": 185.69068693750523,
    "p95_latency_ms": 232.1133586718815,
    "p99_latency_ms": 252.29712899117558,
    "throughput_rps": 39.63580576594577,
    "hit_rate": 0.6,
    "wasted_compute_ratio": 0.0,
    "reuse_attempts": 32,
    "reuse_successes": 19,
    "store_attempts": 32,
    "store_successes": 19,
    "requests_seen": 64,
    "reused_prefix_tokens_total": 8448,
    "recompute_tokens_total": 2204
  }
}