{
  "greedy_prefix_cache": {
    "mean_latency_ms": 77.93381957524518,
    "p50_latency_ms": 71.69911400922557,
    "p95_latency_ms": 89.62389251153195,
    "p99_latency_ms": 97.41727446905648,
    "throughput_rps": 102.65119871708575,
    "hit_rate": 0.35,
    "wasted_compute_ratio": 0.0,
    "reuse_attempts": 32,
    "reuse_successes": 11,
    "store_attempts": 32,
    "store_successes": 11,
    "requests_seen": 64,
    "reused_prefix_tokens_total": 4928,
    "recompute_tokens_total": 5724
  }
}