{
  "no_cache": {
    "mean_latency_ms": 80.59777917193856,
    "p50_latency_ms": 74.14995683818347,
    "p95_latency_ms": 92.68744604772932,
    "p99_latency_ms": 100.7472239649232,
    "throughput_rps": 99.25831806027395,
    "hit_rate": 0.0,
    "wasted_compute_ratio": 0.0,
    "reuse_attempts": 0,
    "reuse_successes": 0,
    "store_attempts": 32,
    "store_successes": 0,
    "requests_seen": 64,
    "reused_prefix_tokens_total": 0,
    "recompute_tokens_total": 10652
  }
}