{
  "shadow_kv": {
    "mean_latency_ms": 72.99531679683469,
    "p50_latency_ms": 67.15569145308791,
    "p95_latency_ms": 83.94461431635989,
    "p99_latency_ms": 91.24414599604336,
    "throughput_rps": 109.59607206399447,
    "hit_rate": 0.96875,
    "wasted_compute_ratio": 0.0,
    "reuse_attempts": 62,
    "reuse_successes": 62,
    "store_attempts": 32,
    "store_successes": 62,
    "requests_seen": 64,
    "reused_prefix_tokens_total": 13640,
    "recompute_tokens_total": -2988
  }
}