{
  "shadow_kv": {
    "mean_latency_ms": 184.59567510964803,
    "p50_latency_ms": 169.82802110087619,
    "p95_latency_ms": 212.2850263760952,
    "p99_latency_ms": 230.74459388706003,
    "throughput_rps": 43.33796008627005,
    "hit_rate": 0.0,
    "wasted_compute_ratio": 1.0,
    "reuse_attempts": 62,
    "reuse_successes": 0,
    "store_attempts": 32,
    "store_successes": 0,
    "requests_seen": 64,
    "reused_prefix_tokens_total": 0,
    "recompute_tokens_total": 10652
  }
}