{
  "no_cache": {
    "mean_latency_ms": 77.50220707788458,
    "p50_latency_ms": 71.30203051165381,
    "p95_latency_ms": 89.12753813956726,
    "p99_latency_ms": 96.87775884735572,
    "throughput_rps": 103.22286682701217,
    "hit_rate": 0.0,
    "wasted_compute_ratio": 0.0,
    "reuse_attempts": 0,
    "reuse_successes": 0,
    "store_attempts": 32,
    "store_successes": 0,
    "requests_seen": 64,
    "reused_prefix_tokens_total": 0,
    "recompute_tokens_total": 10652
  }
}