{
  "shadow_kv": {
    "mean_latency_ms": 54.330967578053446,
    "p50_latency_ms": 49.98449017180917,
    "p95_latency_ms": 62.480612714761456,
    "p99_latency_ms": 67.91370947256681,
    "throughput_rps": 147.24567510245365,
    "hit_rate": 0.96875,
    "wasted_compute_ratio": 0.0,
    "reuse_attempts": 62,
    "reuse_successes": 62,
    "store_attempts": 32,
    "store_successes": 62,
    "requests_seen": 64,
    "reused_prefix_tokens_total": 13640,
    "recompute_tokens_total": -2988
  }
}