{
  "shadow_kv": {
    "mean_latency_ms": 23.086800718779443,
    "p50_latency_ms": 21.239856661277088,
    "p95_latency_ms": 26.549820826596356,
    "p99_latency_ms": 28.858500898474304,
    "throughput_rps": 346.5183460215247,
    "hit_rate": 0.96875,
    "wasted_compute_ratio": 0.0,
    "reuse_attempts": 62,
    "reuse_successes": 62,
    "store_attempts": 32,
    "store_successes": 62,
    "requests_seen": 64,
    "reused_prefix_tokens_total": 13640,
    "recompute_tokens_total": -2988
  }
}