{
  "shadow_kv_plus_lite": {
    "mean_latency_ms": 21.180920707788218,
    "p50_latency_ms": 19.48644705116516,
    "p95_latency_ms": 24.358058813956447,
    "p99_latency_ms": 26.476150884735272,
    "throughput_rps": 377.6984065219791,
    "hit_rate": 0.35,
    "wasted_compute_ratio": 0.0,
    "reuse_attempts": 32,
    "reuse_successes": 11,
    "store_attempts": 32,
    "store_successes": 11,
    "requests_seen": 64,
    "reused_prefix_tokens_total": 4928,
    "recompute_tokens_total": 5724
  }
}