{
  "no_cache": {
    "mean_latency_ms": 69.75847684373093,
    "p50_latency_ms": 64.17779869623246,
    "p95_latency_ms": 80.22224837029057,
    "p99_latency_ms": 87.19809605466367,
    "throughput_rps": 114.68140306333173,
    "hit_rate": 0.0,
    "wasted_compute_ratio": 0.0,
    "reuse_attempts": 0,
    "reuse_successes": 0,
    "store_attempts": 32,
    "store_successes": 0,
    "requests_seen": 64,
    "reused_prefix_tokens_total": 0,
    "recompute_tokens_total": 10652
  }
}