{
  "shadow_kv_plus_lite": {
    "mean_latency_ms": 137.58111113300941,
    "p50_latency_ms": 126.57462224236866,
    "p95_latency_ms": 158.2182778029608,
    "p99_latency_ms": 171.97638891626178,
    "throughput_rps": 58.14751701100766,
    "hit_rate": 0.0,
    "wasted_compute_ratio": 0.0,
    "reuse_attempts": 32,
    "reuse_successes": 0,
    "store_attempts": 32,
    "store_successes": 0,
    "requests_seen": 64,
    "reused_prefix_tokens_total": 0,
    "recompute_tokens_total": 10652
  }
}