{
  "no_cache": {
    "mean_latency_ms": 86.16013378144771,
    "p50_latency_ms": 79.2673230789319,
    "p95_latency_ms": 99.08415384866485,
    "p99_latency_ms": 107.70016722680964,
    "throughput_rps": 92.85036650816559,
    "hit_rate": 0.0,
    "wasted_compute_ratio": 0.0,
    "reuse_attempts": 0,
    "reuse_successes": 0,
    "store_attempts": 32,
    "store_successes": 0,
    "requests_seen": 64,
    "reused_prefix_tokens_total": 0,
    "recompute_tokens_total": 10652
  }
}