{
  "shadow_kv_plus_lite": {
    "mean_latency_ms": 24.245721542968113,
    "p50_latency_ms": 22.306063819530664,
    "p95_latency_ms": 27.882579774413326,
    "p99_latency_ms": 30.30715192871014,
    "throughput_rps": 329.95512160042136,
    "hit_rate": 0.0,
    "wasted_compute_ratio": 0.0,
    "reuse_attempts": 32,
    "reuse_successes": 0,
    "store_attempts": 32,
    "store_successes": 0,
    "requests_seen": 64,
    "reused_prefix_tokens_total": 0,
    "recompute_tokens_total": 10652
  }
}