{
  "strict_reactive_prefix_cache": {
    "mean_latency_ms": 65.56882399177549,
    "p50_latency_ms": 60.32331807243345,
    "p95_latency_ms": 75.40414759054181,
    "p99_latency_ms": 81.96102998971936,
    "throughput_rps": 122.00920365757156,
    "hit_rate": 0.0,
    "wasted_compute_ratio": 0.035,
    "reuse_attempts": 32,
    "reuse_successes": 0,
    "store_attempts": 32,
    "store_successes": 0,
    "requests_seen": 64,
    "reused_prefix_tokens_total": 0,
    "recompute_tokens_total": 10652
  }
}