{
  "shadow_kv_plus": {
    "mean_latency_ms": 55.83758084374324,
    "p50_latency_ms": 51.37057437624378,
    "p95_latency_ms": 64.21321797030473,
    "p99_latency_ms": 69.79697605467905,
    "throughput_rps": 143.27268264696718,
    "hit_rate": 0.0,
    "wasted_compute_ratio": 0.0,
    "reuse_attempts": 0,
    "reuse_successes": 0,
    "store_attempts": 32,
    "store_successes": 0,
    "requests_seen": 64,
    "reused_prefix_tokens_total": 0,
    "recompute_tokens_total": 10652
  }
}