{
  "shadow_kv": {
    "mean_latency_ms": 38.558696234417766,
    "p50_latency_ms": 35.474000535664345,
    "p95_latency_ms": 44.34250066958043,
    "p99_latency_ms": 48.19837029302221,
    "throughput_rps": 207.47589470774543,
    "hit_rate": 0.96875,
    "wasted_compute_ratio": 1.0,
    "reuse_attempts": 62,
    "reuse_successes": 62,
    "store_attempts": 32,
    "store_successes": 62,
    "requests_seen": 64,
    "reused_prefix_tokens_total": 13640,
    "recompute_tokens_total": -2988
  }
}