{
  "shadow_kv_plus_lite": {
    "mean_latency_ms": 62.69056101107187,
    "p50_latency_ms": 57.675316130186125,
    "p95_latency_ms": 72.09414516273264,
    "p99_latency_ms": 78.36320126383984,
    "throughput_rps": 127.61091735304632,
    "hit_rate": 0.6,
    "wasted_compute_ratio": 0.0,
    "reuse_attempts": 32,
    "reuse_successes": 19,
    "store_attempts": 32,
    "store_successes": 19,
    "requests_seen": 64,
    "reused_prefix_tokens_total": 8448,
    "recompute_tokens_total": 2204
  }
}