{
  "no_cache": {
    "mean_latency_ms": 16.382017625033996,
    "p50_latency_ms": 15.071456215031276,
    "p95_latency_ms": 18.839320268789095,
    "p99_latency_ms": 20.477522031292494,
    "throughput_rps": 488.34033652697883,
    "hit_rate": 0.0,
    "wasted_compute_ratio": 0.0,
    "reuse_attempts": 0,
    "reuse_successes": 0,
    "store_attempts": 32,
    "store_successes": 0,
    "requests_seen": 64,
    "reused_prefix_tokens_total": 0,
    "recompute_tokens_total": 10652
  }
}