{
  "no_cache": {
    "mean_latency_ms": 75.93431937499417,
    "p50_latency_ms": 69.85957382499464,
    "p95_latency_ms": 87.3244672812433,
    "p99_latency_ms": 94.91789921874272,
    "throughput_rps": 105.35420697580479,
    "hit_rate": 0.0,
    "wasted_compute_ratio": 0.0,
    "reuse_attempts": 0,
    "reuse_successes": 0,
    "store_attempts": 32,
    "store_successes": 0,
    "requests_seen": 64,
    "reused_prefix_tokens_total": 0,
    "recompute_tokens_total": 10652
  }
}