{
  "strict_reactive_prefix_cache": {
    "mean_latency_ms": 14.117297968796708,
    "p50_latency_ms": 12.987914131292971,
    "p95_latency_ms": 16.234892664116213,
    "p99_latency_ms": 17.646622460995886,
    "throughput_rps": 566.6806790989539,
    "hit_rate": 0.35,
    "wasted_compute_ratio": 0.0,
    "reuse_attempts": 32,
    "reuse_successes": 11,
    "store_attempts": 32,
    "store_successes": 11,
    "requests_seen": 64,
    "reused_prefix_tokens_total": 4928,
    "recompute_tokens_total": 5724
  }
}