{
  "shadow_kv_plus": {
    "mean_latency_ms": 21.553793312488523,
    "p50_latency_ms": 19.82948984748944,
    "p95_latency_ms": 24.786862309361798,
    "p99_latency_ms": 26.942241640610654,
    "throughput_rps": 371.16436462089973,
    "hit_rate": 0.984375,
    "wasted_compute_ratio": 0.0,
    "reuse_attempts": 63,
    "reuse_successes": 63,
    "store_attempts": 32,
    "store_successes": 63,
    "requests_seen": 64,
    "reused_prefix_tokens_total": 13860,
    "recompute_tokens_total": -3208
  }
}