{
  "shadow_kv_plus": {
    "mean_latency_ms": 16.14873621880264,
    "p50_latency_ms": 14.856837321298428,
    "p95_latency_ms": 18.571046651623035,
    "p99_latency_ms": 20.1859202735033,
    "throughput_rps": 495.3948031354472,
    "hit_rate": 0.984375,
    "wasted_compute_ratio": 0.0,
    "reuse_attempts": 63,
    "reuse_successes": 63,
    "store_attempts": 32,
    "store_successes": 63,
    "requests_seen": 64,
    "reused_prefix_tokens_total": 13860,
    "recompute_tokens_total": -3208
  }
}