{
  "shadow_kv_plus": {
    "mean_latency_ms": 66.61527190627226,
    "p50_latency_ms": 61.286050153770475,
    "p95_latency_ms": 76.6075626922131,
    "p99_latency_ms": 83.26908988284032,
    "throughput_rps": 120.09258194211091,
    "hit_rate": 0.0,
    "wasted_compute_ratio": 0.0,
    "reuse_attempts": 0,
    "reuse_successes": 0,
    "store_attempts": 32,
    "store_successes": 0,
    "requests_seen": 64,
    "reused_prefix_tokens_total": 0,
    "recompute_tokens_total": 10652
  }
}