{
  "no_cache": {
    "mean_latency_ms": 21.961205546823237,
    "p50_latency_ms": 20.204309103077378,
    "p95_latency_ms": 25.25538637884672,
    "p99_latency_ms": 27.451506933529046,
    "throughput_rps": 364.27872700081474,
    "hit_rate": 0.0,
    "wasted_compute_ratio": 0.0,
    "reuse_attempts": 0,
    "reuse_successes": 0,
    "store_attempts": 32,
    "store_successes": 0,
    "requests_seen": 64,
    "reused_prefix_tokens_total": 0,
    "recompute_tokens_total": 10652
  }
}