{
  "reactive_prefix_cache": {
    "mean_latency_ms": 22.23065375004138,
    "p50_latency_ms": 20.45220145003807,
    "p95_latency_ms": 25.565251812547586,
    "p99_latency_ms": 27.788317187551726,
    "throughput_rps": 359.8634610547658,
    "hit_rate": 0.0,
    "wasted_compute_ratio": 0.108,
    "reuse_attempts": 32,
    "reuse_successes": 0,
    "store_attempts": 32,
    "store_successes": 0,
    "requests_seen": 64,
    "reused_prefix_tokens_total": 0,
    "recompute_tokens_total": 10652
  }
}