{
  "reactive_prefix_cache": {
    "mean_latency_ms": 70.75359256027978,
    "p50_latency_ms": 65.0933051554574,
    "p95_latency_ms": 81.36663144432174,
    "p99_latency_ms": 88.44199070034973,
    "throughput_rps": 113.06846352973889,
    "hit_rate": 0.35,
    "wasted_compute_ratio": 0.003,
    "reuse_attempts": 32,
    "reuse_successes": 11,
    "store_attempts": 32,
    "store_successes": 11,
    "requests_seen": 64,
    "reused_prefix_tokens_total": 4928,
    "recompute_tokens_total": 5724
  }
}