{
  "no_cache": {
    "mean_latency_ms": 162.7340347967845,
    "p50_latency_ms": 149.71531201304174,
    "p95_latency_ms": 187.14414001630215,
    "p99_latency_ms": 203.41754349598062,
    "throughput_rps": 49.15996834952238,
    "hit_rate": 0.0,
    "wasted_compute_ratio": 0.0,
    "reuse_attempts": 0,
    "reuse_successes": 0,
    "store_attempts": 32,
    "store_successes": 0,
    "requests_seen": 64,
    "reused_prefix_tokens_total": 0,
    "recompute_tokens_total": 10652
  }
}