{
  "greedy_prefix_cache": {
    "mean_latency_ms": 73.9208233835663,
    "p50_latency_ms": 68.007157512881,
    "p95_latency_ms": 85.00894689110125,
    "p99_latency_ms": 92.40102922945788,
    "throughput_rps": 108.22390273561967,
    "hit_rate": 0.0,
    "wasted_compute_ratio": 0.0,
    "reuse_attempts": 32,
    "reuse_successes": 0,
    "store_attempts": 32,
    "store_successes": 0,
    "requests_seen": 64,
    "reused_prefix_tokens_total": 0,
    "recompute_tokens_total": 10652
  }
}