{
  "greedy_prefix_cache": {
    "mean_latency_ms": 20.010381555680546,
    "p50_latency_ms": 18.4095510312261,
    "p95_latency_ms": 23.011938789032627,
    "p99_latency_ms": 25.01297694460068,
    "throughput_rps": 399.792476607172,
    "hit_rate": 0.6,
    "wasted_compute_ratio": 0.0,
    "reuse_attempts": 32,
    "reuse_successes": 19,
    "store_attempts": 32,
    "store_successes": 19,
    "requests_seen": 64,
    "reused_prefix_tokens_total": 8448,
    "recompute_tokens_total": 2204
  }
}