{
  "no_cache": {
    "mean_latency_ms": 21.013771437523587,
    "p50_latency_ms": 19.3326697225217,
    "p95_latency_ms": 24.165837153152122,
    "p99_latency_ms": 26.267214296904484,
    "throughput_rps": 380.7027226780752,
    "hit_rate": 0.0,
    "wasted_compute_ratio": 0.0,
    "reuse_attempts": 0,
    "reuse_successes": 0,
    "store_attempts": 32,
    "store_successes": 0,
    "requests_seen": 64,
    "reused_prefix_tokens_total": 0,
    "recompute_tokens_total": 10652
  }
}