{
  "greedy_prefix_cache": {
    "mean_latency_ms": 60.41798063569487,
    "p50_latency_ms": 55.58454218483928,
    "p95_latency_ms": 69.4806777310491,
    "p99_latency_ms": 75.52247579461859,
    "throughput_rps": 132.41091337093795,
    "hit_rate": 0.35,
    "wasted_compute_ratio": 0.0,
    "reuse_attempts": 32,
    "reuse_successes": 11,
    "store_attempts": 32,
    "store_successes": 11,
    "requests_seen": 64,
    "reused_prefix_tokens_total": 4928,
    "recompute_tokens_total": 5724
  }
}