{
  "greedy_prefix_cache": {
    "mean_latency_ms": 71.63936346562026,
    "p50_latency_ms": 65.90821438837065,
    "p95_latency_ms": 82.3852679854633,
    "p99_latency_ms": 89.54920433202533,
    "throughput_rps": 111.67045061531292,
    "hit_rate": 0.35,
    "wasted_compute_ratio": 0.0,
    "reuse_attempts": 32,
    "reuse_successes": 11,
    "store_attempts": 32,
    "store_successes": 11,
    "requests_seen": 64,
    "reused_prefix_tokens_total": 4928,
    "recompute_tokens_total": 5724
  }
}