{
  "shadow_kv_plus_lite": {
    "mean_latency_ms": 138.74489230470743,
    "p50_latency_ms": 127.64530092033084,
    "p95_latency_ms": 159.55662615041354,
    "p99_latency_ms": 173.4311153808843,
    "throughput_rps": 57.659780242076486,
    "hit_rate": 0.0,
    "wasted_compute_ratio": 0.0,
    "reuse_attempts": 32,
    "reuse_successes": 0,
    "store_attempts": 32,
    "store_successes": 0,
    "requests_seen": 64,
    "reused_prefix_tokens_total": 0,
    "recompute_tokens_total": 10652
  }
}