{
  "shadow_kv_plus": {
    "mean_latency_ms": 62.26316145304622,
    "p50_latency_ms": 57.282108536802525,
    "p95_latency_ms": 71.60263567100316,
    "p99_latency_ms": 77.82895181630778,
    "throughput_rps": 128.48689037470325,
    "hit_rate": 0.967741935483871,
    "wasted_compute_ratio": 0.0,
    "reuse_attempts": 60,
    "reuse_successes": 62,
    "store_attempts": 32,
    "store_successes": 62,
    "requests_seen": 64,
    "reused_prefix_tokens_total": 13625,
    "recompute_tokens_total": -2973
  }
}