{
  "shadow_kv_plus_lite": {
    "mean_latency_ms": 24.44294252637678,
    "p50_latency_ms": 22.48750712426664,
    "p95_latency_ms": 28.109383905333292,
    "p99_latency_ms": 30.553678157970975,
    "throughput_rps": 327.29283683284325,
    "hit_rate": 0.35,
    "wasted_compute_ratio": 0.0,
    "reuse_attempts": 32,
    "reuse_successes": 11,
    "store_attempts": 32,
    "store_successes": 11,
    "requests_seen": 64,
    "reused_prefix_tokens_total": 4928,
    "recompute_tokens_total": 5724
  }
}