{
  "no_cache": {
    "mean_latency_ms": 303.9774372188049,
    "p50_latency_ms": 279.6592422413005,
    "p95_latency_ms": 349.5740528016256,
    "p99_latency_ms": 379.9717965235061,
    "throughput_rps": 26.317742767998762,
    "hit_rate": 0.0,
    "wasted_compute_ratio": 0.0,
    "reuse_attempts": 0,
    "reuse_successes": 0,
    "store_attempts": 32,
    "store_successes": 0,
    "requests_seen": 64,
    "reused_prefix_tokens_total": 0,
    "recompute_tokens_total": 10652
  }
}