{
  "shadow_kv": {
    "mean_latency_ms": 23.253578109347472,
    "p50_latency_ms": 21.393291860599675,
    "p95_latency_ms": 26.74161482574959,
    "p99_latency_ms": 29.06697263668434,
    "throughput_rps": 344.0330757864812,
    "hit_rate": 0.96875,
    "wasted_compute_ratio": 0.0,
    "reuse_attempts": 62,
    "reuse_successes": 62,
    "store_attempts": 32,
    "store_successes": 62,
    "requests_seen": 64,
    "reused_prefix_tokens_total": 13640,
    "recompute_tokens_total": -2988
  }
}