{
  "shadow_kv": {
    "mean_latency_ms": 23.42263467188843,
    "p50_latency_ms": 21.548823898137357,
    "p95_latency_ms": 26.936029872671693,
    "p99_latency_ms": 29.27829333986054,
    "throughput_rps": 341.54996276322004,
    "hit_rate": 0.96875,
    "wasted_compute_ratio": 0.0,
    "reuse_attempts": 62,
    "reuse_successes": 62,
    "store_attempts": 32,
    "store_successes": 62,
    "requests_seen": 64,
    "reused_prefix_tokens_total": 13640,
    "recompute_tokens_total": -2988
  }
}