{
  "no_cache": {
    "mean_latency_ms": 21.469004296839955,
    "p50_latency_ms": 19.75148395309276,
    "p95_latency_ms": 24.689354941365945,
    "p99_latency_ms": 26.836255371049944,
    "throughput_rps": 372.63022958067637,
    "hit_rate": 0.0,
    "wasted_compute_ratio": 0.0,
    "reuse_attempts": 0,
    "reuse_successes": 0,
    "store_attempts": 32,
    "store_successes": 0,
    "requests_seen": 64,
    "reused_prefix_tokens_total": 0,
    "recompute_tokens_total": 10652
  }
}