{
  "reactive_prefix_cache": {
    "mean_latency_ms": 15.117270632115552,
    "p50_latency_ms": 13.907888981546309,
    "p95_latency_ms": 17.384861226932884,
    "p99_latency_ms": 18.89658829014444,
    "throughput_rps": 529.1960562645863,
    "hit_rate": 0.35,
    "wasted_compute_ratio": 0.003,
    "reuse_attempts": 32,
    "reuse_successes": 11,
    "store_attempts": 32,
    "store_successes": 11,
    "requests_seen": 64,
    "reused_prefix_tokens_total": 4928,
    "recompute_tokens_total": 5724
  }
}