{
  "greedy_prefix_cache": {
    "mean_latency_ms": 69.95860837420923,
    "p50_latency_ms": 64.3619197042725,
    "p95_latency_ms": 80.45239963034061,
    "p99_latency_ms": 87.44826046776154,
    "throughput_rps": 114.35333243348592,
    "hit_rate": 0.35,
    "wasted_compute_ratio": 0.0,
    "reuse_attempts": 32,
    "reuse_successes": 11,
    "store_attempts": 32,
    "store_successes": 11,
    "requests_seen": 64,
    "reused_prefix_tokens_total": 4928,
    "recompute_tokens_total": 5724
  }
}