{
  "shadow_kv": {
    "mean_latency_ms": 81.30217946873586,
    "p50_latency_ms": 74.79800511123699,
    "p95_latency_ms": 93.49750638904622,
    "p99_latency_ms": 101.62772433591982,
    "throughput_rps": 98.39834617319626,
    "hit_rate": 0.984375,
    "wasted_compute_ratio": 0.0,
    "reuse_attempts": 63,
    "reuse_successes": 63,
    "store_attempts": 32,
    "store_successes": 63,
    "requests_seen": 64,
    "reused_prefix_tokens_total": 13860,
    "recompute_tokens_total": -3208
  }
}