{
  "shadow_kv_plus": {
    "mean_latency_ms": 134.51881853129066,
    "p50_latency_ms": 123.75731304878741,
    "p95_latency_ms": 154.69664131098426,
    "p99_latency_ms": 168.14852316411333,
    "throughput_rps": 59.47123300179079,
    "hit_rate": 0.984375,
    "wasted_compute_ratio": 0.0,
    "reuse_attempts": 63,
    "reuse_successes": 63,
    "store_attempts": 32,
    "store_successes": 63,
    "requests_seen": 64,
    "reused_prefix_tokens_total": 13860,
    "recompute_tokens_total": -3208
  }
}