{
  "shadow_kv": {
    "mean_latency_ms": 37.65454290618209,
    "p50_latency_ms": 34.64217947368752,
    "p95_latency_ms": 43.3027243421094,
    "p99_latency_ms": 47.06817863272761,
    "throughput_rps": 212.45776425788367,
    "hit_rate": 0.0,
    "wasted_compute_ratio": 0.0,
    "reuse_attempts": 61,
    "reuse_successes": 0,
    "store_attempts": 32,
    "store_successes": 0,
    "requests_seen": 64,
    "reused_prefix_tokens_total": 0,
    "recompute_tokens_total": 10652
  }
}