{
  "shadow_kv": {
    "mean_latency_ms": 71.22631962501202,
    "p50_latency_ms": 65.52821405501106,
    "p95_latency_ms": 81.91026756876383,
    "p99_latency_ms": 89.03289953126503,
    "throughput_rps": 112.31803134175557,
    "hit_rate": 0.984375,
    "wasted_compute_ratio": 0.0,
    "reuse_attempts": 63,
    "reuse_successes": 63,
    "store_attempts": 32,
    "store_successes": 63,
    "requests_seen": 64,
    "reused_prefix_tokens_total": 13860,
    "recompute_tokens_total": -3208
  }
}