{
  "no_cache": {
    "mean_latency_ms": 34.73197320312238,
    "p50_latency_ms": 31.95341534687259,
    "p95_latency_ms": 39.941769183590736,
    "p99_latency_ms": 43.414966503902974,
    "throughput_rps": 230.33531533649824,
    "hit_rate": 0.0,
    "wasted_compute_ratio": 0.0,
    "reuse_attempts": 0,
    "reuse_successes": 0,
    "store_attempts": 32,
    "store_successes": 0,
    "requests_seen": 64,
    "reused_prefix_tokens_total": 0,
    "recompute_tokens_total": 10652
  }
}