{
  "strict_reactive_prefix_cache": {
    "mean_latency_ms": 176.28909731653067,
    "p50_latency_ms": 162.18596953120823,
    "p95_latency_ms": 202.73246191401026,
    "p99_latency_ms": 220.36137164566333,
    "throughput_rps": 45.38000433251886,
    "hit_rate": 0.6,
    "wasted_compute_ratio": 0.0,
    "reuse_attempts": 32,
    "reuse_successes": 19,
    "store_attempts": 32,
    "store_successes": 19,
    "requests_seen": 64,
    "reused_prefix_tokens_total": 8448,
    "recompute_tokens_total": 2204
  }
}