{
  "shadow_kv": {
    "mean_latency_ms": 74.99726045327293,
    "p50_latency_ms": 68.9974796170111,
    "p95_latency_ms": 86.24684952126387,
    "p99_latency_ms": 93.74657556659116,
    "throughput_rps": 106.67056305322517,
    "hit_rate": 0.96875,
    "wasted_compute_ratio": 0.0,
    "reuse_attempts": 62,
    "reuse_successes": 62,
    "store_attempts": 32,
    "store_successes": 62,
    "requests_seen": 64,
    "reused_prefix_tokens_total": 13640,
    "recompute_tokens_total": -2988
  }
}