{
  "shadow_kv_plus_lite": {
    "mean_latency_ms": 76.223757890439,
    "p50_latency_ms": 70.12585725920388,
    "p95_latency_ms": 87.65732157400485,
    "p99_latency_ms": 95.27969736304875,
    "throughput_rps": 104.95415368393253,
    "hit_rate": 0.0,
    "wasted_compute_ratio": 0.0,
    "reuse_attempts": 32,
    "reuse_successes": 0,
    "store_attempts": 32,
    "store_successes": 0,
    "requests_seen": 64,
    "reused_prefix_tokens_total": 0,
    "recompute_tokens_total": 10652
  }
}