{
  "shadow_kv_plus": {
    "mean_latency_ms": 54.46597245309448,
    "p50_latency_ms": 50.10869465684692,
    "p95_latency_ms": 62.635868321058645,
    "p99_latency_ms": 68.0824655663681,
    "throughput_rps": 146.880697060711,
    "hit_rate": 0.984375,
    "wasted_compute_ratio": 0.0,
    "reuse_attempts": 63,
    "reuse_successes": 63,
    "store_attempts": 32,
    "store_successes": 63,
    "requests_seen": 64,
    "reused_prefix_tokens_total": 13860,
    "recompute_tokens_total": -3208
  }
}