{
  "strict_reactive_prefix_cache": {
    "mean_latency_ms": 54.51366028222781,
    "p50_latency_ms": 50.15256745964959,
    "p95_latency_ms": 62.69070932456198,
    "p99_latency_ms": 68.14207535278476,
    "throughput_rps": 146.75220776925354,
    "hit_rate": 0.0,
    "wasted_compute_ratio": 0.035,
    "reuse_attempts": 32,
    "reuse_successes": 0,
    "store_attempts": 32,
    "store_successes": 0,
    "requests_seen": 64,
    "reused_prefix_tokens_total": 0,
    "recompute_tokens_total": 10652
  }
}