{
  "shadow_kv": {
    "mean_latency_ms": 54.5140967499691,
    "p50_latency_ms": 50.15296900997157,
    "p95_latency_ms": 62.691211262464456,
    "p99_latency_ms": 68.14262093746137,
    "throughput_rps": 146.75103279601774,
    "hit_rate": 0.984375,
    "wasted_compute_ratio": 0.0,
    "reuse_attempts": 63,
    "reuse_successes": 63,
    "store_attempts": 32,
    "store_successes": 63,
    "requests_seen": 64,
    "reused_prefix_tokens_total": 13860,
    "recompute_tokens_total": -3208
  }
}