{
  "shadow_kv": {
    "mean_latency_ms": 17.90739131254071,
    "p50_latency_ms": 16.474800007537453,
    "p95_latency_ms": 20.593500009421817,
    "p99_latency_ms": 22.384239140675888,
    "throughput_rps": 446.74290411007695,
    "hit_rate": 0.890625,
    "wasted_compute_ratio": 0.0,
    "reuse_attempts": 57,
    "reuse_successes": 57,
    "store_attempts": 32,
    "store_successes": 57,
    "requests_seen": 64,
    "reused_prefix_tokens_total": 12540,
    "recompute_tokens_total": -1888
  }
}