{
  "shadow_kv_plus_lite": {
    "mean_latency_ms": 29.926608933742635,
    "p50_latency_ms": 27.532480219043226,
    "p95_latency_ms": 34.415600273804024,
    "p99_latency_ms": 37.408261167178296,
    "throughput_rps": 267.32063153937554,
    "hit_rate": 0.6,
    "wasted_compute_ratio": 0.0,
    "reuse_attempts": 32,
    "reuse_successes": 19,
    "store_attempts": 32,
    "store_successes": 19,
    "requests_seen": 64,
    "reused_prefix_tokens_total": 8448,
    "recompute_tokens_total": 2204
  }
}