{
  "reactive_prefix_cache": {
    "mean_latency_ms": 307.8461353469998,
    "p50_latency_ms": 283.2184445192398,
    "p95_latency_ms": 354.02305564904975,
    "p99_latency_ms": 384.80766918374974,
    "throughput_rps": 25.98700805836823,
    "hit_rate": 0.0,
    "wasted_compute_ratio": 0.108,
    "reuse_attempts": 32,
    "reuse_successes": 0,
    "store_attempts": 32,
    "store_successes": 0,
    "requests_seen": 64,
    "reused_prefix_tokens_total": 0,
    "recompute_tokens_total": 10652
  }
}