{
  "shadow_kv": {
    "mean_latency_ms": 59.36389540627829,
    "p50_latency_ms": 54.614783773776026,
    "p95_latency_ms": 68.26847971722003,
    "p99_latency_ms": 74.20486925784786,
    "throughput_rps": 134.76204594137744,
    "hit_rate": 0.921875,
    "wasted_compute_ratio": 0.0,
    "reuse_attempts": 59,
    "reuse_successes": 59,
    "store_attempts": 32,
    "store_successes": 59,
    "requests_seen": 64,
    "reused_prefix_tokens_total": 12980,
    "recompute_tokens_total": -2328
  }
}