{
  "shadow_kv_plus": {
    "mean_latency_ms": 85.95989168745177,
    "p50_latency_ms": 79.08310035245563,
    "p95_latency_ms": 98.85387544056952,
    "p99_latency_ms": 107.44986460931472,
    "throughput_rps": 93.06665984512661,
    "hit_rate": 0.0,
    "wasted_compute_ratio": 0.0,
    "reuse_attempts": 0,
    "reuse_successes": 0,
    "store_attempts": 32,
    "store_successes": 0,
    "requests_seen": 64,
    "reused_prefix_tokens_total": 0,
    "recompute_tokens_total": 10652
  }
}