{
  "no_cache": {
    "mean_latency_ms": 20.86504249997745,
    "p50_latency_ms": 19.195839099979253,
    "p95_latency_ms": 23.994798874974062,
    "p99_latency_ms": 26.08130312497181,
    "throughput_rps": 383.41642486511336,
    "hit_rate": 0.0,
    "wasted_compute_ratio": 0.0,
    "reuse_attempts": 0,
    "reuse_successes": 0,
    "store_attempts": 32,
    "store_successes": 0,
    "requests_seen": 64,
    "reused_prefix_tokens_total": 0,
    "recompute_tokens_total": 10652
  }
}