{
  "shadow_kv_plus": {
    "mean_latency_ms": 130.84330170313763,
    "p50_latency_ms": 120.37583756688662,
    "p95_latency_ms": 150.46979695860827,
    "p99_latency_ms": 163.55412712892203,
    "throughput_rps": 61.14183833537548,
    "hit_rate": 0.0,
    "wasted_compute_ratio": 0.0,
    "reuse_attempts": 60,
    "reuse_successes": 0,
    "store_attempts": 32,
    "store_successes": 0,
    "requests_seen": 64,
    "reused_prefix_tokens_total": 0,
    "recompute_tokens_total": 10652
  }
}