{
  "reactive_prefix_cache": {
    "mean_latency_ms": 136.58822895845583,
    "p50_latency_ms": 125.66117064177936,
    "p95_latency_ms": 157.0764633022242,
    "p99_latency_ms": 170.7352861980698,
    "throughput_rps": 58.57020082186768,
    "hit_rate": 0.0,
    "wasted_compute_ratio": 0.108,
    "reuse_attempts": 32,
    "reuse_successes": 0,
    "store_attempts": 32,
    "store_successes": 0,
    "requests_seen": 64,
    "reused_prefix_tokens_total": 0,
    "recompute_tokens_total": 10652
  }
}