{
  "no_cache": {
    "mean_latency_ms": 16.164296546872237,
    "p50_latency_ms": 14.871152823122458,
    "p95_latency_ms": 18.588941028903072,
    "p99_latency_ms": 20.205370683590296,
    "throughput_rps": 494.91791843846033,
    "hit_rate": 0.0,
    "wasted_compute_ratio": 0.0,
    "reuse_attempts": 0,
    "reuse_successes": 0,
    "store_attempts": 32,
    "store_successes": 0,
    "requests_seen": 64,
    "reused_prefix_tokens_total": 0,
    "recompute_tokens_total": 10652
  }
}