{
  "no_cache": {
    "mean_latency_ms": 330.9083090312299,
    "p50_latency_ms": 304.4356443087315,
    "p95_latency_ms": 380.54455538591435,
    "p99_latency_ms": 413.6353862890374,
    "throughput_rps": 24.175881299024706,
    "hit_rate": 0.0,
    "wasted_compute_ratio": 0.0,
    "reuse_attempts": 0,
    "reuse_successes": 0,
    "store_attempts": 32,
    "store_successes": 0,
    "requests_seen": 64,
    "reused_prefix_tokens_total": 0,
    "recompute_tokens_total": 10652
  }
}