{
  "shadow_kv_plus": {
    "mean_latency_ms": 16.2112567656294,
    "p50_latency_ms": 14.914356224379048,
    "p95_latency_ms": 18.64294528047381,
    "p99_latency_ms": 20.26407095703675,
    "throughput_rps": 493.48425699859064,
    "hit_rate": 0.0,
    "wasted_compute_ratio": 0.0,
    "reuse_attempts": 0,
    "reuse_successes": 0,
    "store_attempts": 32,
    "store_successes": 0,
    "requests_seen": 64,
    "reused_prefix_tokens_total": 0,
    "recompute_tokens_total": 10652
  }
}