{
  "reactive_prefix_cache": {
    "mean_latency_ms": 19.48640669385523,
    "p50_latency_ms": 17.92749415834681,
    "p95_latency_ms": 22.40936769793351,
    "p99_latency_ms": 24.358008367319037,
    "throughput_rps": 410.54259647175945,
    "hit_rate": 0.35,
    "wasted_compute_ratio": 0.003,
    "reuse_attempts": 32,
    "reuse_successes": 11,
    "store_attempts": 32,
    "store_successes": 11,
    "requests_seen": 64,
    "reused_prefix_tokens_total": 4928,
    "recompute_tokens_total": 5724
  }
}