{
  "no_cache": {
    "mean_latency_ms": 33.11315593751374,
    "p50_latency_ms": 30.46410346251264,
    "p95_latency_ms": 38.0801293281408,
    "p99_latency_ms": 41.39144492189217,
    "throughput_rps": 241.59581814238484,
    "hit_rate": 0.0,
    "wasted_compute_ratio": 0.0,
    "reuse_attempts": 0,
    "reuse_successes": 0,
    "store_attempts": 32,
    "store_successes": 0,
    "requests_seen": 64,
    "reused_prefix_tokens_total": 0,
    "recompute_tokens_total": 10652
  }
}