{
  "shadow_kv_plus": {
    "mean_latency_ms": 18.084678624944672,
    "p50_latency_ms": 16.6379043349491,
    "p95_latency_ms": 20.797380418686373,
    "p99_latency_ms": 22.60584828118084,
    "throughput_rps": 442.36340417824124,
    "hit_rate": 0.0,
    "wasted_compute_ratio": 0.0,
    "reuse_attempts": 0,
    "reuse_successes": 0,
    "store_attempts": 32,
    "store_successes": 0,
    "requests_seen": 64,
    "reused_prefix_tokens_total": 0,
    "recompute_tokens_total": 10652
  }
}