{
  "shadow_kv_plus": {
    "mean_latency_ms": 105.46249854689904,
    "p50_latency_ms": 97.02549866314712,
    "p95_latency_ms": 121.28187332893388,
    "p99_latency_ms": 131.8281231836238,
    "throughput_rps": 75.85634808796428,
    "hit_rate": 0.984375,
    "wasted_compute_ratio": 0.0,
    "reuse_attempts": 63,
    "reuse_successes": 63,
    "store_attempts": 32,
    "store_successes": 63,
    "requests_seen": 64,
    "reused_prefix_tokens_total": 13860,
    "recompute_tokens_total": -3208
  }
}