{
  "shadow_kv": {
    "mean_latency_ms": 62.22613382817599,
    "p50_latency_ms": 57.24804312192191,
    "p95_latency_ms": 71.56005390240239,
    "p99_latency_ms": 77.78266728521999,
    "throughput_rps": 128.56334642435394,
    "hit_rate": 0.90625,
    "wasted_compute_ratio": 0.0,
    "reuse_attempts": 58,
    "reuse_successes": 58,
    "store_attempts": 32,
    "store_successes": 58,
    "requests_seen": 64,
    "reused_prefix_tokens_total": 12760,
    "recompute_tokens_total": -2108
  }
}