{
  "greedy_prefix_cache": {
    "mean_latency_ms": 79.50038575789604,
    "p50_latency_ms": 73.14035489726436,
    "p95_latency_ms": 91.42544362158044,
    "p99_latency_ms": 99.37548219737005,
    "throughput_rps": 100.62844253816006,
    "hit_rate": 0.0,
    "wasted_compute_ratio": 0.0,
    "reuse_attempts": 32,
    "reuse_successes": 0,
    "store_attempts": 32,
    "store_successes": 0,
    "requests_seen": 64,
    "reused_prefix_tokens_total": 0,
    "recompute_tokens_total": 10652
  }
}