{
  "greedy_prefix_cache": {
    "mean_latency_ms": 88.22968678011901,
    "p50_latency_ms": 81.1713118377095,
    "p95_latency_ms": 101.46413979713685,
    "p99_latency_ms": 110.28710847514876,
    "throughput_rps": 90.67242888368337,
    "hit_rate": 0.35,
    "wasted_compute_ratio": 0.0,
    "reuse_attempts": 32,
    "reuse_successes": 11,
    "store_attempts": 32,
    "store_successes": 11,
    "requests_seen": 64,
    "reused_prefix_tokens_total": 4928,
    "recompute_tokens_total": 5724
  }
}