{
  "shadow_kv": {
    "mean_latency_ms": 237.3363556408492,
    "p50_latency_ms": 218.34944718958127,
    "p95_latency_ms": 272.9368089869766,
    "p99_latency_ms": 296.6704445510615,
    "throughput_rps": 33.707435923159,
    "hit_rate": 0.90625,
    "wasted_compute_ratio": 0.0,
    "reuse_attempts": 58,
    "reuse_successes": 58,
    "store_attempts": 32,
    "store_successes": 58,
    "requests_seen": 64,
    "reused_prefix_tokens_total": 12760,
    "recompute_tokens_total": -2108
  }
}