{
  "greedy_prefix_cache": {
    "mean_latency_ms": 66.55178560385933,
    "p50_latency_ms": 61.22764275555058,
    "p95_latency_ms": 76.53455344443822,
    "p99_latency_ms": 83.18973200482417,
    "throughput_rps": 120.20714286494037,
    "hit_rate": 0.35,
    "wasted_compute_ratio": 0.0,
    "reuse_attempts": 32,
    "reuse_successes": 11,
    "store_attempts": 32,
    "store_successes": 11,
    "requests_seen": 64,
    "reused_prefix_tokens_total": 4928,
    "recompute_tokens_total": 5724
  }
}