{
  "reactive_prefix_cache": {
    "mean_latency_ms": 24.933812819647663,
    "p50_latency_ms": 22.939107794075852,
    "p95_latency_ms": 28.67388474259481,
    "p99_latency_ms": 31.16726602455958,
    "throughput_rps": 320.8494448027643,
    "hit_rate": 0.6,
    "wasted_compute_ratio": 0.0,
    "reuse_attempts": 32,
    "reuse_successes": 19,
    "store_attempts": 32,
    "store_successes": 19,
    "requests_seen": 64,
    "reused_prefix_tokens_total": 8448,
    "recompute_tokens_total": 2204
  }
}