{
  "shadow_kv_plus_lite": {
    "mean_latency_ms": 121.46072458996571,
    "p50_latency_ms": 111.74386662276845,
    "p95_latency_ms": 139.67983327846056,
    "p99_latency_ms": 151.82590573745713,
    "throughput_rps": 65.86491252219079,
    "hit_rate": 0.0,
    "wasted_compute_ratio": 0.0,
    "reuse_attempts": 32,
    "reuse_successes": 0,
    "store_attempts": 32,
    "store_successes": 0,
    "requests_seen": 64,
    "reused_prefix_tokens_total": 0,
    "recompute_tokens_total": 10652
  }
}