{
  "shadow_kv": {
    "mean_latency_ms": 19.769111437465625,
    "p50_latency_ms": 18.187582522468375,
    "p95_latency_ms": 22.73447815308547,
    "p99_latency_ms": 24.71138929683203,
    "throughput_rps": 404.6717033947576,
    "hit_rate": 0.0,
    "wasted_compute_ratio": 0.0,
    "reuse_attempts": 62,
    "reuse_successes": 0,
    "store_attempts": 32,
    "store_successes": 0,
    "requests_seen": 64,
    "reused_prefix_tokens_total": 0,
    "recompute_tokens_total": 10652
  }
}