{
  "shadow_kv_plus": {
    "mean_latency_ms": 302.09009868744374,
    "p50_latency_ms": 277.92289079244824,
    "p95_latency_ms": 347.4036134905603,
    "p99_latency_ms": 377.6126233593047,
    "throughput_rps": 26.48216553524704,
    "hit_rate": 0.0,
    "wasted_compute_ratio": 0.0,
    "reuse_attempts": 60,
    "reuse_successes": 0,
    "store_attempts": 32,
    "store_successes": 0,
    "requests_seen": 64,
    "reused_prefix_tokens_total": 0,
    "recompute_tokens_total": 10652
  }
}