{
  "no_cache": {
    "mean_latency_ms": 166.89304917187542,
    "p50_latency_ms": 153.54160523812538,
    "p95_latency_ms": 191.9270065476567,
    "p99_latency_ms": 208.61631146484427,
    "throughput_rps": 47.9348902767135,
    "hit_rate": 0.0,
    "wasted_compute_ratio": 0.0,
    "reuse_attempts": 0,
    "reuse_successes": 0,
    "store_attempts": 32,
    "store_successes": 0,
    "requests_seen": 64,
    "reused_prefix_tokens_total": 0,
    "recompute_tokens_total": 10652
  }
}