{
  "shadow_kv_plus": {
    "mean_latency_ms": 74.13686028114341,
    "p50_latency_ms": 68.20591145865194,
    "p95_latency_ms": 85.25738932331492,
    "p99_latency_ms": 92.67107535142927,
    "throughput_rps": 107.90853523688791,
    "hit_rate": 0.984375,
    "wasted_compute_ratio": 0.0,
    "reuse_attempts": 63,
    "reuse_successes": 63,
    "store_attempts": 32,
    "store_successes": 63,
    "requests_seen": 64,
    "reused_prefix_tokens_total": 13860,
    "recompute_tokens_total": -3208
  }
}