{
  "no_cache": {
    "mean_latency_ms": 19.031010437466023,
    "p50_latency_ms": 17.50852960246874,
    "p95_latency_ms": 21.885662003085926,
    "p99_latency_ms": 23.78876304683253,
    "throughput_rps": 420.3665394587004,
    "hit_rate": 0.0,
    "wasted_compute_ratio": 0.0,
    "reuse_attempts": 0,
    "reuse_successes": 0,
    "store_attempts": 32,
    "store_successes": 0,
    "requests_seen": 64,
    "reused_prefix_tokens_total": 0,
    "recompute_tokens_total": 10652
  }
}