{
  "no_cache": {
    "mean_latency_ms": 59.22928204689981,
    "p50_latency_ms": 54.49093948314783,
    "p95_latency_ms": 68.11367435393478,
    "p99_latency_ms": 74.03660255862476,
    "throughput_rps": 135.06832640087248,
    "hit_rate": 0.0,
    "wasted_compute_ratio": 0.0,
    "reuse_attempts": 0,
    "reuse_successes": 0,
    "store_attempts": 32,
    "store_successes": 0,
    "requests_seen": 64,
    "reused_prefix_tokens_total": 0,
    "recompute_tokens_total": 10652
  }
}