{
  "no_cache": {
    "mean_latency_ms": 15.852948140654632,
    "p50_latency_ms": 14.584712289402262,
    "p95_latency_ms": 18.230890361752827,
    "p99_latency_ms": 19.81618517581829,
    "throughput_rps": 504.6379972368753,
    "hit_rate": 0.0,
    "wasted_compute_ratio": 0.0,
    "reuse_attempts": 0,
    "reuse_successes": 0,
    "store_attempts": 32,
    "store_successes": 0,
    "requests_seen": 64,
    "reused_prefix_tokens_total": 0,
    "recompute_tokens_total": 10652
  }
}