{
  "shadow_kv_plus_lite": {
    "mean_latency_ms": 138.4790997178013,
    "p50_latency_ms": 127.4007717403772,
    "p95_latency_ms": 159.25096467547147,
    "p99_latency_ms": 173.09887464725162,
    "throughput_rps": 57.77045067669234,
    "hit_rate": 0.35,
    "wasted_compute_ratio": 0.0,
    "reuse_attempts": 32,
    "reuse_successes": 11,
    "store_attempts": 32,
    "store_successes": 11,
    "requests_seen": 64,
    "reused_prefix_tokens_total": 4928,
    "recompute_tokens_total": 5724
  }
}