{
  "shadow_kv_plus": {
    "mean_latency_ms": 132.53756449982745,
    "p50_latency_ms": 121.93455933984126,
    "p95_latency_ms": 152.41819917480157,
    "p99_latency_ms": 165.67195562478432,
    "throughput_rps": 60.36024601923642,
    "hit_rate": 0.0,
    "wasted_compute_ratio": 0.0,
    "reuse_attempts": 60,
    "reuse_successes": 0,
    "store_attempts": 32,
    "store_successes": 0,
    "requests_seen": 64,
    "reused_prefix_tokens_total": 0,
    "recompute_tokens_total": 10652
  }
}