{
  "shadow_kv_plus_lite": {
    "mean_latency_ms": 107.4498646093147,
    "p50_latency_ms": 98.85387544056952,
    "p95_latency_ms": 123.5673443007119,
    "p99_latency_ms": 134.31233076164338,
    "throughput_rps": 74.4533278761013,
    "hit_rate": 0.0,
    "wasted_compute_ratio": 0.0,
    "reuse_attempts": 32,
    "reuse_successes": 0,
    "store_attempts": 32,
    "store_successes": 0,
    "requests_seen": 64,
    "reused_prefix_tokens_total": 0,
    "recompute_tokens_total": 10652
  }
}