{
  "reactive_prefix_cache": {
    "mean_latency_ms": 44.7351991121407,
    "p50_latency_ms": 41.156383183169446,
    "p95_latency_ms": 51.4454789789618,
    "p99_latency_ms": 55.91899889017587,
    "throughput_rps": 178.830097077379,
    "hit_rate": 0.6,
    "wasted_compute_ratio": 0.0,
    "reuse_attempts": 32,
    "reuse_successes": 19,
    "store_attempts": 32,
    "store_successes": 19,
    "requests_seen": 64,
    "reused_prefix_tokens_total": 8448,
    "recompute_tokens_total": 2204
  }
}