{
  "reactive_prefix_cache": {
    "mean_latency_ms": 116.58153265265982,
    "p50_latency_ms": 107.25501004044703,
    "p95_latency_ms": 134.06876255055877,
    "p99_latency_ms": 145.72691581582478,
    "throughput_rps": 68.62150306288223,
    "hit_rate": 0.35,
    "wasted_compute_ratio": 0.003,
    "reuse_attempts": 32,
    "reuse_successes": 11,
    "store_attempts": 32,
    "store_successes": 11,
    "requests_seen": 64,
    "reused_prefix_tokens_total": 4928,
    "recompute_tokens_total": 5724
  }
}