{
  "no_cache": {
    "mean_latency_ms": 245.7579639217613,
    "p50_latency_ms": 226.0973268080204,
    "p95_latency_ms": 282.6216585100255,
    "p99_latency_ms": 307.1974549022016,
    "throughput_rps": 32.55235302383468,
    "hit_rate": 0.0,
    "wasted_compute_ratio": 0.0,
    "reuse_attempts": 0,
    "reuse_successes": 0,
    "store_attempts": 32,
    "store_successes": 0,
    "requests_seen": 64,
    "reused_prefix_tokens_total": 0,
    "recompute_tokens_total": 10652
  }
}