{
  "reactive_prefix_cache": {
    "mean_latency_ms": 124.56467299360504,
    "p50_latency_ms": 114.59949915411664,
    "p95_latency_ms": 143.24937394264578,
    "p99_latency_ms": 155.7058412420063,
    "throughput_rps": 64.22366637136925,
    "hit_rate": 0.35,
    "wasted_compute_ratio": 0.003,
    "reuse_attempts": 32,
    "reuse_successes": 11,
    "store_attempts": 32,
    "store_successes": 11,
    "requests_seen": 64,
    "reused_prefix_tokens_total": 4928,
    "recompute_tokens_total": 5724
  }
}