{
  "reactive_prefix_cache": {
    "mean_latency_ms": 61.57787636721873,
    "p50_latency_ms": 56.651646257841236,
    "p95_latency_ms": 70.81455782230154,
    "p99_latency_ms": 76.97234545902342,
    "throughput_rps": 129.9167894698434,
    "hit_rate": 0.35,
    "wasted_compute_ratio": 0.003,
    "reuse_attempts": 32,
    "reuse_successes": 11,
    "store_attempts": 32,
    "store_successes": 11,
    "requests_seen": 64,
    "reused_prefix_tokens_total": 4928,
    "recompute_tokens_total": 5724
  }
}