{
  "no_cache": {
    "mean_latency_ms": 82.90450007814343,
    "p50_latency_ms": 76.27214007189195,
    "p95_latency_ms": 95.34017508986493,
    "p99_latency_ms": 103.63062509767929,
    "throughput_rps": 96.49657126524407,
    "hit_rate": 0.0,
    "wasted_compute_ratio": 0.0,
    "reuse_attempts": 0,
    "reuse_successes": 0,
    "store_attempts": 32,
    "store_successes": 0,
    "requests_seen": 64,
    "reused_prefix_tokens_total": 0,
    "recompute_tokens_total": 10652
  }
}