{
  "shadow_kv_plus_lite": {
    "mean_latency_ms": 346.32690226537477,
    "p50_latency_ms": 318.6207500841448,
    "p95_latency_ms": 398.27593760518096,
    "p99_latency_ms": 432.9086278317185,
    "throughput_rps": 23.099562718549535,
    "hit_rate": 0.0,
    "wasted_compute_ratio": 0.0,
    "reuse_attempts": 32,
    "reuse_successes": 0,
    "store_attempts": 32,
    "store_successes": 0,
    "requests_seen": 64,
    "reused_prefix_tokens_total": 0,
    "recompute_tokens_total": 10652
  }
}