{
  "shadow_kv_plus_lite": {
    "mean_latency_ms": 103.90965837878241,
    "p50_latency_ms": 95.59688570847982,
    "p95_latency_ms": 119.49610713559976,
    "p99_latency_ms": 129.887072973478,
    "throughput_rps": 76.98995574441751,
    "hit_rate": 0.0,
    "wasted_compute_ratio": 0.0,
    "reuse_attempts": 32,
    "reuse_successes": 0,
    "store_attempts": 32,
    "store_successes": 0,
    "requests_seen": 64,
    "reused_prefix_tokens_total": 0,
    "recompute_tokens_total": 10652
  }
}