{
  "shadow_kv": {
    "mean_latency_ms": 71.98480085926917,
    "p50_latency_ms": 66.22601679052764,
    "p95_latency_ms": 82.78252098815955,
    "p99_latency_ms": 89.98100107408646,
    "throughput_rps": 111.13457152767653,
    "hit_rate": 0.921875,
    "wasted_compute_ratio": 0.0,
    "reuse_attempts": 59,
    "reuse_successes": 59,
    "store_attempts": 32,
    "store_successes": 59,
    "requests_seen": 64,
    "reused_prefix_tokens_total": 12980,
    "recompute_tokens_total": -2328
  }
}