{
  "reactive_prefix_cache": {
    "mean_latency_ms": 21.397480983711212,
    "p50_latency_ms": 19.685682505014316,
    "p95_latency_ms": 24.60710313126789,
    "p99_latency_ms": 26.746851229639013,
    "throughput_rps": 373.8757850089916,
    "hit_rate": 0.35,
    "wasted_compute_ratio": 0.003,
    "reuse_attempts": 32,
    "reuse_successes": 11,
    "store_attempts": 32,
    "store_successes": 11,
    "requests_seen": 64,
    "reused_prefix_tokens_total": 4928,
    "recompute_tokens_total": 5724
  }
}