{
  "shadow_kv_plus": {
    "mean_latency_ms": 20.393417671872527,
    "p50_latency_ms": 18.761944258122725,
    "p95_latency_ms": 23.452430322653402,
    "p99_latency_ms": 25.49177208984066,
    "throughput_rps": 392.2834381523967,
    "hit_rate": 0.984375,
    "wasted_compute_ratio": 0.0,
    "reuse_attempts": 63,
    "reuse_successes": 63,
    "store_attempts": 32,
    "store_successes": 63,
    "requests_seen": 64,
    "reused_prefix_tokens_total": 13860,
    "recompute_tokens_total": -3208
  }
}