{
  "shadow_kv_plus": {
    "mean_latency_ms": 21.247475234339674,
    "p50_latency_ms": 19.5476772155925,
    "p95_latency_ms": 24.434596519490622,
    "p99_latency_ms": 26.559344042924593,
    "throughput_rps": 376.51532296272956,
    "hit_rate": 0.0,
    "wasted_compute_ratio": 0.0,
    "reuse_attempts": 0,
    "reuse_successes": 0,
    "store_attempts": 32,
    "store_successes": 0,
    "requests_seen": 64,
    "reused_prefix_tokens_total": 0,
    "recompute_tokens_total": 10652
  }
}