{
  "greedy_prefix_cache": {
    "mean_latency_ms": 185.32643662016935,
    "p50_latency_ms": 170.5003216905558,
    "p95_latency_ms": 213.12540211319472,
    "p99_latency_ms": 231.6580457752117,
    "throughput_rps": 43.167073979823925,
    "hit_rate": 0.0,
    "wasted_compute_ratio": 0.0,
    "reuse_attempts": 32,
    "reuse_successes": 0,
    "store_attempts": 32,
    "store_successes": 0,
    "requests_seen": 64,
    "reused_prefix_tokens_total": 0,
    "recompute_tokens_total": 10652
  }
}