{
  "strict_reactive_prefix_cache": {
    "mean_latency_ms": 51.846323202439436,
    "p50_latency_ms": 47.69861734624428,
    "p95_latency_ms": 59.623271682805346,
    "p99_latency_ms": 64.80790400304929,
    "throughput_rps": 154.3021665926657,
    "hit_rate": 0.0,
    "wasted_compute_ratio": 0.035,
    "reuse_attempts": 32,
    "reuse_successes": 0,
    "store_attempts": 32,
    "store_successes": 0,
    "requests_seen": 64,
    "reused_prefix_tokens_total": 0,
    "recompute_tokens_total": 10652
  }
}