{
  "shadow_kv_plus": {
    "mean_latency_ms": 129.07811092188126,
    "p50_latency_ms": 118.75186204813076,
    "p95_latency_ms": 148.43982756016345,
    "p99_latency_ms": 161.34763865235158,
    "throughput_rps": 61.977975528644365,
    "hit_rate": 0.0,
    "wasted_compute_ratio": 0.0,
    "reuse_attempts": 0,
    "reuse_successes": 0,
    "store_attempts": 32,
    "store_successes": 0,
    "requests_seen": 64,
    "reused_prefix_tokens_total": 0,
    "recompute_tokens_total": 10652
  }
}