{
  "no_cache": {
    "mean_latency_ms": 181.42298960930248,
    "p50_latency_ms": 166.90915044055828,
    "p95_latency_ms": 208.63643805069782,
    "p99_latency_ms": 226.7787370116281,
    "throughput_rps": 44.095844838783314,
    "hit_rate": 0.0,
    "wasted_compute_ratio": 0.0,
    "reuse_attempts": 0,
    "reuse_successes": 0,
    "store_attempts": 32,
    "store_successes": 0,
    "requests_seen": 64,
    "reused_prefix_tokens_total": 0,
    "recompute_tokens_total": 10652
  }
}