{
  "shadow_kv": {
    "mean_latency_ms": 18.258302937489646,
    "p50_latency_ms": 16.797638702490474,
    "p95_latency_ms": 20.997048378113092,
    "p99_latency_ms": 22.822878671862057,
    "throughput_rps": 438.15682253653796,
    "hit_rate": 0.984375,
    "wasted_compute_ratio": 0.0,
    "reuse_attempts": 63,
    "reuse_successes": 63,
    "store_attempts": 32,
    "store_successes": 63,
    "requests_seen": 64,
    "reused_prefix_tokens_total": 13860,
    "recompute_tokens_total": -3208
  }
}