{
  "shadow_kv_plus": {
    "mean_latency_ms": 101.52222606244266,
    "p50_latency_ms": 93.40044797744724,
    "p95_latency_ms": 116.75055997180904,
    "p99_latency_ms": 126.90278257805332,
    "throughput_rps": 78.8004785777598,
    "hit_rate": 0.0,
    "wasted_compute_ratio": 0.0,
    "reuse_attempts": 0,
    "reuse_successes": 0,
    "store_attempts": 32,
    "store_successes": 0,
    "requests_seen": 64,
    "reused_prefix_tokens_total": 0,
    "recompute_tokens_total": 10652
  }
}