{
  "shadow_kv": {
    "mean_latency_ms": 121.9091782029409,
    "p50_latency_ms": 112.15644394670562,
    "p95_latency_ms": 140.19555493338203,
    "p99_latency_ms": 152.38647275367612,
    "throughput_rps": 65.62262265998123,
    "hit_rate": 0.921875,
    "wasted_compute_ratio": 0.0,
    "reuse_attempts": 59,
    "reuse_successes": 59,
    "store_attempts": 32,
    "store_successes": 59,
    "requests_seen": 64,
    "reused_prefix_tokens_total": 12980,
    "recompute_tokens_total": -2328
  }
}