{
  "shadow_kv_plus": {
    "mean_latency_ms": 342.10413670308526,
    "p50_latency_ms": 314.73580576683844,
    "p95_latency_ms": 393.419757208548,
    "p99_latency_ms": 427.6301708788566,
    "throughput_rps": 23.38469238372075,
    "hit_rate": 0.0,
    "wasted_compute_ratio": 1.0,
    "reuse_attempts": 0,
    "reuse_successes": 0,
    "store_attempts": 32,
    "store_successes": 0,
    "requests_seen": 64,
    "reused_prefix_tokens_total": 0,
    "recompute_tokens_total": 10652
  }
}