{
  "shadow_kv_plus": {
    "mean_latency_ms": 16.415509812517826,
    "p50_latency_ms": 15.1022690275164,
    "p95_latency_ms": 18.8778362843955,
    "p99_latency_ms": 20.519387265647282,
    "throughput_rps": 487.34398695918134,
    "hit_rate": 0.0,
    "wasted_compute_ratio": 0.0,
    "reuse_attempts": 0,
    "reuse_successes": 0,
    "store_attempts": 32,
    "store_successes": 0,
    "requests_seen": 64,
    "reused_prefix_tokens_total": 0,
    "recompute_tokens_total": 10652
  }
}