{
  "shadow_kv_plus_lite": {
    "mean_latency_ms": 81.90433800830004,
    "p50_latency_ms": 75.35199096763604,
    "p95_latency_ms": 94.18998870954505,
    "p99_latency_ms": 102.38042251037506,
    "throughput_rps": 97.67492411927307,
    "hit_rate": 0.35,
    "wasted_compute_ratio": 0.0,
    "reuse_attempts": 32,
    "reuse_successes": 11,
    "store_attempts": 32,
    "store_successes": 11,
    "requests_seen": 64,
    "reused_prefix_tokens_total": 4928,
    "recompute_tokens_total": 5724
  }
}