{
  "shadow_kv_plus_lite": {
    "mean_latency_ms": 82.27013170198917,
    "p50_latency_ms": 75.68852116583004,
    "p95_latency_ms": 94.61065145728755,
    "p99_latency_ms": 102.83766462748646,
    "throughput_rps": 97.24063684471496,
    "hit_rate": 0.35,
    "wasted_compute_ratio": 0.0,
    "reuse_attempts": 32,
    "reuse_successes": 11,
    "store_attempts": 32,
    "store_successes": 11,
    "requests_seen": 64,
    "reused_prefix_tokens_total": 4928,
    "recompute_tokens_total": 5724
  }
}