{
  "shadow_kv_plus_lite": {
    "mean_latency_ms": 340.2016076287014,
    "p50_latency_ms": 312.98547901840533,
    "p95_latency_ms": 391.2318487730066,
    "p99_latency_ms": 425.25200953587677,
    "throughput_rps": 23.515467947850674,
    "hit_rate": 0.6,
    "wasted_compute_ratio": 0.0,
    "reuse_attempts": 32,
    "reuse_successes": 19,
    "store_attempts": 32,
    "store_successes": 19,
    "requests_seen": 64,
    "reused_prefix_tokens_total": 8448,
    "recompute_tokens_total": 2204
  }
}