{
  "reactive_prefix_cache": {
    "mean_latency_ms": 25.191256145799592,
    "p50_latency_ms": 23.175955654135624,
    "p95_latency_ms": 28.96994456766953,
    "p99_latency_ms": 31.489070182249492,
    "throughput_rps": 317.5705075482679,
    "hit_rate": 0.0,
    "wasted_compute_ratio": 0.108,
    "reuse_attempts": 32,
    "reuse_successes": 0,
    "store_attempts": 32,
    "store_successes": 0,
    "requests_seen": 64,
    "reused_prefix_tokens_total": 0,
    "recompute_tokens_total": 10652
  }
}