{
  "greedy_prefix_cache": {
    "mean_latency_ms": 14.853175912928359,
    "p50_latency_ms": 13.66492183989409,
    "p95_latency_ms": 17.08115229986761,
    "p99_latency_ms": 18.566469891160448,
    "throughput_rps": 538.605349246333,
    "hit_rate": 0.35,
    "wasted_compute_ratio": 0.0,
    "reuse_attempts": 32,
    "reuse_successes": 11,
    "store_attempts": 32,
    "store_successes": 11,
    "requests_seen": 64,
    "reused_prefix_tokens_total": 4928,
    "recompute_tokens_total": 5724
  }
}