{
  "shadow_kv": {
    "mean_latency_ms": 16.77399665626922,
    "p50_latency_ms": 15.432076923767681,
    "p95_latency_ms": 19.2900961547096,
    "p99_latency_ms": 20.967495820336524,
    "throughput_rps": 476.9286750161614,
    "hit_rate": 0.0,
    "wasted_compute_ratio": 0.0,
    "reuse_attempts": 62,
    "reuse_successes": 0,
    "store_attempts": 32,
    "store_successes": 0,
    "requests_seen": 64,
    "reused_prefix_tokens_total": 0,
    "recompute_tokens_total": 10652
  }
}