{
  "shadow_kv_plus_lite": {
    "mean_latency_ms": 24.51970773897054,
    "p50_latency_ms": 22.558131119852895,
    "p95_latency_ms": 28.197663899816117,
    "p99_latency_ms": 30.649634673713173,
    "throughput_rps": 326.2681629473566,
    "hit_rate": 0.6,
    "wasted_compute_ratio": 0.0,
    "reuse_attempts": 32,
    "reuse_successes": 19,
    "store_attempts": 32,
    "store_successes": 19,
    "requests_seen": 64,
    "reused_prefix_tokens_total": 8448,
    "recompute_tokens_total": 2204
  }
}