{
  "shadow_kv": {
    "mean_latency_ms": 72.448104140733,
    "p50_latency_ms": 66.65225580947435,
    "p95_latency_ms": 83.31531976184294,
    "p99_latency_ms": 90.56013017591624,
    "throughput_rps": 110.42386953921829,
    "hit_rate": 0.96875,
    "wasted_compute_ratio": 0.0,
    "reuse_attempts": 62,
    "reuse_successes": 62,
    "store_attempts": 32,
    "store_successes": 62,
    "requests_seen": 64,
    "reused_prefix_tokens_total": 13640,
    "recompute_tokens_total": -2988
  }
}