{
  "shadow_kv": {
    "mean_latency_ms": 201.0331557811753,
    "p50_latency_ms": 184.95050331868129,
    "p95_latency_ms": 231.18812914835158,
    "p99_latency_ms": 251.29144472646914,
    "throughput_rps": 39.79443076896233,
    "hit_rate": 0.90625,
    "wasted_compute_ratio": 0.0,
    "reuse_attempts": 58,
    "reuse_successes": 58,
    "store_attempts": 32,
    "store_successes": 58,
    "requests_seen": 64,
    "reused_prefix_tokens_total": 12760,
    "recompute_tokens_total": -2108
  }
}