{
  "shadow_kv_plus_lite": {
    "mean_latency_ms": 85.38115660749702,
    "p50_latency_ms": 78.55066407889726,
    "p95_latency_ms": 98.18833009862156,
    "p99_latency_ms": 106.72644575937127,
    "throughput_rps": 93.6974892103716,
    "hit_rate": 0.35,
    "wasted_compute_ratio": 0.0,
    "reuse_attempts": 32,
    "reuse_successes": 11,
    "store_attempts": 32,
    "store_successes": 11,
    "requests_seen": 64,
    "reused_prefix_tokens_total": 4928,
    "recompute_tokens_total": 5724
  }
}