{
  "shadow_kv_plus": {
    "mean_latency_ms": 52.96439478112802,
    "p50_latency_ms": 48.72724319863778,
    "p95_latency_ms": 60.90905399829722,
    "p99_latency_ms": 66.20549347641003,
    "throughput_rps": 151.0448676523066,
    "hit_rate": 0.0,
    "wasted_compute_ratio": 0.0,
    "reuse_attempts": 0,
    "reuse_successes": 0,
    "store_attempts": 32,
    "store_successes": 0,
    "requests_seen": 64,
    "reused_prefix_tokens_total": 0,
    "recompute_tokens_total": 10652
  }
}