{
  "no_cache": {
    "mean_latency_ms": 16.693066562488923,
    "p50_latency_ms": 15.35762123748981,
    "p95_latency_ms": 19.19702654686226,
    "p99_latency_ms": 20.866333203111154,
    "throughput_rps": 479.2408854330481,
    "hit_rate": 0.0,
    "wasted_compute_ratio": 0.0,
    "reuse_attempts": 0,
    "reuse_successes": 0,
    "store_attempts": 32,
    "store_successes": 0,
    "requests_seen": 64,
    "reused_prefix_tokens_total": 0,
    "recompute_tokens_total": 10652
  }
}