{
  "shadow_kv_plus_lite": {
    "mean_latency_ms": 82.99177587854702,
    "p50_latency_ms": 76.35243380826326,
    "p95_latency_ms": 95.44054226032907,
    "p99_latency_ms": 103.73971984818377,
    "throughput_rps": 96.39509355369708,
    "hit_rate": 0.0,
    "wasted_compute_ratio": 0.0,
    "reuse_attempts": 32,
    "reuse_successes": 0,
    "store_attempts": 32,
    "store_successes": 0,
    "requests_seen": 64,
    "reused_prefix_tokens_total": 0,
    "recompute_tokens_total": 10652
  }
}