{
  "shadow_kv_plus_lite": {
    "mean_latency_ms": 105.96776063617237,
    "p50_latency_ms": 97.4903397852786,
    "p95_latency_ms": 121.86292473159821,
    "p99_latency_ms": 132.45970079521547,
    "throughput_rps": 75.49465943200444,
    "hit_rate": 0.35,
    "wasted_compute_ratio": 0.0,
    "reuse_attempts": 32,
    "reuse_successes": 11,
    "store_attempts": 32,
    "store_successes": 11,
    "requests_seen": 64,
    "reused_prefix_tokens_total": 4928,
    "recompute_tokens_total": 5724
  }
}