{
  "greedy_prefix_cache": {
    "mean_latency_ms": 386.1282180676768,
    "p50_latency_ms": 355.2379606222627,
    "p95_latency_ms": 444.0474507778283,
    "p99_latency_ms": 482.660272584596,
    "throughput_rps": 20.71850651069961,
    "hit_rate": 0.0,
    "wasted_compute_ratio": 0.0,
    "reuse_attempts": 32,
    "reuse_successes": 0,
    "store_attempts": 32,
    "store_successes": 0,
    "requests_seen": 64,
    "reused_prefix_tokens_total": 0,
    "recompute_tokens_total": 10652
  }
}