{
  "reactive_prefix_cache": {
    "mean_latency_ms": 147.8739623225584,
    "p50_latency_ms": 136.04404533675375,
    "p95_latency_ms": 170.05505667094215,
    "p99_latency_ms": 184.84245290319802,
    "throughput_rps": 54.10012604213276,
    "hit_rate": 0.6,
    "wasted_compute_ratio": 0.0,
    "reuse_attempts": 32,
    "reuse_successes": 19,
    "store_attempts": 32,
    "store_successes": 19,
    "requests_seen": 64,
    "reused_prefix_tokens_total": 8448,
    "recompute_tokens_total": 2204
  }
}