{
  "strict_reactive_prefix_cache": {
    "mean_latency_ms": 127.70850307308338,
    "p50_latency_ms": 117.49182282723672,
    "p95_latency_ms": 146.86477853404588,
    "p99_latency_ms": 159.63562884135422,
    "throughput_rps": 62.64265736026882,
    "hit_rate": 0.35,
    "wasted_compute_ratio": 0.0,
    "reuse_attempts": 32,
    "reuse_successes": 11,
    "store_attempts": 32,
    "store_successes": 11,
    "requests_seen": 64,
    "reused_prefix_tokens_total": 4928,
    "recompute_tokens_total": 5724
  }
}