{
  "no_cache": {
    "mean_latency_ms": 123.00087639061985,
    "p50_latency_ms": 113.16080627937026,
    "p95_latency_ms": 141.45100784921283,
    "p99_latency_ms": 153.7510954882748,
    "throughput_rps": 65.04018698691229,
    "hit_rate": 0.0,
    "wasted_compute_ratio": 0.0,
    "reuse_attempts": 0,
    "reuse_successes": 0,
    "store_attempts": 32,
    "store_successes": 0,
    "requests_seen": 64,
    "reused_prefix_tokens_total": 0,
    "recompute_tokens_total": 10652
  }
}