{
  "greedy_prefix_cache": {
    "mean_latency_ms": 16.707717275254375,
    "p50_latency_ms": 15.371099893234025,
    "p95_latency_ms": 19.21387486654253,
    "p99_latency_ms": 20.884646594067966,
    "throughput_rps": 478.8206472615332,
    "hit_rate": 0.35,
    "wasted_compute_ratio": 0.0,
    "reuse_attempts": 32,
    "reuse_successes": 11,
    "store_attempts": 32,
    "store_successes": 11,
    "requests_seen": 64,
    "reused_prefix_tokens_total": 4928,
    "recompute_tokens_total": 5724
  }
}