{
  "no_cache": {
    "mean_latency_ms": 80.88463945313151,
    "p50_latency_ms": 74.41386829688099,
    "p95_latency_ms": 93.01733537110123,
    "p99_latency_ms": 101.10579931641439,
    "throughput_rps": 98.90629486746477,
    "hit_rate": 0.0,
    "wasted_compute_ratio": 0.0,
    "reuse_attempts": 0,
    "reuse_successes": 0,
    "store_attempts": 32,
    "store_successes": 0,
    "requests_seen": 64,
    "reused_prefix_tokens_total": 0,
    "recompute_tokens_total": 10652
  }
}