{
  "greedy_prefix_cache": {
    "mean_latency_ms": 16.36092756323736,
    "p50_latency_ms": 15.052053358178373,
    "p95_latency_ms": 18.815066697722962,
    "p99_latency_ms": 20.451159454046703,
    "throughput_rps": 488.9698318801815,
    "hit_rate": 0.35,
    "wasted_compute_ratio": 0.0,
    "reuse_attempts": 32,
    "reuse_successes": 11,
    "store_attempts": 32,
    "store_successes": 11,
    "requests_seen": 64,
    "reused_prefix_tokens_total": 4928,
    "recompute_tokens_total": 5724
  }
}