{
  "no_cache": {
    "mean_latency_ms": 52.375767765454384,
    "p50_latency_ms": 48.18570634421803,
    "p95_latency_ms": 60.232132930272535,
    "p99_latency_ms": 65.46970970681798,
    "throughput_rps": 152.7423910199285,
    "hit_rate": 0.0,
    "wasted_compute_ratio": 0.0,
    "reuse_attempts": 0,
    "reuse_successes": 0,
    "store_attempts": 32,
    "store_successes": 0,
    "requests_seen": 64,
    "reused_prefix_tokens_total": 0,
    "recompute_tokens_total": 10652
  }
}