{
  "strict_reactive_prefix_cache": {
    "mean_latency_ms": 149.98726888887543,
    "p50_latency_ms": 137.9882873777654,
    "p95_latency_ms": 172.48535922220674,
    "p99_latency_ms": 187.48408611109429,
    "throughput_rps": 53.33786033484713,
    "hit_rate": 0.35,
    "wasted_compute_ratio": 0.0,
    "reuse_attempts": 32,
    "reuse_successes": 11,
    "store_attempts": 32,
    "store_successes": 11,
    "requests_seen": 64,
    "reused_prefix_tokens_total": 4928,
    "recompute_tokens_total": 5724
  }
}