{
  "shadow_kv_plus_lite": {
    "mean_latency_ms": 27.292147279404293,
    "p50_latency_ms": 25.10877549705195,
    "p95_latency_ms": 31.385969371314935,
    "p99_latency_ms": 34.115184099255366,
    "throughput_rps": 293.12460899832195,
    "hit_rate": 0.6,
    "wasted_compute_ratio": 0.0,
    "reuse_attempts": 32,
    "reuse_successes": 19,
    "store_attempts": 32,
    "store_successes": 19,
    "requests_seen": 64,
    "reused_prefix_tokens_total": 8448,
    "recompute_tokens_total": 2204
  }
}