{
  "no_cache": {
    "mean_latency_ms": 58.80104506249495,
    "p50_latency_ms": 54.096961457495354,
    "p95_latency_ms": 67.62120182186919,
    "p99_latency_ms": 73.50130632811869,
    "throughput_rps": 136.05200369308807,
    "hit_rate": 0.0,
    "wasted_compute_ratio": 0.0,
    "reuse_attempts": 0,
    "reuse_successes": 0,
    "store_attempts": 32,
    "store_successes": 0,
    "requests_seen": 64,
    "reused_prefix_tokens_total": 0,
    "recompute_tokens_total": 10652
  }
}