{
  "reactive_prefix_cache": {
    "mean_latency_ms": 80.52995452752559,
    "p50_latency_ms": 74.08755816532354,
    "p95_latency_ms": 92.60944770665442,
    "p99_latency_ms": 100.66244315940699,
    "throughput_rps": 99.34191627123737,
    "hit_rate": 0.35,
    "wasted_compute_ratio": 0.003,
    "reuse_attempts": 32,
    "reuse_successes": 11,
    "store_attempts": 32,
    "store_successes": 11,
    "requests_seen": 64,
    "reused_prefix_tokens_total": 4928,
    "recompute_tokens_total": 5724
  }
}