{
  "shadow_kv_plus_lite": {
    "mean_latency_ms": 24.20258772599071,
    "p50_latency_ms": 22.266380707911456,
    "p95_latency_ms": 27.832975884889315,
    "p99_latency_ms": 30.253234657488388,
    "throughput_rps": 330.54316714278235,
    "hit_rate": 0.35,
    "wasted_compute_ratio": 0.0,
    "reuse_attempts": 32,
    "reuse_successes": 11,
    "store_attempts": 32,
    "store_successes": 11,
    "requests_seen": 64,
    "reused_prefix_tokens_total": 4928,
    "recompute_tokens_total": 5724
  }
}