{
  "strict_reactive_prefix_cache": {
    "mean_latency_ms": 38.60450272183456,
    "p50_latency_ms": 35.516142504087796,
    "p95_latency_ms": 44.395178130109734,
    "p99_latency_ms": 48.2556284022932,
    "throughput_rps": 207.2297124934919,
    "hit_rate": 0.0,
    "wasted_compute_ratio": 0.035,
    "reuse_attempts": 32,
    "reuse_successes": 0,
    "store_attempts": 32,
    "store_successes": 0,
    "requests_seen": 64,
    "reused_prefix_tokens_total": 0,
    "recompute_tokens_total": 10652
  }
}