{
  "reactive_prefix_cache": {
    "mean_latency_ms": 116.1121117015619,
    "p50_latency_ms": 106.82314276543696,
    "p95_latency_ms": 133.52892845679617,
    "p99_latency_ms": 145.14013962695236,
    "throughput_rps": 68.89892779283926,
    "hit_rate": 0.0,
    "wasted_compute_ratio": 0.108,
    "reuse_attempts": 32,
    "reuse_successes": 0,
    "store_attempts": 32,
    "store_successes": 0,
    "requests_seen": 64,
    "reused_prefix_tokens_total": 0,
    "recompute_tokens_total": 10652
  }
}