{
  "reactive_prefix_cache": {
    "mean_latency_ms": 61.14721427553346,
    "p50_latency_ms": 56.25543713349078,
    "p95_latency_ms": 70.31929641686347,
    "p99_latency_ms": 76.43401784441681,
    "throughput_rps": 130.83179822307952,
    "hit_rate": 0.35,
    "wasted_compute_ratio": 0.003,
    "reuse_attempts": 32,
    "reuse_successes": 11,
    "store_attempts": 32,
    "store_successes": 11,
    "requests_seen": 64,
    "reused_prefix_tokens_total": 4928,
    "recompute_tokens_total": 5724
  }
}