{
  "strict_reactive_prefix_cache": {
    "mean_latency_ms": 71.84496776049956,
    "p50_latency_ms": 66.09737033965959,
    "p95_latency_ms": 82.62171292457448,
    "p99_latency_ms": 89.80620970062445,
    "throughput_rps": 111.35087465928837,
    "hit_rate": 0.35,
    "wasted_compute_ratio": 0.0,
    "reuse_attempts": 32,
    "reuse_successes": 11,
    "store_attempts": 32,
    "store_successes": 11,
    "requests_seen": 64,
    "reused_prefix_tokens_total": 4928,
    "recompute_tokens_total": 5724
  }
}