{
  "shadow_kv": {
    "mean_latency_ms": 104.27282682812233,
    "p50_latency_ms": 95.93100068187255,
    "p95_latency_ms": 119.91375085234067,
    "p99_latency_ms": 130.34103353515292,
    "throughput_rps": 76.72180992260587,
    "hit_rate": 0.125,
    "wasted_compute_ratio": 1.0,
    "reuse_attempts": 62,
    "reuse_successes": 8,
    "store_attempts": 32,
    "store_successes": 8,
    "requests_seen": 64,
    "reused_prefix_tokens_total": 1760,
    "recompute_tokens_total": 8892
  }
}