{
  "shadow_kv_plus": {
    "mean_latency_ms": 17.24345303124153,
    "p50_latency_ms": 15.863976788742207,
    "p95_latency_ms": 19.82997098592776,
    "p99_latency_ms": 21.55431628905191,
    "throughput_rps": 463.94419873477045,
    "hit_rate": 0.0,
    "wasted_compute_ratio": 0.0,
    "reuse_attempts": 0,
    "reuse_successes": 0,
    "store_attempts": 32,
    "store_successes": 0,
    "requests_seen": 64,
    "reused_prefix_tokens_total": 0,
    "recompute_tokens_total": 10652
  }
}