{
  "no_cache": {
    "mean_latency_ms": 98.20559618745506,
    "p50_latency_ms": 90.34914849245865,
    "p95_latency_ms": 112.9364356155733,
    "p99_latency_ms": 122.75699523431882,
    "throughput_rps": 81.46175279797276,
    "hit_rate": 0.0,
    "wasted_compute_ratio": 0.0,
    "reuse_attempts": 0,
    "reuse_successes": 0,
    "store_attempts": 32,
    "store_successes": 0,
    "requests_seen": 64,
    "reused_prefix_tokens_total": 0,
    "recompute_tokens_total": 10652
  }
}