{
  "reactive_prefix_cache": {
    "mean_latency_ms": 80.80672015624815,
    "p50_latency_ms": 74.3421825437483,
    "p95_latency_ms": 92.92772817968536,
    "p99_latency_ms": 101.00840019531019,
    "throughput_rps": 99.00166699664548,
    "hit_rate": 0.0,
    "wasted_compute_ratio": 0.108,
    "reuse_attempts": 32,
    "reuse_successes": 0,
    "store_attempts": 32,
    "store_successes": 0,
    "requests_seen": 64,
    "reused_prefix_tokens_total": 0,
    "recompute_tokens_total": 10652
  }
}