{
  "shadow_kv": {
    "mean_latency_ms": 56.46486998435307,
    "p50_latency_ms": 51.947680385604826,
    "p95_latency_ms": 64.93460048200603,
    "p99_latency_ms": 70.58108748044134,
    "throughput_rps": 141.68101338437285,
    "hit_rate": 0.90625,
    "wasted_compute_ratio": 0.0,
    "reuse_attempts": 58,
    "reuse_successes": 58,
    "store_attempts": 32,
    "store_successes": 58,
    "requests_seen": 64,
    "reused_prefix_tokens_total": 12760,
    "recompute_tokens_total": -2108
  }
}