{
  "shadow_kv_plus_lite": {
    "mean_latency_ms": 182.3241010351495,
    "p50_latency_ms": 167.73817295233755,
    "p95_latency_ms": 209.6727161904219,
    "p99_latency_ms": 227.9051262939369,
    "throughput_rps": 43.87790727928895,
    "hit_rate": 0.0,
    "wasted_compute_ratio": 0.0,
    "reuse_attempts": 32,
    "reuse_successes": 0,
    "store_attempts": 32,
    "store_successes": 0,
    "requests_seen": 64,
    "reused_prefix_tokens_total": 0,
    "recompute_tokens_total": 10652
  }
}