{
  "shadow_kv_plus": {
    "mean_latency_ms": 116.72803287493139,
    "p50_latency_ms": 107.38979024493688,
    "p95_latency_ms": 134.2372378061711,
    "p99_latency_ms": 145.91004109366423,
    "throughput_rps": 68.53537923123938,
    "hit_rate": 0.0,
    "wasted_compute_ratio": 0.0,
    "reuse_attempts": 60,
    "reuse_successes": 0,
    "store_attempts": 32,
    "store_successes": 0,
    "requests_seen": 64,
    "reused_prefix_tokens_total": 0,
    "recompute_tokens_total": 10652
  }
}