{
  "reactive_prefix_cache": {
    "mean_latency_ms": 61.19280649301117,
    "p50_latency_ms": 56.297381973570275,
    "p95_latency_ms": 70.37172746696284,
    "p99_latency_ms": 76.49100811626396,
    "throughput_rps": 130.73432088645387,
    "hit_rate": 0.0,
    "wasted_compute_ratio": 0.108,
    "reuse_attempts": 32,
    "reuse_successes": 0,
    "store_attempts": 32,
    "store_successes": 0,
    "requests_seen": 64,
    "reused_prefix_tokens_total": 0,
    "recompute_tokens_total": 10652
  }
}