{
  "strict_reactive_prefix_cache": {
    "mean_latency_ms": 71.29697031260054,
    "p50_latency_ms": 65.5932126875925,
    "p95_latency_ms": 81.9915158594906,
    "p99_latency_ms": 89.12121289075067,
    "throughput_rps": 112.20673143506822,
    "hit_rate": 0.0,
    "wasted_compute_ratio": 0.035,
    "reuse_attempts": 32,
    "reuse_successes": 0,
    "store_attempts": 32,
    "store_successes": 0,
    "requests_seen": 64,
    "reused_prefix_tokens_total": 0,
    "recompute_tokens_total": 10652
  }
}