{
  "shadow_kv_plus": {
    "mean_latency_ms": 81.10149790628896,
    "p50_latency_ms": 74.61337807378584,
    "p95_latency_ms": 93.26672259223228,
    "p99_latency_ms": 101.3768723828612,
    "throughput_rps": 98.64182791350943,
    "hit_rate": 0.984375,
    "wasted_compute_ratio": 0.0,
    "reuse_attempts": 63,
    "reuse_successes": 63,
    "store_attempts": 32,
    "store_successes": 63,
    "requests_seen": 64,
    "reused_prefix_tokens_total": 13860,
    "recompute_tokens_total": -3208
  }
}