{
  "no_cache": {
    "mean_latency_ms": 96.9880979844504,
    "p50_latency_ms": 89.22905014569437,
    "p95_latency_ms": 111.53631268211795,
    "p99_latency_ms": 121.235122480563,
    "throughput_rps": 82.48434773184849,
    "hit_rate": 0.0,
    "wasted_compute_ratio": 0.0,
    "reuse_attempts": 0,
    "reuse_successes": 0,
    "store_attempts": 32,
    "store_successes": 0,
    "requests_seen": 64,
    "reused_prefix_tokens_total": 0,
    "recompute_tokens_total": 10652
  }
}