{
  "greedy_prefix_cache": {
    "mean_latency_ms": 46.39809731395033,
    "p50_latency_ms": 42.6862495288343,
    "p95_latency_ms": 53.35781191104287,
    "p99_latency_ms": 57.99762164243791,
    "throughput_rps": 172.42086342179968,
    "hit_rate": 0.35,
    "wasted_compute_ratio": 0.0,
    "reuse_attempts": 32,
    "reuse_successes": 11,
    "store_attempts": 32,
    "store_successes": 11,
    "requests_seen": 64,
    "reused_prefix_tokens_total": 4928,
    "recompute_tokens_total": 5724
  }
}