{
  "greedy_prefix_cache": {
    "mean_latency_ms": 16.98627541308078,
    "p50_latency_ms": 15.627373380034317,
    "p95_latency_ms": 19.534216725042896,
    "p99_latency_ms": 21.232844266350973,
    "throughput_rps": 470.96846162280906,
    "hit_rate": 0.0,
    "wasted_compute_ratio": 0.0,
    "reuse_attempts": 32,
    "reuse_successes": 0,
    "store_attempts": 32,
    "store_successes": 0,
    "requests_seen": 64,
    "reused_prefix_tokens_total": 0,
    "recompute_tokens_total": 10652
  }
}