{
  "no_cache": {
    "mean_latency_ms": 23.7721706874936,
    "p50_latency_ms": 21.87039703249411,
    "p95_latency_ms": 27.337996290617635,
    "p99_latency_ms": 29.715213359367,
    "throughput_rps": 336.5279555311604,
    "hit_rate": 0.0,
    "wasted_compute_ratio": 0.0,
    "reuse_attempts": 0,
    "reuse_successes": 0,
    "store_attempts": 32,
    "store_successes": 0,
    "requests_seen": 64,
    "reused_prefix_tokens_total": 0,
    "recompute_tokens_total": 10652
  }
}