{
  "no_cache": {
    "mean_latency_ms": 160.4677336718936,
    "p50_latency_ms": 147.6303149781421,
    "p95_latency_ms": 184.5378937226776,
    "p99_latency_ms": 200.584667089867,
    "throughput_rps": 49.854259276556505,
    "hit_rate": 0.0,
    "wasted_compute_ratio": 0.0,
    "reuse_attempts": 0,
    "reuse_successes": 0,
    "store_attempts": 32,
    "store_successes": 0,
    "requests_seen": 64,
    "reused_prefix_tokens_total": 0,
    "recompute_tokens_total": 10652
  }
}