{
  "greedy_prefix_cache": {
    "mean_latency_ms": 18.86840208335382,
    "p50_latency_ms": 17.358929916685515,
    "p95_latency_ms": 21.698662395856893,
    "p99_latency_ms": 23.58550260419228,
    "throughput_rps": 423.9892686544878,
    "hit_rate": 0.0,
    "wasted_compute_ratio": 0.0,
    "reuse_attempts": 32,
    "reuse_successes": 0,
    "store_attempts": 32,
    "store_successes": 0,
    "requests_seen": 64,
    "reused_prefix_tokens_total": 0,
    "recompute_tokens_total": 10652
  }
}