{
  "shadow_kv_plus": {
    "mean_latency_ms": 21.511025921871152,
    "p50_latency_ms": 19.79014384812146,
    "p95_latency_ms": 24.73767981015182,
    "p99_latency_ms": 26.88878240233894,
    "throughput_rps": 371.9022992699789,
    "hit_rate": 0.984375,
    "wasted_compute_ratio": 0.0,
    "reuse_attempts": 63,
    "reuse_successes": 63,
    "store_attempts": 32,
    "store_successes": 63,
    "requests_seen": 64,
    "reused_prefix_tokens_total": 13860,
    "recompute_tokens_total": -3208
  }
}