{
  "shadow_kv_plus": {
    "mean_latency_ms": 168.24987850006323,
    "p50_latency_ms": 154.78988822005817,
    "p95_latency_ms": 193.4873602750727,
    "p99_latency_ms": 210.31234812507904,
    "throughput_rps": 47.548325569798216,
    "hit_rate": 0.984375,
    "wasted_compute_ratio": 0.0,
    "reuse_attempts": 63,
    "reuse_successes": 63,
    "store_attempts": 32,
    "store_successes": 63,
    "requests_seen": 64,
    "reused_prefix_tokens_total": 13860,
    "recompute_tokens_total": -3208
  }
}