{
  "reactive_prefix_cache": {
    "mean_latency_ms": 140.77718085091973,
    "p50_latency_ms": 129.51500638284617,
    "p95_latency_ms": 161.8937579785577,
    "p99_latency_ms": 175.97147606364967,
    "throughput_rps": 56.82739170968229,
    "hit_rate": 0.0,
    "wasted_compute_ratio": 0.108,
    "reuse_attempts": 32,
    "reuse_successes": 0,
    "store_attempts": 32,
    "store_successes": 0,
    "requests_seen": 64,
    "reused_prefix_tokens_total": 0,
    "recompute_tokens_total": 10652
  }
}