{
  "shadow_kv_plus": {
    "mean_latency_ms": 210.84898189053547,
    "p50_latency_ms": 193.98106333929263,
    "p95_latency_ms": 242.47632917411576,
    "p99_latency_ms": 263.56122736316934,
    "throughput_rps": 37.94184789639291,
    "hit_rate": 0.0,
    "wasted_compute_ratio": 0.0,
    "reuse_attempts": 60,
    "reuse_successes": 0,
    "store_attempts": 32,
    "store_successes": 0,
    "requests_seen": 64,
    "reused_prefix_tokens_total": 0,
    "recompute_tokens_total": 10652
  }
}