{
  "reactive_prefix_cache": {
    "mean_latency_ms": 24.371039328832918,
    "p50_latency_ms": 22.421356182526285,
    "p95_latency_ms": 28.026695228157852,
    "p99_latency_ms": 30.46379916104115,
    "throughput_rps": 328.2584666192447,
    "hit_rate": 0.35,
    "wasted_compute_ratio": 0.003,
    "reuse_attempts": 32,
    "reuse_successes": 11,
    "store_attempts": 32,
    "store_successes": 11,
    "requests_seen": 64,
    "reused_prefix_tokens_total": 4928,
    "recompute_tokens_total": 5724
  }
}