{
  "shadow_kv_plus": {
    "mean_latency_ms": 88.25157024992336,
    "p50_latency_ms": 81.19144462992949,
    "p95_latency_ms": 101.48930578741185,
    "p99_latency_ms": 110.3144628124042,
    "throughput_rps": 90.64994512102686,
    "hit_rate": 0.984375,
    "wasted_compute_ratio": 0.0,
    "reuse_attempts": 63,
    "reuse_successes": 63,
    "store_attempts": 32,
    "store_successes": 63,
    "requests_seen": 64,
    "reused_prefix_tokens_total": 13860,
    "recompute_tokens_total": -3208
  }
}