{
  "strict_reactive_prefix_cache": {
    "mean_latency_ms": 56.15817086695898,
    "p50_latency_ms": 51.66551719760227,
    "p95_latency_ms": 64.58189649700283,
    "p99_latency_ms": 70.19771358369873,
    "throughput_rps": 142.45478220706883,
    "hit_rate": 0.0,
    "wasted_compute_ratio": 0.035,
    "reuse_attempts": 32,
    "reuse_successes": 0,
    "store_attempts": 32,
    "store_successes": 0,
    "requests_seen": 64,
    "reused_prefix_tokens_total": 0,
    "recompute_tokens_total": 10652
  }
}