{
  "shadow_kv": {
    "mean_latency_ms": 82.02536867179333,
    "p50_latency_ms": 75.46333917804986,
    "p95_latency_ms": 94.32917397256232,
    "p99_latency_ms": 102.53171083974166,
    "throughput_rps": 97.53080211087206,
    "hit_rate": 0.984375,
    "wasted_compute_ratio": 0.0,
    "reuse_attempts": 63,
    "reuse_successes": 63,
    "store_attempts": 32,
    "store_successes": 63,
    "requests_seen": 64,
    "reused_prefix_tokens_total": 13860,
    "recompute_tokens_total": -3208
  }
}