{
  "reactive_prefix_cache": {
    "mean_latency_ms": 254.25388171871396,
    "p50_latency_ms": 233.91357118121684,
    "p95_latency_ms": 292.391963976521,
    "p99_latency_ms": 317.81735214839244,
    "throughput_rps": 31.464613031357988,
    "hit_rate": 0.0,
    "wasted_compute_ratio": 0.108,
    "reuse_attempts": 32,
    "reuse_successes": 0,
    "store_attempts": 32,
    "store_successes": 0,
    "requests_seen": 64,
    "reused_prefix_tokens_total": 0,
    "recompute_tokens_total": 10652
  }
}