{
  "greedy_prefix_cache": {
    "mean_latency_ms": 58.98476780197306,
    "p50_latency_ms": 54.26598637781522,
    "p95_latency_ms": 67.832482972269,
    "p99_latency_ms": 73.73095975246632,
    "throughput_rps": 135.62823586689439,
    "hit_rate": 0.35,
    "wasted_compute_ratio": 0.0,
    "reuse_attempts": 32,
    "reuse_successes": 11,
    "store_attempts": 32,
    "store_successes": 11,
    "requests_seen": 64,
    "reused_prefix_tokens_total": 4928,
    "recompute_tokens_total": 5724
  }
}