{
  "greedy_prefix_cache": {
    "mean_latency_ms": 87.2304734734133,
    "p50_latency_ms": 80.25203559554024,
    "p95_latency_ms": 100.31504449442528,
    "p99_latency_ms": 109.03809184176663,
    "throughput_rps": 91.71106932531204,
    "hit_rate": 0.0,
    "wasted_compute_ratio": 0.0,
    "reuse_attempts": 32,
    "reuse_successes": 0,
    "store_attempts": 32,
    "store_successes": 0,
    "requests_seen": 64,
    "reused_prefix_tokens_total": 0,
    "recompute_tokens_total": 10652
  }
}