{
  "shadow_kv_plus": {
    "mean_latency_ms": 55.95166148430053,
    "p50_latency_ms": 51.47552856555649,
    "p95_latency_ms": 64.34441070694561,
    "p99_latency_ms": 69.93957685537566,
    "throughput_rps": 142.98056193102897,
    "hit_rate": 0.984375,
    "wasted_compute_ratio": 0.0,
    "reuse_attempts": 63,
    "reuse_successes": 63,
    "store_attempts": 32,
    "store_successes": 63,
    "requests_seen": 64,
    "reused_prefix_tokens_total": 13860,
    "recompute_tokens_total": -3208
  }
}