{
  "greedy_prefix_cache": {
    "mean_latency_ms": 71.59494260061211,
    "p50_latency_ms": 65.86734719256314,
    "p95_latency_ms": 82.33418399070392,
    "p99_latency_ms": 89.49367825076514,
    "throughput_rps": 111.73973620773045,
    "hit_rate": 0.0,
    "wasted_compute_ratio": 0.0,
    "reuse_attempts": 32,
    "reuse_successes": 0,
    "store_attempts": 32,
    "store_successes": 0,
    "requests_seen": 64,
    "reused_prefix_tokens_total": 0,
    "recompute_tokens_total": 10652
  }
}