{
  "shadow_kv": {
    "mean_latency_ms": 17.37392132813298,
    "p50_latency_ms": 15.984007621882341,
    "p95_latency_ms": 19.980009527352927,
    "p99_latency_ms": 21.717401660166225,
    "throughput_rps": 460.4602408925314,
    "hit_rate": 0.984375,
    "wasted_compute_ratio": 0.0,
    "reuse_attempts": 63,
    "reuse_successes": 63,
    "store_attempts": 32,
    "store_successes": 63,
    "requests_seen": 64,
    "reused_prefix_tokens_total": 13860,
    "recompute_tokens_total": -3208
  }
}