{
  "strict_reactive_prefix_cache": {
    "mean_latency_ms": 51.82845734212808,
    "p50_latency_ms": 47.68218075475784,
    "p95_latency_ms": 59.60272594344729,
    "p99_latency_ms": 64.7855716776601,
    "throughput_rps": 154.35535630919318,
    "hit_rate": 0.0,
    "wasted_compute_ratio": 0.035,
    "reuse_attempts": 32,
    "reuse_successes": 0,
    "store_attempts": 32,
    "store_successes": 0,
    "requests_seen": 64,
    "reused_prefix_tokens_total": 0,
    "recompute_tokens_total": 10652
  }
}