{
  "shadow_kv_plus": {
    "mean_latency_ms": 70.90316609378533,
    "p50_latency_ms": 65.2309128062825,
    "p95_latency_ms": 81.53864100785313,
    "p99_latency_ms": 88.62895761723166,
    "throughput_rps": 112.82994033606633,
    "hit_rate": 0.984375,
    "wasted_compute_ratio": 0.0,
    "reuse_attempts": 63,
    "reuse_successes": 63,
    "store_attempts": 32,
    "store_successes": 63,
    "requests_seen": 64,
    "reused_prefix_tokens_total": 13860,
    "recompute_tokens_total": -3208
  }
}