{
  "shadow_kv_plus_lite": {
    "mean_latency_ms": 275.63943452234446,
    "p50_latency_ms": 253.5882797605569,
    "p95_latency_ms": 316.9853497006961,
    "p99_latency_ms": 344.54929315293055,
    "throughput_rps": 29.023423349649512,
    "hit_rate": 0.6,
    "wasted_compute_ratio": 0.0,
    "reuse_attempts": 32,
    "reuse_successes": 19,
    "store_attempts": 32,
    "store_successes": 19,
    "requests_seen": 64,
    "reused_prefix_tokens_total": 8448,
    "recompute_tokens_total": 2204
  }
}