{
  "strict_reactive_prefix_cache": {
    "mean_latency_ms": 368.634280343005,
    "p50_latency_ms": 339.1435379155646,
    "p95_latency_ms": 423.92942239445574,
    "p99_latency_ms": 460.79285042875625,
    "throughput_rps": 21.701725603370907,
    "hit_rate": 0.0,
    "wasted_compute_ratio": 0.035,
    "reuse_attempts": 32,
    "reuse_successes": 0,
    "store_attempts": 32,
    "store_successes": 0,
    "requests_seen": 64,
    "reused_prefix_tokens_total": 0,
    "recompute_tokens_total": 10652
  }
}