{
  "reactive_prefix_cache": {
    "mean_latency_ms": 137.23311818222587,
    "p50_latency_ms": 126.2544687276478,
    "p95_latency_ms": 157.81808590955973,
    "p99_latency_ms": 171.54139772778234,
    "throughput_rps": 58.294966302355306,
    "hit_rate": 0.35,
    "wasted_compute_ratio": 0.003,
    "reuse_attempts": 32,
    "reuse_successes": 11,
    "store_attempts": 32,
    "store_successes": 11,
    "requests_seen": 64,
    "reused_prefix_tokens_total": 4928,
    "recompute_tokens_total": 5724
  }
}