{
  "strict_reactive_prefix_cache": {
    "mean_latency_ms": 140.9891475882914,
    "p50_latency_ms": 129.7100157812281,
    "p95_latency_ms": 162.1375197265351,
    "p99_latency_ms": 176.23643448536424,
    "throughput_rps": 56.741955936645226,
    "hit_rate": 0.6,
    "wasted_compute_ratio": 0.0,
    "reuse_attempts": 32,
    "reuse_successes": 19,
    "store_attempts": 32,
    "store_successes": 19,
    "requests_seen": 64,
    "reused_prefix_tokens_total": 8448,
    "recompute_tokens_total": 2204
  }
}