{
  "shadow_kv_plus": {
    "mean_latency_ms": 52.81765060941268,
    "p50_latency_ms": 48.592238560659666,
    "p95_latency_ms": 60.740298200824576,
    "p99_latency_ms": 66.02206326176585,
    "throughput_rps": 151.46451816193266,
    "hit_rate": 0.984375,
    "wasted_compute_ratio": 0.0,
    "reuse_attempts": 63,
    "reuse_successes": 63,
    "store_attempts": 32,
    "store_successes": 63,
    "requests_seen": 64,
    "reused_prefix_tokens_total": 13860,
    "recompute_tokens_total": -3208
  }
}