{
  "strict_reactive_prefix_cache": {
    "mean_latency_ms": 59.20214397075487,
    "p50_latency_ms": 54.46597245309448,
    "p95_latency_ms": 68.0824655663681,
    "p99_latency_ms": 74.00267996344358,
    "throughput_rps": 135.13024129585412,
    "hit_rate": 0.6,
    "wasted_compute_ratio": 0.0,
    "reuse_attempts": 32,
    "reuse_successes": 19,
    "store_attempts": 32,
    "store_successes": 19,
    "requests_seen": 64,
    "reused_prefix_tokens_total": 8448,
    "recompute_tokens_total": 2204
  }
}