{
  "shadow_kv": {
    "mean_latency_ms": 131.36372857816525,
    "p50_latency_ms": 120.85463029191203,
    "p95_latency_ms": 151.06828786489004,
    "p99_latency_ms": 164.20466072270656,
    "throughput_rps": 60.8996112289837,
    "hit_rate": 0.96875,
    "wasted_compute_ratio": 0.0,
    "reuse_attempts": 62,
    "reuse_successes": 62,
    "store_attempts": 32,
    "store_successes": 62,
    "requests_seen": 64,
    "reused_prefix_tokens_total": 13640,
    "recompute_tokens_total": -2988
  }
}