{
  "shadow_kv": {
    "mean_latency_ms": 105.98282279670457,
    "p50_latency_ms": 97.5041969729682,
    "p95_latency_ms": 121.88024621621024,
    "p99_latency_ms": 132.4785284958807,
    "throughput_rps": 75.4839302152344,
    "hit_rate": 0.984375,
    "wasted_compute_ratio": 0.0,
    "reuse_attempts": 63,
    "reuse_successes": 63,
    "store_attempts": 32,
    "store_successes": 63,
    "requests_seen": 64,
    "reused_prefix_tokens_total": 13860,
    "recompute_tokens_total": -3208
  }
}