{
  "shadow_kv_plus_lite": {
    "mean_latency_ms": 189.91114117191896,
    "p50_latency_ms": 174.71824987816544,
    "p95_latency_ms": 218.39781234770678,
    "p99_latency_ms": 237.3889264648987,
    "throughput_rps": 42.12496407863676,
    "hit_rate": 0.0,
    "wasted_compute_ratio": 0.0,
    "reuse_attempts": 32,
    "reuse_successes": 0,
    "store_attempts": 32,
    "store_successes": 0,
    "requests_seen": 64,
    "reused_prefix_tokens_total": 0,
    "recompute_tokens_total": 10652
  }
}