{
  "shadow_kv": {
    "mean_latency_ms": 161.65354059367587,
    "p50_latency_ms": 148.7212573461818,
    "p95_latency_ms": 185.90157168272722,
    "p99_latency_ms": 202.06692574209484,
    "throughput_rps": 49.488554167263146,
    "hit_rate": 0.90625,
    "wasted_compute_ratio": 0.0,
    "reuse_attempts": 58,
    "reuse_successes": 58,
    "store_attempts": 32,
    "store_successes": 58,
    "requests_seen": 64,
    "reused_prefix_tokens_total": 12760,
    "recompute_tokens_total": -2108
  }
}