{
  "shadow_kv_plus_lite": {
    "mean_latency_ms": 234.88284132347013,
    "p50_latency_ms": 216.09221401759254,
    "p95_latency_ms": 270.11526752199063,
    "p99_latency_ms": 293.60355165433765,
    "throughput_rps": 34.05953348879478,
    "hit_rate": 0.6,
    "wasted_compute_ratio": 0.0,
    "reuse_attempts": 32,
    "reuse_successes": 19,
    "store_attempts": 32,
    "store_successes": 19,
    "requests_seen": 64,
    "reused_prefix_tokens_total": 8448,
    "recompute_tokens_total": 2204
  }
}