{
  "no_cache": {
    "mean_latency_ms": 79.04714454687678,
    "p50_latency_ms": 72.72337298312664,
    "p95_latency_ms": 90.9042162289083,
    "p99_latency_ms": 98.80893068359597,
    "throughput_rps": 101.20542678497154,
    "hit_rate": 0.0,
    "wasted_compute_ratio": 0.0,
    "reuse_attempts": 0,
    "reuse_successes": 0,
    "store_attempts": 32,
    "store_successes": 0,
    "requests_seen": 64,
    "reused_prefix_tokens_total": 0,
    "recompute_tokens_total": 10652
  }
}