{
  "shadow_kv_plus": {
    "mean_latency_ms": 109.61691223437242,
    "p50_latency_ms": 100.84755925562263,
    "p95_latency_ms": 126.05944906952827,
    "p99_latency_ms": 137.02114029296553,
    "throughput_rps": 72.98143905837416,
    "hit_rate": 0.967741935483871,
    "wasted_compute_ratio": 0.0,
    "reuse_attempts": 60,
    "reuse_successes": 62,
    "store_attempts": 32,
    "store_successes": 62,
    "requests_seen": 64,
    "reused_prefix_tokens_total": 13625,
    "recompute_tokens_total": -2973
  }
}