{
  "greedy_prefix_cache": {
    "mean_latency_ms": 120.11597762230541,
    "p50_latency_ms": 110.50669941252097,
    "p95_latency_ms": 138.1333742656512,
    "p99_latency_ms": 150.14497202788175,
    "throughput_rps": 66.6022968664113,
    "hit_rate": 0.0,
    "wasted_compute_ratio": 0.0,
    "reuse_attempts": 32,
    "reuse_successes": 0,
    "store_attempts": 32,
    "store_successes": 0,
    "requests_seen": 64,
    "reused_prefix_tokens_total": 0,
    "recompute_tokens_total": 10652
  }
}