{
  "reactive_prefix_cache": {
    "mean_latency_ms": 25.814558984350487,
    "p50_latency_ms": 23.74939426560245,
    "p95_latency_ms": 29.68674283200306,
    "p99_latency_ms": 32.26819873043811,
    "throughput_rps": 309.9026407869228,
    "hit_rate": 0.6,
    "wasted_compute_ratio": 0.0,
    "reuse_attempts": 32,
    "reuse_successes": 19,
    "store_attempts": 32,
    "store_successes": 19,
    "requests_seen": 64,
    "reused_prefix_tokens_total": 8448,
    "recompute_tokens_total": 2204
  }
}