{
  "reactive_prefix_cache": {
    "mean_latency_ms": 132.6454919033311,
    "p50_latency_ms": 122.03385255106463,
    "p95_latency_ms": 152.54231568883077,
    "p99_latency_ms": 165.80686487916387,
    "throughput_rps": 60.31113372349066,
    "hit_rate": 0.35,
    "wasted_compute_ratio": 0.003,
    "reuse_attempts": 32,
    "reuse_successes": 11,
    "store_attempts": 32,
    "store_successes": 11,
    "requests_seen": 64,
    "reused_prefix_tokens_total": 4928,
    "recompute_tokens_total": 5724
  }
}