{
  "shadow_kv": {
    "mean_latency_ms": 19.71404245311348,
    "p50_latency_ms": 18.1369190568644,
    "p95_latency_ms": 22.6711488210805,
    "p99_latency_ms": 24.642553066391848,
    "throughput_rps": 405.80210877736766,
    "hit_rate": 0.0,
    "wasted_compute_ratio": 0.0,
    "reuse_attempts": 61,
    "reuse_successes": 0,
    "store_attempts": 32,
    "store_successes": 0,
    "requests_seen": 64,
    "reused_prefix_tokens_total": 0,
    "recompute_tokens_total": 10652
  }
}