{
  "reactive_prefix_cache": {
    "mean_latency_ms": 21.71463663196328,
    "p50_latency_ms": 19.977465701406217,
    "p95_latency_ms": 24.97183212675777,
    "p99_latency_ms": 27.143295789954102,
    "throughput_rps": 368.41509879213197,
    "hit_rate": 0.0,
    "wasted_compute_ratio": 0.108,
    "reuse_attempts": 32,
    "reuse_successes": 0,
    "store_attempts": 32,
    "store_successes": 0,
    "requests_seen": 64,
    "reused_prefix_tokens_total": 0,
    "recompute_tokens_total": 10652
  }
}