{
  "reactive_prefix_cache": {
    "mean_latency_ms": 69.23555590248043,
    "p50_latency_ms": 63.696711430281994,
    "p95_latency_ms": 79.62088928785249,
    "p99_latency_ms": 86.54444487810053,
    "throughput_rps": 115.54756650279734,
    "hit_rate": 0.0,
    "wasted_compute_ratio": 0.108,
    "reuse_attempts": 32,
    "reuse_successes": 0,
    "store_attempts": 32,
    "store_successes": 0,
    "requests_seen": 64,
    "reused_prefix_tokens_total": 0,
    "recompute_tokens_total": 10652
  }
}