{
  "strict_reactive_prefix_cache": {
    "mean_latency_ms": 78.95837963537309,
    "p50_latency_ms": 72.64170926454325,
    "p95_latency_ms": 90.80213658067905,
    "p99_latency_ms": 98.69797454421636,
    "throughput_rps": 101.31920179902004,
    "hit_rate": 0.35,
    "wasted_compute_ratio": 0.0,
    "reuse_attempts": 32,
    "reuse_successes": 11,
    "store_attempts": 32,
    "store_successes": 11,
    "requests_seen": 64,
    "reused_prefix_tokens_total": 4928,
    "recompute_tokens_total": 5724
  }
}