{
  "shadow_kv": {
    "mean_latency_ms": 15.59096265619786,
    "p50_latency_ms": 14.343685643702031,
    "p95_latency_ms": 17.92960705462754,
    "p99_latency_ms": 19.488703320247325,
    "throughput_rps": 513.1177706220576,
    "hit_rate": 0.921875,
    "wasted_compute_ratio": 0.0,
    "reuse_attempts": 59,
    "reuse_successes": 59,
    "store_attempts": 32,
    "store_successes": 59,
    "requests_seen": 64,
    "reused_prefix_tokens_total": 12980,
    "recompute_tokens_total": -2328
  }
}