{
  "shadow_kv_plus": {
    "mean_latency_ms": 151.24725399982708,
    "p50_latency_ms": 139.1474736798409,
    "p95_latency_ms": 173.93434209980114,
    "p99_latency_ms": 189.05906749978385,
    "throughput_rps": 52.89352228509978,
    "hit_rate": 0.984375,
    "wasted_compute_ratio": 0.0,
    "reuse_attempts": 63,
    "reuse_successes": 63,
    "store_attempts": 32,
    "store_successes": 63,
    "requests_seen": 64,
    "reused_prefix_tokens_total": 13860,
    "recompute_tokens_total": -3208
  }
}