{
  "no_cache": {
    "mean_latency_ms": 16.11544054681957,
    "p50_latency_ms": 14.826205303074005,
    "p95_latency_ms": 18.532756628842506,
    "p99_latency_ms": 20.144300683524463,
    "throughput_rps": 496.4183248207151,
    "hit_rate": 0.0,
    "wasted_compute_ratio": 0.0,
    "reuse_attempts": 0,
    "reuse_successes": 0,
    "store_attempts": 32,
    "store_successes": 0,
    "requests_seen": 64,
    "reused_prefix_tokens_total": 0,
    "recompute_tokens_total": 10652
  }
}