{
  "shadow_kv": {
    "mean_latency_ms": 70.7036089686568,
    "p50_latency_ms": 65.04732025116425,
    "p95_latency_ms": 81.30915031395531,
    "p99_latency_ms": 88.379511210821,
    "throughput_rps": 113.14839676071462,
    "hit_rate": 0.96875,
    "wasted_compute_ratio": 0.0,
    "reuse_attempts": 62,
    "reuse_successes": 62,
    "store_attempts": 32,
    "store_successes": 62,
    "requests_seen": 64,
    "reused_prefix_tokens_total": 13640,
    "recompute_tokens_total": -2988
  }
}