{
  "shadow_kv": {
    "mean_latency_ms": 68.69925150010658,
    "p50_latency_ms": 63.20331138009806,
    "p95_latency_ms": 79.00413922512257,
    "p99_latency_ms": 85.87406437513323,
    "throughput_rps": 116.44959479635071,
    "hit_rate": 0.0,
    "wasted_compute_ratio": 0.0,
    "reuse_attempts": 61,
    "reuse_successes": 0,
    "store_attempts": 32,
    "store_successes": 0,
    "requests_seen": 64,
    "reused_prefix_tokens_total": 0,
    "recompute_tokens_total": 10652
  }
}