{
  "strict_reactive_prefix_cache": {
    "mean_latency_ms": 43.439284791636126,
    "p50_latency_ms": 39.96414200830524,
    "p95_latency_ms": 49.95517751038154,
    "p99_latency_ms": 54.299105989545154,
    "throughput_rps": 184.1650947609601,
    "hit_rate": 0.35,
    "wasted_compute_ratio": 0.0,
    "reuse_attempts": 32,
    "reuse_successes": 11,
    "store_attempts": 32,
    "store_successes": 11,
    "requests_seen": 64,
    "reused_prefix_tokens_total": 4928,
    "recompute_tokens_total": 5724
  }
}