{
  "no_cache": {
    "mean_latency_ms": 134.60942631253658,
    "p50_latency_ms": 123.84067220753366,
    "p95_latency_ms": 154.80084025941707,
    "p99_latency_ms": 168.26178289067073,
    "throughput_rps": 59.43120195331325,
    "hit_rate": 0.0,
    "wasted_compute_ratio": 0.0,
    "reuse_attempts": 0,
    "reuse_successes": 0,
    "store_attempts": 32,
    "store_successes": 0,
    "requests_seen": 64,
    "reused_prefix_tokens_total": 0,
    "recompute_tokens_total": 10652
  }
}