{
  "no_cache": {
    "mean_latency_ms": 87.61733296874752,
    "p50_latency_ms": 80.60794633124772,
    "p95_latency_ms": 100.75993291405963,
    "p99_latency_ms": 109.5216662109344,
    "throughput_rps": 91.30613463038807,
    "hit_rate": 0.0,
    "wasted_compute_ratio": 0.0,
    "reuse_attempts": 0,
    "reuse_successes": 0,
    "store_attempts": 32,
    "store_successes": 0,
    "requests_seen": 64,
    "reused_prefix_tokens_total": 0,
    "recompute_tokens_total": 10652
  }
}