{
  "greedy_prefix_cache": {
    "mean_latency_ms": 70.64954465029724,
    "p50_latency_ms": 64.99758107827347,
    "p95_latency_ms": 81.24697634784182,
    "p99_latency_ms": 88.31193081287155,
    "throughput_rps": 113.23498317786174,
    "hit_rate": 0.6,
    "wasted_compute_ratio": 0.0,
    "reuse_attempts": 32,
    "reuse_successes": 19,
    "store_attempts": 32,
    "store_successes": 19,
    "requests_seen": 64,
    "reused_prefix_tokens_total": 8448,
    "recompute_tokens_total": 2204
  }
}