{
  "strict_reactive_prefix_cache": {
    "mean_latency_ms": 308.98124319546525,
    "p50_latency_ms": 284.26274373982807,
    "p95_latency_ms": 355.328429674785,
    "p99_latency_ms": 386.22655399433154,
    "throughput_rps": 25.891539296251402,
    "hit_rate": 0.0,
    "wasted_compute_ratio": 0.035,
    "reuse_attempts": 32,
    "reuse_successes": 0,
    "store_attempts": 32,
    "store_successes": 0,
    "requests_seen": 64,
    "reused_prefix_tokens_total": 0,
    "recompute_tokens_total": 10652
  }
}