{
  "no_cache": {
    "mean_latency_ms": 56.08628612489497,
    "p50_latency_ms": 51.59938323490337,
    "p95_latency_ms": 64.49922904362921,
    "p99_latency_ms": 70.10785765611871,
    "throughput_rps": 142.63736383231563,
    "hit_rate": 0.0,
    "wasted_compute_ratio": 0.0,
    "reuse_attempts": 0,
    "reuse_successes": 0,
    "store_attempts": 32,
    "store_successes": 0,
    "requests_seen": 64,
    "reused_prefix_tokens_total": 0,
    "recompute_tokens_total": 10652
  }
}