{
  "shadow_kv": {
    "mean_latency_ms": 20.02549871875914,
    "p50_latency_ms": 18.423458821258407,
    "p95_latency_ms": 23.029323526573005,
    "p99_latency_ms": 25.031873398448923,
    "throughput_rps": 399.4906749815873,
    "hit_rate": 0.921875,
    "wasted_compute_ratio": 0.0,
    "reuse_attempts": 59,
    "reuse_successes": 59,
    "store_attempts": 32,
    "store_successes": 59,
    "requests_seen": 64,
    "reused_prefix_tokens_total": 12980,
    "recompute_tokens_total": -2328
  }
}