{
  "shadow_kv_plus_lite": {
    "mean_latency_ms": 15.30791346014101,
    "p50_latency_ms": 14.08328038332973,
    "p95_latency_ms": 17.60410047916216,
    "p99_latency_ms": 19.134891825176265,
    "throughput_rps": 522.6055151690351,
    "hit_rate": 0.35,
    "wasted_compute_ratio": 0.0,
    "reuse_attempts": 32,
    "reuse_successes": 11,
    "store_attempts": 32,
    "store_successes": 11,
    "requests_seen": 64,
    "reused_prefix_tokens_total": 4928,
    "recompute_tokens_total": 5724
  }
}