{
  "shadow_kv_plus_lite": {
    "mean_latency_ms": 241.36382953106047,
    "p50_latency_ms": 222.05472316857563,
    "p95_latency_ms": 277.56840396071954,
    "p99_latency_ms": 301.7047869138256,
    "throughput_rps": 33.144982889702206,
    "hit_rate": 0.0,
    "wasted_compute_ratio": 0.0,
    "reuse_attempts": 32,
    "reuse_successes": 0,
    "store_attempts": 32,
    "store_successes": 0,
    "requests_seen": 64,
    "reused_prefix_tokens_total": 0,
    "recompute_tokens_total": 10652
  }
}