{
  "reactive_prefix_cache": {
    "mean_latency_ms": 318.0925071004342,
    "p50_latency_ms": 292.6451065323995,
    "p95_latency_ms": 365.8063831654993,
    "p99_latency_ms": 397.61563387554276,
    "throughput_rps": 25.14991652247278,
    "hit_rate": 0.0,
    "wasted_compute_ratio": 0.108,
    "reuse_attempts": 32,
    "reuse_successes": 0,
    "store_attempts": 32,
    "store_successes": 0,
    "requests_seen": 64,
    "reused_prefix_tokens_total": 0,
    "recompute_tokens_total": 10652
  }
}