{
  "reactive_prefix_cache": {
    "mean_latency_ms": 61.10454859746413,
    "p50_latency_ms": 56.216184709667004,
    "p95_latency_ms": 70.27023088708374,
    "p99_latency_ms": 76.38068574683017,
    "throughput_rps": 130.92315029935438,
    "hit_rate": 0.35,
    "wasted_compute_ratio": 0.003,
    "reuse_attempts": 32,
    "reuse_successes": 11,
    "store_attempts": 32,
    "store_successes": 11,
    "requests_seen": 64,
    "reused_prefix_tokens_total": 4928,
    "recompute_tokens_total": 5724
  }
}