{
  "no_cache": {
    "mean_latency_ms": 83.72953751559464,
    "p50_latency_ms": 77.03117451434707,
    "p95_latency_ms": 96.28896814293383,
    "p99_latency_ms": 104.6619218944933,
    "throughput_rps": 95.54573257388408,
    "hit_rate": 0.0,
    "wasted_compute_ratio": 0.0,
    "reuse_attempts": 0,
    "reuse_successes": 0,
    "store_attempts": 32,
    "store_successes": 0,
    "requests_seen": 64,
    "reused_prefix_tokens_total": 0,
    "recompute_tokens_total": 10652
  }
}