{
  "shadow_kv_plus_lite": {
    "mean_latency_ms": 107.18469772026604,
    "p50_latency_ms": 98.60992190264477,
    "p95_latency_ms": 123.26240237830594,
    "p99_latency_ms": 133.98087215033254,
    "throughput_rps": 74.63751981536254,
    "hit_rate": 0.6,
    "wasted_compute_ratio": 0.0,
    "reuse_attempts": 32,
    "reuse_successes": 19,
    "store_attempts": 32,
    "store_successes": 19,
    "requests_seen": 64,
    "reused_prefix_tokens_total": 8448,
    "recompute_tokens_total": 2204
  }
}