{
  "shadow_kv": {
    "mean_latency_ms": 135.03022284383803,
    "p50_latency_ms": 124.22780501633099,
    "p95_latency_ms": 155.28475627041374,
    "p99_latency_ms": 168.78777855479754,
    "throughput_rps": 59.24599568536572,
    "hit_rate": 0.90625,
    "wasted_compute_ratio": 0.0,
    "reuse_attempts": 58,
    "reuse_successes": 58,
    "store_attempts": 32,
    "store_successes": 58,
    "requests_seen": 64,
    "reused_prefix_tokens_total": 12760,
    "recompute_tokens_total": -2108
  }
}