{
  "no_cache": {
    "mean_latency_ms": 20.635179093751788,
    "p50_latency_ms": 18.984364766251645,
    "p95_latency_ms": 23.730455957814552,
    "p99_latency_ms": 25.793973867189735,
    "throughput_rps": 387.68745178578814,
    "hit_rate": 0.0,
    "wasted_compute_ratio": 0.0,
    "reuse_attempts": 0,
    "reuse_successes": 0,
    "store_attempts": 32,
    "store_successes": 0,
    "requests_seen": 64,
    "reused_prefix_tokens_total": 0,
    "recompute_tokens_total": 10652
  }
}