{
  "shadow_kv_plus_lite": {
    "mean_latency_ms": 126.76802549632987,
    "p50_latency_ms": 116.62658345662348,
    "p95_latency_ms": 145.78322932077933,
    "p99_latency_ms": 158.46003187041234,
    "throughput_rps": 63.107396117261544,
    "hit_rate": 0.6,
    "wasted_compute_ratio": 0.0,
    "reuse_attempts": 32,
    "reuse_successes": 19,
    "store_attempts": 32,
    "store_successes": 19,
    "requests_seen": 64,
    "reused_prefix_tokens_total": 8448,
    "recompute_tokens_total": 2204
  }
}