{
  "shadow_kv_plus_lite": {
    "mean_latency_ms": 83.64362674636622,
    "p50_latency_ms": 76.95213660665694,
    "p95_latency_ms": 96.19017075832114,
    "p99_latency_ms": 104.55453343295778,
    "throughput_rps": 95.64386805295418,
    "hit_rate": 0.6,
    "wasted_compute_ratio": 0.0,
    "reuse_attempts": 32,
    "reuse_successes": 19,
    "store_attempts": 32,
    "store_successes": 19,
    "requests_seen": 64,
    "reused_prefix_tokens_total": 8448,
    "recompute_tokens_total": 2204
  }
}