{
  "reactive_prefix_cache": {
    "mean_latency_ms": 92.58790829875352,
    "p50_latency_ms": 85.18087563485324,
    "p95_latency_ms": 106.47609454356653,
    "p99_latency_ms": 115.7348853734419,
    "throughput_rps": 86.40437122940925,
    "hit_rate": 0.0,
    "wasted_compute_ratio": 0.108,
    "reuse_attempts": 32,
    "reuse_successes": 0,
    "store_attempts": 32,
    "store_successes": 0,
    "requests_seen": 64,
    "reused_prefix_tokens_total": 0,
    "recompute_tokens_total": 10652
  }
}