{
  "greedy_prefix_cache": {
    "mean_latency_ms": 97.48036757339453,
    "p50_latency_ms": 89.68193816752297,
    "p95_latency_ms": 112.1024227094037,
    "p99_latency_ms": 121.85045946674316,
    "throughput_rps": 82.06780707896564,
    "hit_rate": 0.35,
    "wasted_compute_ratio": 0.0,
    "reuse_attempts": 32,
    "reuse_successes": 11,
    "store_attempts": 32,
    "store_successes": 11,
    "requests_seen": 64,
    "reused_prefix_tokens_total": 4928,
    "recompute_tokens_total": 5724
  }
}