{
  "shadow_kv_plus_lite": {
    "mean_latency_ms": 59.295780996251324,
    "p50_latency_ms": 54.55211851655122,
    "p95_latency_ms": 68.19014814568902,
    "p99_latency_ms": 74.11972624531415,
    "throughput_rps": 134.9168501635177,
    "hit_rate": 0.0,
    "wasted_compute_ratio": 0.0,
    "reuse_attempts": 32,
    "reuse_successes": 0,
    "store_attempts": 32,
    "store_successes": 0,
    "requests_seen": 64,
    "reused_prefix_tokens_total": 0,
    "recompute_tokens_total": 10652
  }
}