{
  "shadow_kv_plus_lite": {
    "mean_latency_ms": 299.42813836601505,
    "p50_latency_ms": 275.47388729673384,
    "p95_latency_ms": 344.34235912091725,
    "p99_latency_ms": 374.2851729575188,
    "throughput_rps": 26.717595893479317,
    "hit_rate": 0.35,
    "wasted_compute_ratio": 0.0,
    "reuse_attempts": 32,
    "reuse_successes": 11,
    "store_attempts": 32,
    "store_successes": 11,
    "requests_seen": 64,
    "reused_prefix_tokens_total": 4928,
    "recompute_tokens_total": 5724
  }
}