{
  "reactive_prefix_cache": {
    "mean_latency_ms": 42.96582771667284,
    "p50_latency_ms": 39.52856149933901,
    "p95_latency_ms": 49.41070187417376,
    "p99_latency_ms": 53.70728464584105,
    "throughput_rps": 186.1944811759232,
    "hit_rate": 0.6,
    "wasted_compute_ratio": 0.0,
    "reuse_attempts": 32,
    "reuse_successes": 19,
    "store_attempts": 32,
    "store_successes": 19,
    "requests_seen": 64,
    "reused_prefix_tokens_total": 8448,
    "recompute_tokens_total": 2204
  }
}