{
  "completed_or_existing": 1,
  "failed_or_timeout": 0,
  "items": [
    {
      "model": "distilgpt2",
      "dataset": "samsum",
      "result_file": "results\\cpu_matrix_fixed_20260422\\benchmark_hf_distilgpt2_public_dataset_samsum_cpu.json",
      "status": "completed",
      "elapsed_seconds": 34.15,
      "exit_code": 0,
      "summary": {
        "winner": "strict_reactive_prefix_cache",
        "engines": {
          "no_cache": {
            "mean_latency_ms": 153.6417000061192,
            "p95_latency_ms": 269.1656250026426,
            "hit_rate": 0.0,
            "reuse_success_rate": 0.0,
            "wasted_compute_ratio": 0.0,
            "speedup_vs_no_cache_mean": 1.0
          },
          "reactive_prefix_cache": {
            "mean_latency_ms": 153.8014312463929,
            "p95_latency_ms": 270.9160250014975,
            "hit_rate": 0.0625,
            "reuse_success_rate": 0.1111111111111111,
            "wasted_compute_ratio": 0.0,
            "speedup_vs_no_cache_mean": 0.9989614450335134
          },
          "strict_reactive_prefix_cache": {
            "mean_latency_ms": 151.90536249974684,
            "p95_latency_ms": 256.19120000192197,
            "hit_rate": 0.0625,
            "reuse_success_rate": 0.1111111111111111,
            "wasted_compute_ratio": 0.0,
            "speedup_vs_no_cache_mean": 1.0114303898019088
          },
          "frequency_speculative": {
            "mean_latency_ms": 153.9022937486152,
            "p95_latency_ms": 272.1568750057486,
            "hit_rate": 0.25,
            "reuse_success_rate": 0.26666666666666666,
            "wasted_compute_ratio": 1.0,
            "speedup_vs_no_cache_mean": 0.9983067585534389
          },
          "shadow_kv": {
            "mean_latency_ms": 157.80044374878344,
            "p95_latency_ms": 280.7255250081653,
            "hit_rate": 0.0625,
            "reuse_success_rate": 0.1111111111111111,
            "wasted_compute_ratio": 0.0,
            "speedup_vs_no_cache_mean": 0.9736455510271891
          }
        }
      }
    }
  ],
  "failures": []
}