{
  "strict_reactive_prefix_cache": {
    "mean_latency_ms": 71.62932463040028,
    "p50_latency_ms": 65.89897865996825,
    "p95_latency_ms": 82.37372332496031,
    "p99_latency_ms": 89.53665578800035,
    "throughput_rps": 111.68610120616314,
    "hit_rate": 0.0,
    "wasted_compute_ratio": 0.035,
    "reuse_attempts": 32,
    "reuse_successes": 0,
    "store_attempts": 32,
    "store_successes": 0,
    "requests_seen": 64,
    "reused_prefix_tokens_total": 0,
    "recompute_tokens_total": 10652
  }
}