{
  "no_cache": {
    "mean_latency_ms": 55.849904406187534,
    "p50_latency_ms": 51.38191205369253,
    "p95_latency_ms": 64.22739006711566,
    "p99_latency_ms": 69.81238050773442,
    "throughput_rps": 143.2410688085921,
    "hit_rate": 0.0,
    "wasted_compute_ratio": 0.0,
    "reuse_attempts": 0,
    "reuse_successes": 0,
    "store_attempts": 32,
    "store_successes": 0,
    "requests_seen": 64,
    "reused_prefix_tokens_total": 0,
    "recompute_tokens_total": 10652
  }
}