{
  "no_cache": {
    "mean_latency_ms": 80.55763078496021,
    "hit_rate": 0.0,
    "evictions": 0,
    "victim_recovery_hit_rate": 0.0
  },
  "native": {
    "mean_latency_ms": 69.34281925259143,
    "hit_rate": 0.5555535811464927,
    "evictions": 12,
    "victim_recovery_hit_rate": 0.5479999999999999
  },
  "meritkv": {
    "mean_latency_ms": 66.64455008490425,
    "hit_rate": 0.9520650012129179,
    "evictions": 2.5,
    "victim_recovery_hit_rate": 0.95
  }
}