{
  "shadow_kv": {
    "mean_latency_ms": 20.158510484350245,
    "p50_latency_ms": 18.545829645602225,
    "p95_latency_ms": 23.182287057002778,
    "p99_latency_ms": 25.198138105437806,
    "throughput_rps": 396.85471831912776,
    "hit_rate": 0.0,
    "wasted_compute_ratio": 0.0,
    "reuse_attempts": 61,
    "reuse_successes": 0,
    "store_attempts": 32,
    "store_successes": 0,
    "requests_seen": 64,
    "reused_prefix_tokens_total": 0,
    "recompute_tokens_total": 10652
  }
}