{
  "shadow_kv_plus": {
    "mean_latency_ms": 161.13660106263694,
    "p50_latency_ms": 148.245672977626,
    "p95_latency_ms": 185.30709122203245,
    "p99_latency_ms": 201.42075132829618,
    "throughput_rps": 49.64731753830555,
    "hit_rate": 0.984375,
    "wasted_compute_ratio": 0.0,
    "reuse_attempts": 63,
    "reuse_successes": 63,
    "store_attempts": 32,
    "store_successes": 63,
    "requests_seen": 64,
    "reused_prefix_tokens_total": 13860,
    "recompute_tokens_total": -3208
  }
}