{
  "reactive_prefix_cache": {
    "mean_latency_ms": 99.54896800404744,
    "p50_latency_ms": 91.58505056372364,
    "p95_latency_ms": 114.48131320465454,
    "p99_latency_ms": 124.4362100050593,
    "throughput_rps": 80.36246040918012,
    "hit_rate": 0.6,
    "wasted_compute_ratio": 0.0,
    "reuse_attempts": 32,
    "reuse_successes": 19,
    "store_attempts": 32,
    "store_successes": 19,
    "requests_seen": 64,
    "reused_prefix_tokens_total": 8448,
    "recompute_tokens_total": 2204
  }
}