{
  "shadow_kv_plus": {
    "mean_latency_ms": 17.07814176564071,
    "p50_latency_ms": 15.711890424389452,
    "p95_latency_ms": 19.639863030486815,
    "p99_latency_ms": 21.347677207050886,
    "throughput_rps": 468.43503876370767,
    "hit_rate": 0.0,
    "wasted_compute_ratio": 0.0,
    "reuse_attempts": 0,
    "reuse_successes": 0,
    "store_attempts": 32,
    "store_successes": 0,
    "requests_seen": 64,
    "reused_prefix_tokens_total": 0,
    "recompute_tokens_total": 10652
  }
}