{
  "shadow_kv_plus_lite": {
    "mean_latency_ms": 453.88949239470855,
    "p50_latency_ms": 417.5783330031319,
    "p95_latency_ms": 521.9729162539148,
    "p99_latency_ms": 567.3618654933857,
    "throughput_rps": 17.625435560960486,
    "hit_rate": 0.35,
    "wasted_compute_ratio": 0.0,
    "reuse_attempts": 32,
    "reuse_successes": 11,
    "store_attempts": 32,
    "store_successes": 11,
    "requests_seen": 64,
    "reused_prefix_tokens_total": 4928,
    "recompute_tokens_total": 5724
  }
}