{
  "shadow_kv": {
    "mean_latency_ms": 116.66479139043417,
    "p50_latency_ms": 107.33160807919944,
    "p95_latency_ms": 134.1645100989993,
    "p99_latency_ms": 145.83098923804272,
    "throughput_rps": 68.57253079231883,
    "hit_rate": 0.90625,
    "wasted_compute_ratio": 0.0,
    "reuse_attempts": 58,
    "reuse_successes": 58,
    "store_attempts": 32,
    "store_successes": 58,
    "requests_seen": 64,
    "reused_prefix_tokens_total": 12760,
    "recompute_tokens_total": -2108
  }
}