{
  "reactive_prefix_cache": {
    "mean_latency_ms": 219.5358211294069,
    "p50_latency_ms": 201.97295543905437,
    "p95_latency_ms": 252.46619429881792,
    "p99_latency_ms": 274.4197764117586,
    "throughput_rps": 36.440522365980286,
    "hit_rate": 0.6,
    "wasted_compute_ratio": 0.0,
    "reuse_attempts": 32,
    "reuse_successes": 19,
    "store_attempts": 32,
    "store_successes": 19,
    "requests_seen": 64,
    "reused_prefix_tokens_total": 8448,
    "recompute_tokens_total": 2204
  }
}