{
  "shadow_kv": {
    "mean_latency_ms": 291.0404517654115,
    "p50_latency_ms": 267.75721562417857,
    "p95_latency_ms": 334.6965195302232,
    "p99_latency_ms": 363.80056470676436,
    "throughput_rps": 27.487587898771793,
    "hit_rate": 0.0,
    "wasted_compute_ratio": 1.0,
    "reuse_attempts": 62,
    "reuse_successes": 0,
    "store_attempts": 32,
    "store_successes": 0,
    "requests_seen": 64,
    "reused_prefix_tokens_total": 0,
    "recompute_tokens_total": 10652
  }
}