{
  "shadow_kv_plus_lite": {
    "mean_latency_ms": 23.1355192018345,
    "p50_latency_ms": 21.28467766568774,
    "p95_latency_ms": 26.605847082109676,
    "p99_latency_ms": 28.919399002293126,
    "throughput_rps": 345.78865208115366,
    "hit_rate": 0.35,
    "wasted_compute_ratio": 0.0,
    "reuse_attempts": 32,
    "reuse_successes": 11,
    "store_attempts": 32,
    "store_successes": 11,
    "requests_seen": 64,
    "reused_prefix_tokens_total": 4928,
    "recompute_tokens_total": 5724
  }
}