{
  "shadow_kv_plus": {
    "mean_latency_ms": 19.39657723437449,
    "p50_latency_ms": 17.84485105562453,
    "p95_latency_ms": 22.306063819530664,
    "p99_latency_ms": 24.245721542968113,
    "throughput_rps": 412.44390200052675,
    "hit_rate": 0.0,
    "wasted_compute_ratio": 0.0,
    "reuse_attempts": 0,
    "reuse_successes": 0,
    "store_attempts": 32,
    "store_successes": 0,
    "requests_seen": 64,
    "reused_prefix_tokens_total": 0,
    "recompute_tokens_total": 10652
  }
}