{
  "no_cache": {
    "mean_latency_ms": 115.22401121851544,
    "p50_latency_ms": 106.00609032103421,
    "p95_latency_ms": 132.50761290129276,
    "p99_latency_ms": 144.0300140231443,
    "throughput_rps": 69.42997310541878,
    "hit_rate": 0.0,
    "wasted_compute_ratio": 0.0,
    "reuse_attempts": 0,
    "reuse_successes": 0,
    "store_attempts": 32,
    "store_successes": 0,
    "requests_seen": 64,
    "reused_prefix_tokens_total": 0,
    "recompute_tokens_total": 10652
  }
}