{
  "shadow_kv_plus_lite": {
    "mean_latency_ms": 89.19608408087456,
    "p50_latency_ms": 82.0603973544046,
    "p95_latency_ms": 102.57549669300573,
    "p99_latency_ms": 111.4951051010932,
    "throughput_rps": 89.69003608663311,
    "hit_rate": 0.6,
    "wasted_compute_ratio": 0.0,
    "reuse_attempts": 32,
    "reuse_successes": 19,
    "store_attempts": 32,
    "store_successes": 19,
    "requests_seen": 64,
    "reused_prefix_tokens_total": 8448,
    "recompute_tokens_total": 2204
  }
}