{
  "greedy_prefix_cache": {
    "mean_latency_ms": 20.226608764364535,
    "p50_latency_ms": 18.608480063215374,
    "p95_latency_ms": 23.260600079019213,
    "p99_latency_ms": 25.283260955455667,
    "throughput_rps": 395.51860092802553,
    "hit_rate": 0.0,
    "wasted_compute_ratio": 0.0,
    "reuse_attempts": 32,
    "reuse_successes": 0,
    "store_attempts": 32,
    "store_successes": 0,
    "requests_seen": 64,
    "reused_prefix_tokens_total": 0,
    "recompute_tokens_total": 10652
  }
}