{
  "reactive_prefix_cache": {
    "mean_latency_ms": 22.319348455230266,
    "p50_latency_ms": 20.533800578811846,
    "p95_latency_ms": 25.667250723514805,
    "p99_latency_ms": 27.899185569037833,
    "throughput_rps": 358.4334021240346,
    "hit_rate": 0.35,
    "wasted_compute_ratio": 0.003,
    "reuse_attempts": 32,
    "reuse_successes": 11,
    "store_attempts": 32,
    "store_successes": 11,
    "requests_seen": 64,
    "reused_prefix_tokens_total": 4928,
    "recompute_tokens_total": 5724
  }
}