{
  "strict_reactive_prefix_cache": {
    "mean_latency_ms": 103.5969018512864,
    "p50_latency_ms": 95.3091497031835,
    "p95_latency_ms": 119.13643712897935,
    "p99_latency_ms": 129.496127314108,
    "throughput_rps": 77.22238654862497,
    "hit_rate": 0.6,
    "wasted_compute_ratio": 0.0,
    "reuse_attempts": 32,
    "reuse_successes": 19,
    "store_attempts": 32,
    "store_successes": 19,
    "requests_seen": 64,
    "reused_prefix_tokens_total": 8448,
    "recompute_tokens_total": 2204
  }
}