{
  "shadow_kv_plus_lite": {
    "mean_latency_ms": 161.34763865235158,
    "p50_latency_ms": 148.43982756016345,
    "p95_latency_ms": 185.5497844502043,
    "p99_latency_ms": 201.68454831543949,
    "throughput_rps": 49.58238042291549,
    "hit_rate": 0.0,
    "wasted_compute_ratio": 0.0,
    "reuse_attempts": 32,
    "reuse_successes": 0,
    "store_attempts": 32,
    "store_successes": 0,
    "requests_seen": 64,
    "reused_prefix_tokens_total": 0,
    "recompute_tokens_total": 10652
  }
}