{
  "shadow_kv_plus_lite": {
    "mean_latency_ms": 197.94103352948616,
    "p50_latency_ms": 182.10575084712727,
    "p95_latency_ms": 227.63218855890906,
    "p99_latency_ms": 247.4262919118577,
    "throughput_rps": 40.416076734328485,
    "hit_rate": 0.6,
    "wasted_compute_ratio": 0.0,
    "reuse_attempts": 32,
    "reuse_successes": 19,
    "store_attempts": 32,
    "store_successes": 19,
    "requests_seen": 64,
    "reused_prefix_tokens_total": 8448,
    "recompute_tokens_total": 2204
  }
}