{
  "no_cache": {
    "mean_latency_ms": 103.48105368740335,
    "p50_latency_ms": 95.20256939241108,
    "p95_latency_ms": 119.00321174051383,
    "p99_latency_ms": 129.35131710925418,
    "throughput_rps": 77.30883784935631,
    "hit_rate": 0.0,
    "wasted_compute_ratio": 0.0,
    "reuse_attempts": 0,
    "reuse_successes": 0,
    "store_attempts": 32,
    "store_successes": 0,
    "requests_seen": 64,
    "reused_prefix_tokens_total": 0,
    "recompute_tokens_total": 10652
  }
}