{
  "shadow_kv_plus": {
    "mean_latency_ms": 41.2943066094158,
    "p50_latency_ms": 37.990762080662535,
    "p95_latency_ms": 47.48845260082816,
    "p99_latency_ms": 51.61788326176975,
    "throughput_rps": 193.73130721550524,
    "hit_rate": 0.967741935483871,
    "wasted_compute_ratio": 0.0,
    "reuse_attempts": 60,
    "reuse_successes": 62,
    "store_attempts": 32,
    "store_successes": 62,
    "requests_seen": 64,
    "reused_prefix_tokens_total": 13625,
    "recompute_tokens_total": -2973
  }
}