{
  "reactive_prefix_cache": {
    "mean_latency_ms": 21.943579651968875,
    "p50_latency_ms": 20.188093279811365,
    "p95_latency_ms": 25.235116599764204,
    "p99_latency_ms": 27.429474564961094,
    "throughput_rps": 364.57132914876104,
    "hit_rate": 0.35,
    "wasted_compute_ratio": 0.003,
    "reuse_attempts": 32,
    "reuse_successes": 11,
    "store_attempts": 32,
    "store_successes": 11,
    "requests_seen": 64,
    "reused_prefix_tokens_total": 4928,
    "recompute_tokens_total": 5724
  }
}