{
  "no_cache": {
    "mean_latency_ms": 47.874578343680696,
    "p50_latency_ms": 44.04461207618624,
    "p95_latency_ms": 55.05576509523279,
    "p99_latency_ms": 59.84322292960087,
    "throughput_rps": 167.10329942897505,
    "hit_rate": 0.0,
    "wasted_compute_ratio": 0.0,
    "reuse_attempts": 0,
    "reuse_successes": 0,
    "store_attempts": 32,
    "store_successes": 0,
    "requests_seen": 64,
    "reused_prefix_tokens_total": 0,
    "recompute_tokens_total": 10652
  }
}