{
  "reactive_prefix_cache": {
    "mean_latency_ms": 120.25704197446368,
    "p50_latency_ms": 110.63647861650658,
    "p95_latency_ms": 138.2955982706332,
    "p99_latency_ms": 150.32130246807958,
    "throughput_rps": 66.52417079823718,
    "hit_rate": 0.6,
    "wasted_compute_ratio": 0.0,
    "reuse_attempts": 32,
    "reuse_successes": 19,
    "store_attempts": 32,
    "store_successes": 19,
    "requests_seen": 64,
    "reused_prefix_tokens_total": 8448,
    "recompute_tokens_total": 2204
  }
}