{
  "shadow_kv_plus_lite": {
    "mean_latency_ms": 83.26908988284033,
    "p50_latency_ms": 76.60756269221311,
    "p95_latency_ms": 95.75945336526638,
    "p99_latency_ms": 104.08636235355041,
    "throughput_rps": 96.07406555368871,
    "hit_rate": 0.0,
    "wasted_compute_ratio": 0.0,
    "reuse_attempts": 32,
    "reuse_successes": 0,
    "store_attempts": 32,
    "store_successes": 0,
    "requests_seen": 64,
    "reused_prefix_tokens_total": 0,
    "recompute_tokens_total": 10652
  }
}