{
  "shadow_kv": {
    "mean_latency_ms": 19.050786921880558,
    "p50_latency_ms": 17.526723968130113,
    "p95_latency_ms": 21.908404960162642,
    "p99_latency_ms": 23.813483652350698,
    "throughput_rps": 419.9301599878635,
    "hit_rate": 0.0,
    "wasted_compute_ratio": 1.0,
    "reuse_attempts": 62,
    "reuse_successes": 0,
    "store_attempts": 32,
    "store_successes": 0,
    "requests_seen": 64,
    "reused_prefix_tokens_total": 0,
    "recompute_tokens_total": 10652
  }
}