{
  "reactive_prefix_cache": {
    "mean_latency_ms": 67.30805589481228,
    "p50_latency_ms": 61.92341142322731,
    "p95_latency_ms": 77.40426427903412,
    "p99_latency_ms": 84.13506986851536,
    "throughput_rps": 118.8565008102781,
    "hit_rate": 0.35,
    "wasted_compute_ratio": 0.003,
    "reuse_attempts": 32,
    "reuse_successes": 11,
    "store_attempts": 32,
    "store_successes": 11,
    "requests_seen": 64,
    "reused_prefix_tokens_total": 4928,
    "recompute_tokens_total": 5724
  }
}