{
  "shadow_kv_plus": {
    "mean_latency_ms": 284.4795517966645,
    "p50_latency_ms": 261.72118765293135,
    "p95_latency_ms": 327.1514845661642,
    "p99_latency_ms": 355.59943974583064,
    "throughput_rps": 28.12152912037103,
    "hit_rate": 0.0,
    "wasted_compute_ratio": 1.0,
    "reuse_attempts": 0,
    "reuse_successes": 0,
    "store_attempts": 32,
    "store_successes": 0,
    "requests_seen": 64,
    "reused_prefix_tokens_total": 0,
    "recompute_tokens_total": 10652
  }
}