{
  "shadow_kv_plus": {
    "mean_latency_ms": 145.8592808281196,
    "p50_latency_ms": 134.19053836187004,
    "p95_latency_ms": 167.73817295233755,
    "p99_latency_ms": 182.3241010351495,
    "throughput_rps": 54.84738409911118,
    "hit_rate": 0.0,
    "wasted_compute_ratio": 1.0,
    "reuse_attempts": 0,
    "reuse_successes": 0,
    "store_attempts": 32,
    "store_successes": 0,
    "requests_seen": 64,
    "reused_prefix_tokens_total": 0,
    "recompute_tokens_total": 10652
  }
}