{
  "greedy_prefix_cache": {
    "mean_latency_ms": 111.69105012573063,
    "p50_latency_ms": 102.75576611567219,
    "p95_latency_ms": 128.4447076445902,
    "p99_latency_ms": 139.6138126571633,
    "throughput_rps": 71.62615080612457,
    "hit_rate": 0.0,
    "wasted_compute_ratio": 0.0,
    "reuse_attempts": 32,
    "reuse_successes": 0,
    "store_attempts": 32,
    "store_successes": 0,
    "requests_seen": 64,
    "reused_prefix_tokens_total": 0,
    "recompute_tokens_total": 10652
  }
}