{
  "reactive_prefix_cache": {
    "mean_latency_ms": 21.152621388833065,
    "p50_latency_ms": 19.46041167772642,
    "p95_latency_ms": 24.325514597158023,
    "p99_latency_ms": 26.440776736041332,
    "throughput_rps": 378.2037154138908,
    "hit_rate": 0.0,
    "wasted_compute_ratio": 0.108,
    "reuse_attempts": 32,
    "reuse_successes": 0,
    "store_attempts": 32,
    "store_successes": 0,
    "requests_seen": 64,
    "reused_prefix_tokens_total": 0,
    "recompute_tokens_total": 10652
  }
}