{
  "greedy_prefix_cache": {
    "mean_latency_ms": 22.47883737426352,
    "p50_latency_ms": 20.680530384322438,
    "p95_latency_ms": 25.850662980403047,
    "p99_latency_ms": 28.0985467178294,
    "throughput_rps": 355.8902921358096,
    "hit_rate": 0.0,
    "wasted_compute_ratio": 0.0,
    "reuse_attempts": 32,
    "reuse_successes": 0,
    "store_attempts": 32,
    "store_successes": 0,
    "requests_seen": 64,
    "reused_prefix_tokens_total": 0,
    "recompute_tokens_total": 10652
  }
}