{
  "no_cache": {
    "mean_latency_ms": 108.2860836561963,
    "p50_latency_ms": 99.6231969637006,
    "p95_latency_ms": 124.52899620462573,
    "p99_latency_ms": 135.35760457024537,
    "throughput_rps": 73.8783759638003,
    "hit_rate": 0.0,
    "wasted_compute_ratio": 0.0,
    "reuse_attempts": 0,
    "reuse_successes": 0,
    "store_attempts": 32,
    "store_successes": 0,
    "requests_seen": 64,
    "reused_prefix_tokens_total": 0,
    "recompute_tokens_total": 10652
  }
}