{
  "shadow_kv_plus_lite": {
    "mean_latency_ms": 24.729059101580294,
    "p50_latency_ms": 22.75073437345387,
    "p95_latency_ms": 28.438417966817337,
    "p99_latency_ms": 30.911323876975366,
    "throughput_rps": 323.5060406923758,
    "hit_rate": 0.0,
    "wasted_compute_ratio": 0.0,
    "reuse_attempts": 32,
    "reuse_successes": 0,
    "store_attempts": 32,
    "store_successes": 0,
    "requests_seen": 64,
    "reused_prefix_tokens_total": 0,
    "recompute_tokens_total": 10652
  }
}