{
  "strict_reactive_prefix_cache": {
    "mean_latency_ms": 61.671565047598904,
    "p50_latency_ms": 56.737839843790994,
    "p95_latency_ms": 70.92229980473873,
    "p99_latency_ms": 77.08945630949863,
    "throughput_rps": 129.71942570008557,
    "hit_rate": 0.6,
    "wasted_compute_ratio": 0.0,
    "reuse_attempts": 32,
    "reuse_successes": 19,
    "store_attempts": 32,
    "store_successes": 19,
    "requests_seen": 64,
    "reused_prefix_tokens_total": 8448,
    "recompute_tokens_total": 2204
  }
}