{
  "shadow_kv_plus_lite": {
    "mean_latency_ms": 76.46774244502761,
    "p50_latency_ms": 70.3503230494254,
    "p95_latency_ms": 87.93790381178175,
    "p99_latency_ms": 95.58467805628452,
    "throughput_rps": 104.6192779360679,
    "hit_rate": 0.6,
    "wasted_compute_ratio": 0.0,
    "reuse_attempts": 32,
    "reuse_successes": 19,
    "store_attempts": 32,
    "store_successes": 19,
    "requests_seen": 64,
    "reused_prefix_tokens_total": 8448,
    "recompute_tokens_total": 2204
  }
}