{
  "no_cache": {
    "mean_latency_ms": 50.51366767189336,
    "p50_latency_ms": 46.47257425814189,
    "p95_latency_ms": 58.090717822677355,
    "p99_latency_ms": 63.1420845898667,
    "throughput_rps": 158.37297841770717,
    "hit_rate": 0.0,
    "wasted_compute_ratio": 0.0,
    "reuse_attempts": 0,
    "reuse_successes": 0,
    "store_attempts": 32,
    "store_successes": 0,
    "requests_seen": 64,
    "reused_prefix_tokens_total": 0,
    "recompute_tokens_total": 10652
  }
}