{
  "shadow_kv_plus_lite": {
    "mean_latency_ms": 83.24166590040583,
    "p50_latency_ms": 76.58233262837336,
    "p95_latency_ms": 95.7279157854667,
    "p99_latency_ms": 104.0520823755073,
    "throughput_rps": 96.10571717259441,
    "hit_rate": 0.6,
    "wasted_compute_ratio": 0.0,
    "reuse_attempts": 32,
    "reuse_successes": 19,
    "store_attempts": 32,
    "store_successes": 19,
    "requests_seen": 64,
    "reused_prefix_tokens_total": 8448,
    "recompute_tokens_total": 2204
  }
}