{
  "shadow_kv_plus": {
    "mean_latency_ms": 33.0889777187906,
    "p50_latency_ms": 30.441859501287354,
    "p95_latency_ms": 38.05232437660919,
    "p99_latency_ms": 41.36122214848825,
    "throughput_rps": 241.77235295658446,
    "hit_rate": 0.0,
    "wasted_compute_ratio": 0.0,
    "reuse_attempts": 0,
    "reuse_successes": 0,
    "store_attempts": 32,
    "store_successes": 0,
    "requests_seen": 64,
    "reused_prefix_tokens_total": 0,
    "recompute_tokens_total": 10652
  }
}