{
  "no_cache": {
    "mean_latency_ms": 16.536289796874826,
    "p50_latency_ms": 15.21338661312484,
    "p95_latency_ms": 19.01673326640605,
    "p99_latency_ms": 20.670362246093532,
    "throughput_rps": 483.78445819883433,
    "hit_rate": 0.0,
    "wasted_compute_ratio": 0.0,
    "reuse_attempts": 0,
    "reuse_successes": 0,
    "store_attempts": 32,
    "store_successes": 0,
    "requests_seen": 64,
    "reused_prefix_tokens_total": 0,
    "recompute_tokens_total": 10652
  }
}