{
  "shadow_kv_plus_lite": {
    "mean_latency_ms": 24.34254000371573,
    "p50_latency_ms": 22.395136803418474,
    "p95_latency_ms": 27.993921004273087,
    "p99_latency_ms": 30.42817500464466,
    "throughput_rps": 328.6427792160905,
    "hit_rate": 0.35,
    "wasted_compute_ratio": 0.0,
    "reuse_attempts": 32,
    "reuse_successes": 11,
    "store_attempts": 32,
    "store_successes": 11,
    "requests_seen": 64,
    "reused_prefix_tokens_total": 4928,
    "recompute_tokens_total": 5724
  }
}