{
  "reactive_prefix_cache": {
    "mean_latency_ms": 59.655049254268214,
    "p50_latency_ms": 54.88264531392676,
    "p95_latency_ms": 68.60330664240844,
    "p99_latency_ms": 74.56881156783527,
    "throughput_rps": 134.104323104345,
    "hit_rate": 0.35,
    "wasted_compute_ratio": 0.003,
    "reuse_attempts": 32,
    "reuse_successes": 11,
    "store_attempts": 32,
    "store_successes": 11,
    "requests_seen": 64,
    "reused_prefix_tokens_total": 4928,
    "recompute_tokens_total": 5724
  }
}