{
  "strict_reactive_prefix_cache": {
    "mean_latency_ms": 22.8467475638061,
    "p50_latency_ms": 21.019007758701616,
    "p95_latency_ms": 26.273759698377013,
    "p99_latency_ms": 28.558434454757627,
    "throughput_rps": 350.1592503553385,
    "hit_rate": 0.0,
    "wasted_compute_ratio": 0.035,
    "reuse_attempts": 32,
    "reuse_successes": 0,
    "store_attempts": 32,
    "store_successes": 0,
    "requests_seen": 64,
    "reused_prefix_tokens_total": 0,
    "recompute_tokens_total": 10652
  }
}