{
  "greedy_prefix_cache": {
    "mean_latency_ms": 341.51474726104937,
    "p50_latency_ms": 314.1935674801654,
    "p95_latency_ms": 392.74195935020674,
    "p99_latency_ms": 426.8934340763117,
    "throughput_rps": 23.425049911197263,
    "hit_rate": 0.35,
    "wasted_compute_ratio": 0.0,
    "reuse_attempts": 32,
    "reuse_successes": 11,
    "store_attempts": 32,
    "store_successes": 11,
    "requests_seen": 64,
    "reused_prefix_tokens_total": 4928,
    "recompute_tokens_total": 5724
  }
}