{
  "greedy_prefix_cache": {
    "mean_latency_ms": 18.99896875003046,
    "p50_latency_ms": 17.479051250028025,
    "p95_latency_ms": 21.848814062535027,
    "p99_latency_ms": 23.748710937538075,
    "throughput_rps": 421.0754860043219,
    "hit_rate": 0.6,
    "wasted_compute_ratio": 0.0,
    "reuse_attempts": 32,
    "reuse_successes": 19,
    "store_attempts": 32,
    "store_successes": 19,
    "requests_seen": 64,
    "reused_prefix_tokens_total": 8448,
    "recompute_tokens_total": 2204
  }
}