{
  "shadow_kv_plus_lite": {
    "mean_latency_ms": 359.19069521472835,
    "p50_latency_ms": 330.4554395975501,
    "p95_latency_ms": 413.06929949693756,
    "p99_latency_ms": 448.9883690184104,
    "throughput_rps": 22.272291867743142,
    "hit_rate": 0.0,
    "wasted_compute_ratio": 0.0,
    "reuse_attempts": 32,
    "reuse_successes": 0,
    "store_attempts": 32,
    "store_successes": 0,
    "requests_seen": 64,
    "reused_prefix_tokens_total": 0,
    "recompute_tokens_total": 10652
  }
}