{
  "shadow_kv_plus_lite": {
    "mean_latency_ms": 98.15154115807279,
    "p50_latency_ms": 90.29941786542697,
    "p95_latency_ms": 112.8742723317837,
    "p99_latency_ms": 122.68942644759099,
    "throughput_rps": 81.50661625491975,
    "hit_rate": 0.6,
    "wasted_compute_ratio": 0.0,
    "reuse_attempts": 32,
    "reuse_successes": 19,
    "store_attempts": 32,
    "store_successes": 19,
    "requests_seen": 64,
    "reused_prefix_tokens_total": 8448,
    "recompute_tokens_total": 2204
  }
}