{
  "greedy_prefix_cache": {
    "mean_latency_ms": 90.6834891134368,
    "p50_latency_ms": 83.42880998436186,
    "p95_latency_ms": 104.28601248045231,
    "p99_latency_ms": 113.354361391796,
    "throughput_rps": 88.21892582885432,
    "hit_rate": 0.6,
    "wasted_compute_ratio": 0.0,
    "reuse_attempts": 32,
    "reuse_successes": 19,
    "store_attempts": 32,
    "store_successes": 19,
    "requests_seen": 64,
    "reused_prefix_tokens_total": 8448,
    "recompute_tokens_total": 2204
  }
}