{
  "no_cache": {
    "mean_latency_ms": 154.61479057802308,
    "p50_latency_ms": 142.24560733178123,
    "p95_latency_ms": 177.80700916472654,
    "p99_latency_ms": 193.26848822252884,
    "throughput_rps": 51.74149232484307,
    "hit_rate": 0.0,
    "wasted_compute_ratio": 0.0,
    "reuse_attempts": 0,
    "reuse_successes": 0,
    "store_attempts": 32,
    "store_successes": 0,
    "requests_seen": 64,
    "reused_prefix_tokens_total": 0,
    "recompute_tokens_total": 10652
  }
}