{
  "shadow_kv_plus_lite": {
    "mean_latency_ms": 132.06856895707523,
    "p50_latency_ms": 121.50308344050922,
    "p95_latency_ms": 151.8788543006365,
    "p99_latency_ms": 165.08571119634405,
    "throughput_rps": 60.574594418450545,
    "hit_rate": 0.35,
    "wasted_compute_ratio": 0.0,
    "reuse_attempts": 32,
    "reuse_successes": 11,
    "store_attempts": 32,
    "store_successes": 11,
    "requests_seen": 64,
    "reused_prefix_tokens_total": 4928,
    "recompute_tokens_total": 5724
  }
}