{
  "shadow_kv": {
    "mean_latency_ms": 82.02471446872295,
    "p50_latency_ms": 75.46273731122511,
    "p95_latency_ms": 94.32842163903138,
    "p99_latency_ms": 102.53089308590368,
    "throughput_rps": 97.53157998557252,
    "hit_rate": 0.984375,
    "wasted_compute_ratio": 0.0,
    "reuse_attempts": 63,
    "reuse_successes": 63,
    "store_attempts": 32,
    "store_successes": 63,
    "requests_seen": 64,
    "reused_prefix_tokens_total": 13860,
    "recompute_tokens_total": -3208
  }
}