{
  "reactive_prefix_cache": {
    "mean_latency_ms": 62.04175649304804,
    "p50_latency_ms": 57.0784159736042,
    "p95_latency_ms": 71.34801996700524,
    "p99_latency_ms": 77.55219561631006,
    "throughput_rps": 128.94541438227049,
    "hit_rate": 0.0,
    "wasted_compute_ratio": 0.108,
    "reuse_attempts": 32,
    "reuse_successes": 0,
    "store_attempts": 32,
    "store_successes": 0,
    "requests_seen": 64,
    "reused_prefix_tokens_total": 0,
    "recompute_tokens_total": 10652
  }
}