{
  "greedy_prefix_cache": {
    "mean_latency_ms": 73.55911286884081,
    "p50_latency_ms": 67.67438383933356,
    "p95_latency_ms": 84.59297979916693,
    "p99_latency_ms": 91.94889108605102,
    "throughput_rps": 108.7560696152543,
    "hit_rate": 0.35,
    "wasted_compute_ratio": 0.0,
    "reuse_attempts": 32,
    "reuse_successes": 11,
    "store_attempts": 32,
    "store_successes": 11,
    "requests_seen": 64,
    "reused_prefix_tokens_total": 4928,
    "recompute_tokens_total": 5724
  }
}