{
  "reactive_prefix_cache": {
    "mean_latency_ms": 112.80247340271407,
    "p50_latency_ms": 103.77827553049696,
    "p95_latency_ms": 129.72284441312118,
    "p99_latency_ms": 141.0030917533926,
    "throughput_rps": 70.92043071998381,
    "hit_rate": 0.0,
    "wasted_compute_ratio": 0.108,
    "reuse_attempts": 32,
    "reuse_successes": 0,
    "store_attempts": 32,
    "store_successes": 0,
    "requests_seen": 64,
    "reused_prefix_tokens_total": 0,
    "recompute_tokens_total": 10652
  }
}