{
  "shadow_kv_plus_lite": {
    "mean_latency_ms": 156.42956249996232,
    "p50_latency_ms": 143.91519749996533,
    "p95_latency_ms": 179.89399687495666,
    "p99_latency_ms": 195.5369531249529,
    "throughput_rps": 51.14122850021988,
    "hit_rate": 0.0,
    "wasted_compute_ratio": 0.0,
    "reuse_attempts": 32,
    "reuse_successes": 0,
    "store_attempts": 32,
    "store_successes": 0,
    "requests_seen": 64,
    "reused_prefix_tokens_total": 0,
    "recompute_tokens_total": 10652
  }
}