{
  "reactive_prefix_cache": {
    "mean_latency_ms": 119.84374834874892,
    "p50_latency_ms": 110.25624848084901,
    "p95_latency_ms": 137.82031060106124,
    "p99_latency_ms": 149.80468543593614,
    "throughput_rps": 66.75358631740856,
    "hit_rate": 0.6,
    "wasted_compute_ratio": 0.0,
    "reuse_attempts": 32,
    "reuse_successes": 19,
    "store_attempts": 32,
    "store_successes": 19,
    "requests_seen": 64,
    "reused_prefix_tokens_total": 8448,
    "recompute_tokens_total": 2204
  }
}