{
  "reactive_prefix_cache": {
    "mean_latency_ms": 337.3081907140958,
    "p50_latency_ms": 310.32353545696816,
    "p95_latency_ms": 387.9044193212102,
    "p99_latency_ms": 421.6352383926198,
    "throughput_rps": 23.71718274336493,
    "hit_rate": 0.35,
    "wasted_compute_ratio": 0.003,
    "reuse_attempts": 32,
    "reuse_successes": 11,
    "store_attempts": 32,
    "store_successes": 11,
    "requests_seen": 64,
    "reused_prefix_tokens_total": 4928,
    "recompute_tokens_total": 5724
  }
}