{
  "greedy_prefix_cache": {
    "mean_latency_ms": 22.774648297014384,
    "p50_latency_ms": 20.952676433253234,
    "p95_latency_ms": 26.19084554156654,
    "p99_latency_ms": 28.46831037126798,
    "throughput_rps": 351.2677735202941,
    "hit_rate": 0.35,
    "wasted_compute_ratio": 0.0,
    "reuse_attempts": 32,
    "reuse_successes": 11,
    "store_attempts": 32,
    "store_successes": 11,
    "requests_seen": 64,
    "reused_prefix_tokens_total": 4928,
    "recompute_tokens_total": 5724
  }
}