{
  "shadow_kv_plus": {
    "mean_latency_ms": 72.28766585939184,
    "p50_latency_ms": 66.50465259064049,
    "p95_latency_ms": 83.13081573830061,
    "p99_latency_ms": 90.3595823242398,
    "throughput_rps": 110.6689489125428,
    "hit_rate": 0.984375,
    "wasted_compute_ratio": 0.0,
    "reuse_attempts": 63,
    "reuse_successes": 63,
    "store_attempts": 32,
    "store_successes": 63,
    "requests_seen": 64,
    "reused_prefix_tokens_total": 13860,
    "recompute_tokens_total": -3208
  }
}