{
  "reactive_prefix_cache": {
    "mean_latency_ms": 154.37391892761033,
    "p50_latency_ms": 142.0240054134015,
    "p95_latency_ms": 177.53000676675188,
    "p99_latency_ms": 192.96739865951292,
    "throughput_rps": 51.822225253939386,
    "hit_rate": 0.35,
    "wasted_compute_ratio": 0.003,
    "reuse_attempts": 32,
    "reuse_successes": 11,
    "store_attempts": 32,
    "store_successes": 11,
    "requests_seen": 64,
    "reused_prefix_tokens_total": 4928,
    "recompute_tokens_total": 5724
  }
}