{
  "shadow_kv_plus": {
    "mean_latency_ms": 167.2026611250601,
    "p50_latency_ms": 153.8264482350553,
    "p95_latency_ms": 192.2830602938191,
    "p99_latency_ms": 209.00332640632513,
    "throughput_rps": 47.846128441797696,
    "hit_rate": 0.9672131147540983,
    "wasted_compute_ratio": 0.0,
    "reuse_attempts": 59,
    "reuse_successes": 62,
    "store_attempts": 32,
    "store_successes": 62,
    "requests_seen": 64,
    "reused_prefix_tokens_total": 13618,
    "recompute_tokens_total": -2966
  }
}