{
  "shadow_kv_plus_lite": {
    "mean_latency_ms": 103.4655256985589,
    "p50_latency_ms": 95.1882836426742,
    "p95_latency_ms": 118.98535455334273,
    "p99_latency_ms": 129.33190712319862,
    "throughput_rps": 77.32044027213043,
    "hit_rate": 0.6,
    "wasted_compute_ratio": 0.0,
    "reuse_attempts": 32,
    "reuse_successes": 19,
    "store_attempts": 32,
    "store_successes": 19,
    "requests_seen": 64,
    "reused_prefix_tokens_total": 8448,
    "recompute_tokens_total": 2204
  }
}