{
  "strict_reactive_prefix_cache": {
    "mean_latency_ms": 140.6059804267709,
    "p50_latency_ms": 129.35750199262924,
    "p95_latency_ms": 161.69687749078653,
    "p99_latency_ms": 175.75747553346363,
    "throughput_rps": 56.896584168882384,
    "hit_rate": 0.0,
    "wasted_compute_ratio": 0.035,
    "reuse_attempts": 32,
    "reuse_successes": 0,
    "store_attempts": 32,
    "store_successes": 0,
    "requests_seen": 64,
    "reused_prefix_tokens_total": 0,
    "recompute_tokens_total": 10652
  }
}