{
  "strict_reactive_prefix_cache": {
    "mean_latency_ms": 18.363593296387858,
    "p50_latency_ms": 16.89450583267683,
    "p95_latency_ms": 21.118132290846034,
    "p99_latency_ms": 22.954491620484823,
    "throughput_rps": 435.6445860502481,
    "hit_rate": 0.0,
    "wasted_compute_ratio": 0.035,
    "reuse_attempts": 32,
    "reuse_successes": 0,
    "store_attempts": 32,
    "store_successes": 0,
    "requests_seen": 64,
    "reused_prefix_tokens_total": 0,
    "recompute_tokens_total": 10652
  }
}