{
  "shadow_kv_plus_lite": {
    "mean_latency_ms": 55.19632441176475,
    "p50_latency_ms": 50.78061845882357,
    "p95_latency_ms": 63.47577307352946,
    "p99_latency_ms": 68.99540551470594,
    "throughput_rps": 144.93718712717128,
    "hit_rate": 0.6,
    "wasted_compute_ratio": 0.0,
    "reuse_attempts": 32,
    "reuse_successes": 19,
    "store_attempts": 32,
    "store_successes": 19,
    "requests_seen": 64,
    "reused_prefix_tokens_total": 8448,
    "recompute_tokens_total": 2204
  }
}