{
  "strict_reactive_prefix_cache": {
    "mean_latency_ms": 20.92198140629541,
    "p50_latency_ms": 19.248222893791777,
    "p95_latency_ms": 24.060278617239717,
    "p99_latency_ms": 26.15247675786926,
    "throughput_rps": 382.3729619410141,
    "hit_rate": 0.35,
    "wasted_compute_ratio": 0.0,
    "reuse_attempts": 32,
    "reuse_successes": 11,
    "store_attempts": 32,
    "store_successes": 11,
    "requests_seen": 64,
    "reused_prefix_tokens_total": 4928,
    "recompute_tokens_total": 5724
  }
}