{
  "shadow_kv_plus": {
    "mean_latency_ms": 193.19152259387806,
    "p50_latency_ms": 177.73620078636782,
    "p95_latency_ms": 222.17025098295974,
    "p99_latency_ms": 241.48940324234758,
    "throughput_rps": 41.409684506795784,
    "hit_rate": 0.984375,
    "wasted_compute_ratio": 0.0,
    "reuse_attempts": 63,
    "reuse_successes": 63,
    "store_attempts": 32,
    "store_successes": 63,
    "requests_seen": 64,
    "reused_prefix_tokens_total": 13860,
    "recompute_tokens_total": -3208
  }
}