{
  "strict_reactive_prefix_cache": {
    "mean_latency_ms": 311.4224826113572,
    "p50_latency_ms": 286.50868400244866,
    "p95_latency_ms": 358.1358550030608,
    "p99_latency_ms": 389.27810326419655,
    "throughput_rps": 25.688575638206824,
    "hit_rate": 0.0,
    "wasted_compute_ratio": 0.035,
    "reuse_attempts": 32,
    "reuse_successes": 0,
    "store_attempts": 32,
    "store_successes": 0,
    "requests_seen": 64,
    "reused_prefix_tokens_total": 0,
    "recompute_tokens_total": 10652
  }
}