{
  "no_cache": {
    "mean_latency_ms": 159.1092053280505,
    "p50_latency_ms": 146.38046890180647,
    "p95_latency_ms": 182.97558612725808,
    "p99_latency_ms": 198.88650666006313,
    "throughput_rps": 50.27993184621621,
    "hit_rate": 0.0,
    "wasted_compute_ratio": 0.0,
    "reuse_attempts": 0,
    "reuse_successes": 0,
    "store_attempts": 32,
    "store_successes": 0,
    "requests_seen": 64,
    "reused_prefix_tokens_total": 0,
    "recompute_tokens_total": 10652
  }
}