{
  "reactive_prefix_cache": {
    "mean_latency_ms": 197.2446885415656,
    "p50_latency_ms": 181.46511345824038,
    "p95_latency_ms": 226.83139182280044,
    "p99_latency_ms": 246.55586067695702,
    "throughput_rps": 40.5587600819687,
    "hit_rate": 0.0,
    "wasted_compute_ratio": 0.108,
    "reuse_attempts": 32,
    "reuse_successes": 0,
    "store_attempts": 32,
    "store_successes": 0,
    "requests_seen": 64,
    "reused_prefix_tokens_total": 0,
    "recompute_tokens_total": 10652
  }
}