{
  "shadow_kv_plus_lite": {
    "mean_latency_ms": 83.31101354790061,
    "p50_latency_ms": 76.64613246406857,
    "p95_latency_ms": 95.8076655800857,
    "p99_latency_ms": 104.13876693487578,
    "throughput_rps": 96.0257192814046,
    "hit_rate": 0.6,
    "wasted_compute_ratio": 0.0,
    "reuse_attempts": 32,
    "reuse_successes": 19,
    "store_attempts": 32,
    "store_successes": 19,
    "requests_seen": 64,
    "reused_prefix_tokens_total": 8448,
    "recompute_tokens_total": 2204
  }
}