{
  "shadow_kv_plus_lite": {
    "mean_latency_ms": 118.59476047822467,
    "p50_latency_ms": 109.1071796399667,
    "p95_latency_ms": 136.38397454995837,
    "p99_latency_ms": 148.24345059778085,
    "throughput_rps": 67.45660573654845,
    "hit_rate": 0.6,
    "wasted_compute_ratio": 0.0,
    "reuse_attempts": 32,
    "reuse_successes": 19,
    "store_attempts": 32,
    "store_successes": 19,
    "requests_seen": 64,
    "reused_prefix_tokens_total": 8448,
    "recompute_tokens_total": 2204
  }
}