{
  "shadow_kv_plus": {
    "mean_latency_ms": 62.312000312232385,
    "p50_latency_ms": 57.327040287253794,
    "p95_latency_ms": 71.65880035906724,
    "p99_latency_ms": 77.89000039029048,
    "throughput_rps": 128.38618500310815,
    "hit_rate": 0.0,
    "wasted_compute_ratio": 0.0,
    "reuse_attempts": 0,
    "reuse_successes": 0,
    "store_attempts": 32,
    "store_successes": 0,
    "requests_seen": 64,
    "reused_prefix_tokens_total": 0,
    "recompute_tokens_total": 10652
  }
}