{
  "no_cache": {
    "mean_latency_ms": 252.24869207798406,
    "p50_latency_ms": 232.06879671174534,
    "p95_latency_ms": 290.08599588968167,
    "p99_latency_ms": 315.3108650974801,
    "throughput_rps": 31.714733321696496,
    "hit_rate": 0.0,
    "wasted_compute_ratio": 0.0,
    "reuse_attempts": 0,
    "reuse_successes": 0,
    "store_attempts": 32,
    "store_successes": 0,
    "requests_seen": 64,
    "reused_prefix_tokens_total": 0,
    "recompute_tokens_total": 10652
  }
}