{
  "strict_reactive_prefix_cache": {
    "mean_latency_ms": 23.925476857663675,
    "p50_latency_ms": 22.011438709050584,
    "p95_latency_ms": 27.514298386313225,
    "p99_latency_ms": 29.906846072079595,
    "throughput_rps": 334.3716009337337,
    "hit_rate": 0.35,
    "wasted_compute_ratio": 0.0,
    "reuse_attempts": 32,
    "reuse_successes": 11,
    "store_attempts": 32,
    "store_successes": 11,
    "requests_seen": 64,
    "reused_prefix_tokens_total": 4928,
    "recompute_tokens_total": 5724
  }
}