{
  "shadow_kv": {
    "mean_latency_ms": 19.635489203089662,
    "p50_latency_ms": 18.06465006684249,
    "p95_latency_ms": 22.58081258355311,
    "p99_latency_ms": 24.544361503862078,
    "throughput_rps": 407.4255506066634,
    "hit_rate": 0.0,
    "wasted_compute_ratio": 1.0,
    "reuse_attempts": 62,
    "reuse_successes": 0,
    "store_attempts": 32,
    "store_successes": 0,
    "requests_seen": 64,
    "reused_prefix_tokens_total": 0,
    "recompute_tokens_total": 10652
  }
}