{
  "shadow_kv": {
    "mean_latency_ms": 56.154844468551346,
    "p50_latency_ms": 51.66245691106724,
    "p95_latency_ms": 64.57807113883405,
    "p99_latency_ms": 70.19355558568918,
    "throughput_rps": 142.46322068401912,
    "hit_rate": 0.96875,
    "wasted_compute_ratio": 1.0,
    "reuse_attempts": 62,
    "reuse_successes": 62,
    "store_attempts": 32,
    "store_successes": 62,
    "requests_seen": 64,
    "reused_prefix_tokens_total": 13640,
    "recompute_tokens_total": -2988
  }
}