{
  "shadow_kv_plus": {
    "mean_latency_ms": 52.970767437415134,
    "p50_latency_ms": 48.73310604242192,
    "p95_latency_ms": 60.9163825530274,
    "p99_latency_ms": 66.21345929676892,
    "throughput_rps": 151.02669617637665,
    "hit_rate": 0.984375,
    "wasted_compute_ratio": 0.0,
    "reuse_attempts": 63,
    "reuse_successes": 63,
    "store_attempts": 32,
    "store_successes": 63,
    "requests_seen": 64,
    "reused_prefix_tokens_total": 13860,
    "recompute_tokens_total": -3208
  }
}