{
  "reactive_prefix_cache": {
    "mean_latency_ms": 155.34911519898225,
    "p50_latency_ms": 142.92118598306368,
    "p95_latency_ms": 178.65148247882956,
    "p99_latency_ms": 194.1863939987278,
    "throughput_rps": 51.49691383663839,
    "hit_rate": 0.6,
    "wasted_compute_ratio": 0.0,
    "reuse_attempts": 32,
    "reuse_successes": 19,
    "store_attempts": 32,
    "store_successes": 19,
    "requests_seen": 64,
    "reused_prefix_tokens_total": 8448,
    "recompute_tokens_total": 2204
  }
}