{
  "shadow_kv_plus_lite": {
    "mean_latency_ms": 22.60584828118084,
    "p50_latency_ms": 20.797380418686373,
    "p95_latency_ms": 25.996725523357963,
    "p99_latency_ms": 28.25731035147605,
    "throughput_rps": 353.890723342593,
    "hit_rate": 0.0,
    "wasted_compute_ratio": 0.0,
    "reuse_attempts": 32,
    "reuse_successes": 0,
    "store_attempts": 32,
    "store_successes": 0,
    "requests_seen": 64,
    "reused_prefix_tokens_total": 0,
    "recompute_tokens_total": 10652
  }
}