{
  "reactive_prefix_cache": {
    "mean_latency_ms": 335.5018645773488,
    "p50_latency_ms": 308.6617154111609,
    "p95_latency_ms": 385.8271442639511,
    "p99_latency_ms": 419.377330721686,
    "throughput_rps": 23.844874931106762,
    "hit_rate": 0.6,
    "wasted_compute_ratio": 0.0,
    "reuse_attempts": 32,
    "reuse_successes": 19,
    "store_attempts": 32,
    "store_successes": 19,
    "requests_seen": 64,
    "reused_prefix_tokens_total": 8448,
    "recompute_tokens_total": 2204
  }
}