{
  "shadow_kv_plus_lite": {
    "mean_latency_ms": 82.77141847416073,
    "p50_latency_ms": 76.14970499622787,
    "p95_latency_ms": 95.18713124528483,
    "p99_latency_ms": 103.4642730927009,
    "throughput_rps": 96.65172045465683,
    "hit_rate": 0.6,
    "wasted_compute_ratio": 0.0,
    "reuse_attempts": 32,
    "reuse_successes": 19,
    "store_attempts": 32,
    "store_successes": 19,
    "requests_seen": 64,
    "reused_prefix_tokens_total": 8448,
    "recompute_tokens_total": 2204
  }
}