{
  "shadow_kv_plus_lite": {
    "mean_latency_ms": 129.98100167512993,
    "p50_latency_ms": 119.58252154111955,
    "p95_latency_ms": 149.47815192639942,
    "p99_latency_ms": 162.47625209391242,
    "throughput_rps": 61.547456142820984,
    "hit_rate": 0.35,
    "wasted_compute_ratio": 0.0,
    "reuse_attempts": 32,
    "reuse_successes": 11,
    "store_attempts": 32,
    "store_successes": 11,
    "requests_seen": 64,
    "reused_prefix_tokens_total": 4928,
    "recompute_tokens_total": 5724
  }
}