{
  "no_cache": {
    "mean_latency_ms": 19.53269071876207,
    "p50_latency_ms": 17.970075461261104,
    "p95_latency_ms": 22.46259432657638,
    "p99_latency_ms": 24.415863398452586,
    "throughput_rps": 409.5697881662368,
    "hit_rate": 0.0,
    "wasted_compute_ratio": 0.0,
    "reuse_attempts": 0,
    "reuse_successes": 0,
    "store_attempts": 32,
    "store_successes": 0,
    "requests_seen": 64,
    "reused_prefix_tokens_total": 0,
    "recompute_tokens_total": 10652
  }
}