{
  "no_cache": {
    "mean_latency_ms": 20.315471906251048,
    "p50_latency_ms": 18.690234153750964,
    "p95_latency_ms": 23.3627926921887,
    "p99_latency_ms": 25.39433988281381,
    "throughput_rps": 393.78853894791433,
    "hit_rate": 0.0,
    "wasted_compute_ratio": 0.0,
    "reuse_attempts": 0,
    "reuse_successes": 0,
    "store_attempts": 32,
    "store_successes": 0,
    "requests_seen": 64,
    "reused_prefix_tokens_total": 0,
    "recompute_tokens_total": 10652
  }
}