{
  "greedy_prefix_cache": {
    "mean_latency_ms": 107.54955501077337,
    "p50_latency_ms": 98.9455906099115,
    "p95_latency_ms": 123.68198826238937,
    "p99_latency_ms": 134.43694376346673,
    "throughput_rps": 74.38431520426681,
    "hit_rate": 0.0,
    "wasted_compute_ratio": 0.0,
    "reuse_attempts": 32,
    "reuse_successes": 0,
    "store_attempts": 32,
    "store_successes": 0,
    "requests_seen": 64,
    "reused_prefix_tokens_total": 0,
    "recompute_tokens_total": 10652
  }
}