{
  "shadow_kv_plus": {
    "mean_latency_ms": 20.831540234361512,
    "p50_latency_ms": 19.16501701561259,
    "p95_latency_ms": 23.956271269515735,
    "p99_latency_ms": 26.03942529295189,
    "throughput_rps": 384.0330532451001,
    "hit_rate": 0.984375,
    "wasted_compute_ratio": 0.0,
    "reuse_attempts": 63,
    "reuse_successes": 63,
    "store_attempts": 32,
    "store_successes": 63,
    "requests_seen": 64,
    "reused_prefix_tokens_total": 13860,
    "recompute_tokens_total": -3208
  }
}