{
  "reactive_prefix_cache": {
    "mean_latency_ms": 99.94686514548076,
    "p50_latency_ms": 91.9511159338423,
    "p95_latency_ms": 114.93889491730286,
    "p99_latency_ms": 124.93358143185094,
    "throughput_rps": 80.0425304821252,
    "hit_rate": 0.35,
    "wasted_compute_ratio": 0.003,
    "reuse_attempts": 32,
    "reuse_successes": 11,
    "store_attempts": 32,
    "store_successes": 11,
    "requests_seen": 64,
    "reused_prefix_tokens_total": 4928,
    "recompute_tokens_total": 5724
  }
}