{
  "reactive_prefix_cache": {
    "mean_latency_ms": 80.75288826344976,
    "p50_latency_ms": 74.29265720237379,
    "p95_latency_ms": 92.86582150296722,
    "p99_latency_ms": 100.94111032931221,
    "throughput_rps": 99.06766398126402,
    "hit_rate": 0.35,
    "wasted_compute_ratio": 0.003,
    "reuse_attempts": 32,
    "reuse_successes": 11,
    "store_attempts": 32,
    "store_successes": 11,
    "requests_seen": 64,
    "reused_prefix_tokens_total": 4928,
    "recompute_tokens_total": 5724
  }
}