{
  "shadow_kv_plus": {
    "mean_latency_ms": 278.66884348367194,
    "p50_latency_ms": 256.3753360049782,
    "p95_latency_ms": 320.4691700062227,
    "p99_latency_ms": 348.3360543545899,
    "throughput_rps": 28.707909718183995,
    "hit_rate": 0.984375,
    "wasted_compute_ratio": 0.0,
    "reuse_attempts": 63,
    "reuse_successes": 63,
    "store_attempts": 32,
    "store_successes": 63,
    "requests_seen": 64,
    "reused_prefix_tokens_total": 13860,
    "recompute_tokens_total": -3208
  }
}