{
  "reactive_prefix_cache": {
    "mean_latency_ms": 167.33785809026674,
    "p50_latency_ms": 153.9508294430454,
    "p95_latency_ms": 192.43853680380673,
    "p99_latency_ms": 209.17232261283343,
    "throughput_rps": 47.807472208019874,
    "hit_rate": 0.0,
    "wasted_compute_ratio": 0.108,
    "reuse_attempts": 32,
    "reuse_successes": 0,
    "store_attempts": 32,
    "store_successes": 0,
    "requests_seen": 64,
    "reused_prefix_tokens_total": 0,
    "recompute_tokens_total": 10652
  }
}