{
  "shadow_kv": {
    "mean_latency_ms": 191.2455083750615,
    "p50_latency_ms": 175.94586770505657,
    "p95_latency_ms": 219.93233463132069,
    "p99_latency_ms": 239.05688546882686,
    "throughput_rps": 41.83104778759449,
    "hit_rate": 0.96875,
    "wasted_compute_ratio": 0.0,
    "reuse_attempts": 62,
    "reuse_successes": 62,
    "store_attempts": 32,
    "store_successes": 62,
    "requests_seen": 64,
    "reused_prefix_tokens_total": 13640,
    "recompute_tokens_total": -2988
  }
}