{
  "shadow_kv_plus_lite": {
    "mean_latency_ms": 343.3258923343922,
    "p50_latency_ms": 315.85982094764086,
    "p95_latency_ms": 394.824776184551,
    "p99_latency_ms": 429.15736541799026,
    "throughput_rps": 23.30147588230301,
    "hit_rate": 0.6,
    "wasted_compute_ratio": 0.0,
    "reuse_attempts": 32,
    "reuse_successes": 19,
    "store_attempts": 32,
    "store_successes": 19,
    "requests_seen": 64,
    "reused_prefix_tokens_total": 8448,
    "recompute_tokens_total": 2204
  }
}