{
  "shadow_kv_plus_lite": {
    "mean_latency_ms": 26.55934404292459,
    "p50_latency_ms": 24.434596519490622,
    "p95_latency_ms": 30.543245649363275,
    "p99_latency_ms": 33.19918005365574,
    "throughput_rps": 301.2122583701837,
    "hit_rate": 0.0,
    "wasted_compute_ratio": 0.0,
    "reuse_attempts": 32,
    "reuse_successes": 0,
    "store_attempts": 32,
    "store_successes": 0,
    "requests_seen": 64,
    "reused_prefix_tokens_total": 0,
    "recompute_tokens_total": 10652
  }
}