{
  "no_cache": {
    "mean_latency_ms": 72.44432473437712,
    "p50_latency_ms": 66.64877875562695,
    "p95_latency_ms": 83.31097344453369,
    "p99_latency_ms": 90.5554059179714,
    "throughput_rps": 110.42963033105266,
    "hit_rate": 0.0,
    "wasted_compute_ratio": 0.0,
    "reuse_attempts": 0,
    "reuse_successes": 0,
    "store_attempts": 32,
    "store_successes": 0,
    "requests_seen": 64,
    "reused_prefix_tokens_total": 0,
    "recompute_tokens_total": 10652
  }
}