{
  "shadow_kv_plus": {
    "mean_latency_ms": 70.53715973418662,
    "p50_latency_ms": 64.89418695545169,
    "p95_latency_ms": 81.11773369431461,
    "p99_latency_ms": 88.17144966773327,
    "throughput_rps": 113.41539736143801,
    "hit_rate": 0.984375,
    "wasted_compute_ratio": 0.0,
    "reuse_attempts": 63,
    "reuse_successes": 63,
    "store_attempts": 32,
    "store_successes": 63,
    "requests_seen": 64,
    "reused_prefix_tokens_total": 13860,
    "recompute_tokens_total": -3208
  }
}