{
  "strict_reactive_prefix_cache": {
    "mean_latency_ms": 161.93986266800005,
    "p50_latency_ms": 148.98467365456005,
    "p95_latency_ms": 186.23084206820005,
    "p99_latency_ms": 202.42482833500006,
    "throughput_rps": 49.40105461495387,
    "hit_rate": 0.0,
    "wasted_compute_ratio": 0.035,
    "reuse_attempts": 32,
    "reuse_successes": 0,
    "store_attempts": 32,
    "store_successes": 0,
    "requests_seen": 64,
    "reused_prefix_tokens_total": 0,
    "recompute_tokens_total": 10652
  }
}