{
  "shadow_kv_plus": {
    "mean_latency_ms": 39.09535631247252,
    "p50_latency_ms": 35.967727807474716,
    "p95_latency_ms": 44.959659759343396,
    "p99_latency_ms": 48.86919539059065,
    "throughput_rps": 204.62788306773342,
    "hit_rate": 0.9833333333333333,
    "wasted_compute_ratio": 0.0,
    "reuse_attempts": 59,
    "reuse_successes": 63,
    "store_attempts": 32,
    "store_successes": 63,
    "requests_seen": 64,
    "reused_prefix_tokens_total": 13845,
    "recompute_tokens_total": -3193
  }
}