{
  "shadow_kv_plus_lite": {
    "mean_latency_ms": 72.70028251120236,
    "p50_latency_ms": 66.88425991030617,
    "p95_latency_ms": 83.6053248878827,
    "p99_latency_ms": 90.87535313900295,
    "throughput_rps": 110.0408378573671,
    "hit_rate": 0.35,
    "wasted_compute_ratio": 0.0,
    "reuse_attempts": 32,
    "reuse_successes": 11,
    "store_attempts": 32,
    "store_successes": 11,
    "requests_seen": 64,
    "reused_prefix_tokens_total": 4928,
    "recompute_tokens_total": 5724
  }
}