{
  "no_cache": {
    "mean_latency_ms": 66.47591214064619,
    "p50_latency_ms": 61.15783916939449,
    "p95_latency_ms": 76.44729896174312,
    "p99_latency_ms": 83.09489017580773,
    "throughput_rps": 120.34434342283302,
    "hit_rate": 0.0,
    "wasted_compute_ratio": 0.0,
    "reuse_attempts": 0,
    "reuse_successes": 0,
    "store_attempts": 32,
    "store_successes": 0,
    "requests_seen": 64,
    "reused_prefix_tokens_total": 0,
    "recompute_tokens_total": 10652
  }
}