{
  "greedy_prefix_cache": {
    "mean_latency_ms": 22.57095259839583,
    "p50_latency_ms": 20.765276390524164,
    "p95_latency_ms": 25.9565954881552,
    "p99_latency_ms": 28.21369074799479,
    "throughput_rps": 354.4378539241883,
    "hit_rate": 0.35,
    "wasted_compute_ratio": 0.0,
    "reuse_attempts": 32,
    "reuse_successes": 11,
    "store_attempts": 32,
    "store_successes": 11,
    "requests_seen": 64,
    "reused_prefix_tokens_total": 4928,
    "recompute_tokens_total": 5724
  }
}