{
  "shadow_kv_plus_lite": {
    "mean_latency_ms": 73.94847554686557,
    "p50_latency_ms": 68.03259750311632,
    "p95_latency_ms": 85.04074687889539,
    "p99_latency_ms": 92.43559443358195,
    "throughput_rps": 108.18343367916926,
    "hit_rate": 0.0,
    "wasted_compute_ratio": 0.0,
    "reuse_attempts": 32,
    "reuse_successes": 0,
    "store_attempts": 32,
    "store_successes": 0,
    "requests_seen": 64,
    "reused_prefix_tokens_total": 0,
    "recompute_tokens_total": 10652
  }
}