{
  "shadow_kv": {
    "mean_latency_ms": 138.30217407794976,
    "p50_latency_ms": 127.23800015171378,
    "p95_latency_ms": 159.04750018964222,
    "p99_latency_ms": 172.8777175974372,
    "throughput_rps": 57.84435460494675,
    "hit_rate": 0.90625,
    "wasted_compute_ratio": 0.0,
    "reuse_attempts": 58,
    "reuse_successes": 58,
    "store_attempts": 32,
    "store_successes": 58,
    "requests_seen": 64,
    "reused_prefix_tokens_total": 12760,
    "recompute_tokens_total": -2108
  }
}