{
  "strict_reactive_prefix_cache": {
    "mean_latency_ms": 22.541824774325253,
    "p50_latency_ms": 20.738478792379233,
    "p95_latency_ms": 25.92309849047404,
    "p99_latency_ms": 28.177280967906565,
    "throughput_rps": 354.89584716814323,
    "hit_rate": 0.35,
    "wasted_compute_ratio": 0.0,
    "reuse_attempts": 32,
    "reuse_successes": 11,
    "store_attempts": 32,
    "store_successes": 11,
    "requests_seen": 64,
    "reused_prefix_tokens_total": 4928,
    "recompute_tokens_total": 5724
  }
}