{
  "no_cache": {
    "mean_latency_ms": 191.69783643741312,
    "p50_latency_ms": 176.36200952242007,
    "p95_latency_ms": 220.45251190302506,
    "p99_latency_ms": 239.6222955467664,
    "throughput_rps": 41.73234371694068,
    "hit_rate": 0.0,
    "wasted_compute_ratio": 0.0,
    "reuse_attempts": 0,
    "reuse_successes": 0,
    "store_attempts": 32,
    "store_successes": 0,
    "requests_seen": 64,
    "reused_prefix_tokens_total": 0,
    "recompute_tokens_total": 10652
  }
}