{
  "shadow_kv_plus_lite": {
    "mean_latency_ms": 157.642532172455,
    "p50_latency_ms": 145.0311295986586,
    "p95_latency_ms": 181.28891199832321,
    "p99_latency_ms": 197.05316521556875,
    "throughput_rps": 50.747725818361644,
    "hit_rate": 0.35,
    "wasted_compute_ratio": 0.0,
    "reuse_attempts": 32,
    "reuse_successes": 11,
    "store_attempts": 32,
    "store_successes": 11,
    "requests_seen": 64,
    "reused_prefix_tokens_total": 4928,
    "recompute_tokens_total": 5724
  }
}