{
  "reactive_prefix_cache": {
    "mean_latency_ms": 251.99431666667095,
    "p50_latency_ms": 231.8347713333373,
    "p95_latency_ms": 289.7934641666716,
    "p99_latency_ms": 314.9928958333387,
    "throughput_rps": 31.74674772757718,
    "hit_rate": 0.0,
    "wasted_compute_ratio": 0.108,
    "reuse_attempts": 32,
    "reuse_successes": 0,
    "store_attempts": 32,
    "store_successes": 0,
    "requests_seen": 64,
    "reused_prefix_tokens_total": 0,
    "recompute_tokens_total": 10652
  }
}