{
  "shadow_kv_plus_lite": {
    "mean_latency_ms": 63.745223841920065,
    "p50_latency_ms": 58.64560593456646,
    "p95_latency_ms": 73.30700741820807,
    "p99_latency_ms": 79.68152980240008,
    "throughput_rps": 125.49959852425914,
    "hit_rate": 0.6,
    "wasted_compute_ratio": 0.0,
    "reuse_attempts": 32,
    "reuse_successes": 19,
    "store_attempts": 32,
    "store_successes": 19,
    "requests_seen": 64,
    "reused_prefix_tokens_total": 8448,
    "recompute_tokens_total": 2204
  }
}