{
  "shadow_kv_plus": {
    "mean_latency_ms": 117.54490103115245,
    "p50_latency_ms": 108.14130894866025,
    "p95_latency_ms": 135.17663618582532,
    "p99_latency_ms": 146.93112628894056,
    "throughput_rps": 68.0590985216772,
    "hit_rate": 0.0,
    "wasted_compute_ratio": 0.0,
    "reuse_attempts": 60,
    "reuse_successes": 0,
    "store_attempts": 32,
    "store_successes": 0,
    "requests_seen": 64,
    "reused_prefix_tokens_total": 0,
    "recompute_tokens_total": 10652
  }
}