{
  "shadow_kv_plus_lite": {
    "mean_latency_ms": 77.89000039029048,
    "p50_latency_ms": 71.65880035906724,
    "p95_latency_ms": 89.57350044883405,
    "p99_latency_ms": 97.3625004878631,
    "throughput_rps": 102.70894800248652,
    "hit_rate": 0.0,
    "wasted_compute_ratio": 0.0,
    "reuse_attempts": 32,
    "reuse_successes": 0,
    "store_attempts": 32,
    "store_successes": 0,
    "requests_seen": 64,
    "reused_prefix_tokens_total": 0,
    "recompute_tokens_total": 10652
  }
}