{
  "greedy_prefix_cache": {
    "mean_latency_ms": 105.04625303525145,
    "p50_latency_ms": 96.64255279243135,
    "p95_latency_ms": 120.80319099053916,
    "p99_latency_ms": 131.3078162940643,
    "throughput_rps": 76.15692867517471,
    "hit_rate": 0.0,
    "wasted_compute_ratio": 0.0,
    "reuse_attempts": 32,
    "reuse_successes": 0,
    "store_attempts": 32,
    "store_successes": 0,
    "requests_seen": 64,
    "reused_prefix_tokens_total": 0,
    "recompute_tokens_total": 10652
  }
}