{
  "no_cache": {
    "mean_latency_ms": 160.02981951561424,
    "p50_latency_ms": 147.2274339543651,
    "p95_latency_ms": 184.03429244295634,
    "p99_latency_ms": 200.0372743945178,
    "throughput_rps": 49.99068313777254,
    "hit_rate": 0.0,
    "wasted_compute_ratio": 0.0,
    "reuse_attempts": 0,
    "reuse_successes": 0,
    "store_attempts": 32,
    "store_successes": 0,
    "requests_seen": 64,
    "reused_prefix_tokens_total": 0,
    "recompute_tokens_total": 10652
  }
}