{
  "strict_reactive_prefix_cache": {
    "mean_latency_ms": 76.1355520833809,
    "p50_latency_ms": 70.04470791671044,
    "p95_latency_ms": 87.55588489588803,
    "p99_latency_ms": 95.16944010422613,
    "throughput_rps": 105.07574688942545,
    "hit_rate": 0.0,
    "wasted_compute_ratio": 0.035,
    "reuse_attempts": 32,
    "reuse_successes": 0,
    "store_attempts": 32,
    "store_successes": 0,
    "requests_seen": 64,
    "reused_prefix_tokens_total": 0,
    "recompute_tokens_total": 10652
  }
}