{
  "greedy_prefix_cache": {
    "mean_latency_ms": 74.91734780888646,
    "p50_latency_ms": 68.92395998417555,
    "p95_latency_ms": 86.15494998021943,
    "p99_latency_ms": 93.64668476110808,
    "throughput_rps": 106.78434613579667,
    "hit_rate": 0.6,
    "wasted_compute_ratio": 0.0,
    "reuse_attempts": 32,
    "reuse_successes": 19,
    "store_attempts": 32,
    "store_successes": 19,
    "requests_seen": 64,
    "reused_prefix_tokens_total": 8448,
    "recompute_tokens_total": 2204
  }
}