{
  "no_cache": {
    "mean_latency_ms": 116.44465731234277,
    "p50_latency_ms": 107.12908472735535,
    "p95_latency_ms": 133.91135590919419,
    "p99_latency_ms": 145.55582164042846,
    "throughput_rps": 68.70216448438141,
    "hit_rate": 0.0,
    "wasted_compute_ratio": 0.0,
    "reuse_attempts": 0,
    "reuse_successes": 0,
    "store_attempts": 32,
    "store_successes": 0,
    "requests_seen": 64,
    "reused_prefix_tokens_total": 0,
    "recompute_tokens_total": 10652
  }
}