{
  "shadow_kv_plus": {
    "mean_latency_ms": 295.2416408280669,
    "p50_latency_ms": 271.62230956182157,
    "p95_latency_ms": 339.52788695227696,
    "p99_latency_ms": 369.05205103508365,
    "throughput_rps": 27.096448785348596,
    "hit_rate": 0.984375,
    "wasted_compute_ratio": 0.0,
    "reuse_attempts": 63,
    "reuse_successes": 63,
    "store_attempts": 32,
    "store_successes": 63,
    "requests_seen": 64,
    "reused_prefix_tokens_total": 13860,
    "recompute_tokens_total": -3208
  }
}