{
  "no_cache": {
    "mean_latency_ms": 182.78130081247923,
    "p50_latency_ms": 168.1587967474809,
    "p95_latency_ms": 210.1984959343511,
    "p99_latency_ms": 228.47662601559904,
    "throughput_rps": 43.768153330998764,
    "hit_rate": 0.0,
    "wasted_compute_ratio": 0.0,
    "reuse_attempts": 0,
    "reuse_successes": 0,
    "store_attempts": 32,
    "store_successes": 0,
    "requests_seen": 64,
    "reused_prefix_tokens_total": 0,
    "recompute_tokens_total": 10652
  }
}