{
  "greedy_prefix_cache": {
    "mean_latency_ms": 77.81729935038966,
    "p50_latency_ms": 71.5919154023585,
    "p95_latency_ms": 89.4898942529481,
    "p99_latency_ms": 97.27162418798707,
    "throughput_rps": 102.80490413806606,
    "hit_rate": 0.35,
    "wasted_compute_ratio": 0.0,
    "reuse_attempts": 32,
    "reuse_successes": 11,
    "store_attempts": 32,
    "store_successes": 11,
    "requests_seen": 64,
    "reused_prefix_tokens_total": 4928,
    "recompute_tokens_total": 5724
  }
}