{
  "shadow_kv_plus_lite": {
    "mean_latency_ms": 221.90027460926132,
    "p50_latency_ms": 204.1482526405204,
    "p95_latency_ms": 255.1853158006505,
    "p99_latency_ms": 277.37534326157663,
    "throughput_rps": 36.052231183972175,
    "hit_rate": 0.0,
    "wasted_compute_ratio": 0.0,
    "reuse_attempts": 32,
    "reuse_successes": 0,
    "store_attempts": 32,
    "store_successes": 0,
    "requests_seen": 64,
    "reused_prefix_tokens_total": 0,
    "recompute_tokens_total": 10652
  }
}