{
  "no_cache": {
    "mean_latency_ms": 20.533176031243272,
    "p50_latency_ms": 18.89052194874381,
    "p95_latency_ms": 23.61315243592976,
    "p99_latency_ms": 25.66647003905409,
    "throughput_rps": 389.61337436679077,
    "hit_rate": 0.0,
    "wasted_compute_ratio": 0.0,
    "reuse_attempts": 0,
    "reuse_successes": 0,
    "store_attempts": 32,
    "store_successes": 0,
    "requests_seen": 64,
    "reused_prefix_tokens_total": 0,
    "recompute_tokens_total": 10652
  }
}