{
  "shadow_kv_plus": {
    "mean_latency_ms": 113.45880765611582,
    "p50_latency_ms": 104.38210304362656,
    "p95_latency_ms": 130.4776288045332,
    "p99_latency_ms": 141.82350957014478,
    "throughput_rps": 70.51017162323204,
    "hit_rate": 0.967741935483871,
    "wasted_compute_ratio": 0.0,
    "reuse_attempts": 60,
    "reuse_successes": 62,
    "store_attempts": 32,
    "store_successes": 62,
    "requests_seen": 64,
    "reused_prefix_tokens_total": 13625,
    "recompute_tokens_total": -2973
  }
}