{
  "reactive_prefix_cache": {
    "mean_latency_ms": 79.94966557163252,
    "p50_latency_ms": 73.55369232590192,
    "p95_latency_ms": 91.9421154073774,
    "p99_latency_ms": 99.93708196454065,
    "throughput_rps": 100.06295764717412,
    "hit_rate": 0.6,
    "wasted_compute_ratio": 0.0,
    "reuse_attempts": 32,
    "reuse_successes": 19,
    "store_attempts": 32,
    "store_successes": 19,
    "requests_seen": 64,
    "reused_prefix_tokens_total": 8448,
    "recompute_tokens_total": 2204
  }
}