{
  "shadow_kv": {
    "mean_latency_ms": 298.0846874841063,
    "p50_latency_ms": 274.2379124853778,
    "p95_latency_ms": 342.7973906067223,
    "p99_latency_ms": 372.6058593551329,
    "throughput_rps": 26.83801059196157,
    "hit_rate": 0.96875,
    "wasted_compute_ratio": 0.0,
    "reuse_attempts": 62,
    "reuse_successes": 62,
    "store_attempts": 32,
    "store_successes": 62,
    "requests_seen": 64,
    "reused_prefix_tokens_total": 13640,
    "recompute_tokens_total": -2988
  }
}