{
  "shadow_kv": {
    "mean_latency_ms": 18.885894421877936,
    "p50_latency_ms": 17.3750228681277,
    "p95_latency_ms": 21.718778585159626,
    "p99_latency_ms": 23.60736802734742,
    "throughput_rps": 423.5965647850166,
    "hit_rate": 0.0,
    "wasted_compute_ratio": 0.0,
    "reuse_attempts": 62,
    "reuse_successes": 0,
    "store_attempts": 32,
    "store_successes": 0,
    "requests_seen": 64,
    "reused_prefix_tokens_total": 0,
    "recompute_tokens_total": 10652
  }
}