{
  "greedy_prefix_cache": {
    "mean_latency_ms": 147.19248654815024,
    "p50_latency_ms": 135.41708762429823,
    "p95_latency_ms": 169.27135953037276,
    "p99_latency_ms": 183.9906081851878,
    "throughput_rps": 54.35060027593872,
    "hit_rate": 0.0,
    "wasted_compute_ratio": 0.0,
    "reuse_attempts": 32,
    "reuse_successes": 0,
    "store_attempts": 32,
    "store_successes": 0,
    "requests_seen": 64,
    "reused_prefix_tokens_total": 0,
    "recompute_tokens_total": 10652
  }
}