{
  "strict_reactive_prefix_cache": {
    "mean_latency_ms": 12.992480073970144,
    "p50_latency_ms": 11.953081668052533,
    "p95_latency_ms": 14.941352085065665,
    "p99_latency_ms": 16.24060009246268,
    "throughput_rps": 615.7407942481777,
    "hit_rate": 0.0,
    "wasted_compute_ratio": 0.035,
    "reuse_attempts": 32,
    "reuse_successes": 0,
    "store_attempts": 32,
    "store_successes": 0,
    "requests_seen": 64,
    "reused_prefix_tokens_total": 0,
    "recompute_tokens_total": 10652
  }
}