{
  "reactive_prefix_cache": {
    "mean_latency_ms": 316.66914032235445,
    "p50_latency_ms": 291.3356090965661,
    "p95_latency_ms": 364.1695113707076,
    "p99_latency_ms": 395.83642540294306,
    "throughput_rps": 25.262960552001918,
    "hit_rate": 0.6,
    "wasted_compute_ratio": 0.0,
    "reuse_attempts": 32,
    "reuse_successes": 19,
    "store_attempts": 32,
    "store_successes": 19,
    "requests_seen": 64,
    "reused_prefix_tokens_total": 8448,
    "recompute_tokens_total": 2204
  }
}