{
  "no_cache": {
    "mean_latency_ms": 102.33548865610942,
    "p50_latency_ms": 94.14864956362067,
    "p95_latency_ms": 117.68581195452582,
    "p99_latency_ms": 127.91936082013677,
    "throughput_rps": 78.17424927615666,
    "hit_rate": 0.0,
    "wasted_compute_ratio": 0.0,
    "reuse_attempts": 0,
    "reuse_successes": 0,
    "store_attempts": 32,
    "store_successes": 0,
    "requests_seen": 64,
    "reused_prefix_tokens_total": 0,
    "recompute_tokens_total": 10652
  }
}