{
  "shadow_kv": {
    "mean_latency_ms": 20.745916531261344,
    "p50_latency_ms": 19.086243208760436,
    "p95_latency_ms": 23.85780401095054,
    "p99_latency_ms": 25.93239566407668,
    "throughput_rps": 385.6180558687326,
    "hit_rate": 0.0,
    "wasted_compute_ratio": 0.0,
    "reuse_attempts": 62,
    "reuse_successes": 0,
    "store_attempts": 32,
    "store_successes": 0,
    "requests_seen": 64,
    "reused_prefix_tokens_total": 0,
    "recompute_tokens_total": 10652
  }
}