{
  "no_cache": {
    "mean_latency_ms": 18.45866539063934,
    "p50_latency_ms": 16.981972159388192,
    "p95_latency_ms": 21.22746519923524,
    "p99_latency_ms": 23.073331738299174,
    "throughput_rps": 433.40078118848817,
    "hit_rate": 0.0,
    "wasted_compute_ratio": 0.0,
    "reuse_attempts": 0,
    "reuse_successes": 0,
    "store_attempts": 32,
    "store_successes": 0,
    "requests_seen": 64,
    "reused_prefix_tokens_total": 0,
    "recompute_tokens_total": 10652
  }
}