{
  "no_cache": {
    "mean_latency_ms": 82.27091231248096,
    "p50_latency_ms": 75.68923932748248,
    "p95_latency_ms": 94.61154915935309,
    "p99_latency_ms": 102.8386403906012,
    "throughput_rps": 97.23971419709606,
    "hit_rate": 0.0,
    "wasted_compute_ratio": 0.0,
    "reuse_attempts": 0,
    "reuse_successes": 0,
    "store_attempts": 32,
    "store_successes": 0,
    "requests_seen": 64,
    "reused_prefix_tokens_total": 0,
    "recompute_tokens_total": 10652
  }
}