{
  "strict_reactive_prefix_cache": {
    "mean_latency_ms": 67.00215087336815,
    "p50_latency_ms": 61.6419788034987,
    "p95_latency_ms": 77.05247350437337,
    "p99_latency_ms": 83.75268859171018,
    "throughput_rps": 119.39915205289059,
    "hit_rate": 0.0,
    "wasted_compute_ratio": 0.035,
    "reuse_attempts": 32,
    "reuse_successes": 0,
    "store_attempts": 32,
    "store_successes": 0,
    "requests_seen": 64,
    "reused_prefix_tokens_total": 0,
    "recompute_tokens_total": 10652
  }
}