{
  "greedy_prefix_cache": {
    "mean_latency_ms": 24.92250317595759,
    "p50_latency_ms": 22.928702921880983,
    "p95_latency_ms": 28.660878652351226,
    "p99_latency_ms": 31.153128969946987,
    "throughput_rps": 320.99504385729176,
    "hit_rate": 0.6,
    "wasted_compute_ratio": 0.0,
    "reuse_attempts": 32,
    "reuse_successes": 19,
    "store_attempts": 32,
    "store_successes": 19,
    "requests_seen": 64,
    "reused_prefix_tokens_total": 8448,
    "recompute_tokens_total": 2204
  }
}