{
  "reactive_prefix_cache": {
    "mean_latency_ms": 380.9220896877718,
    "p50_latency_ms": 350.44832251275005,
    "p95_latency_ms": 438.0604031409375,
    "p99_latency_ms": 476.15261210971477,
    "throughput_rps": 21.00166993874604,
    "hit_rate": 0.0,
    "wasted_compute_ratio": 0.108,
    "reuse_attempts": 32,
    "reuse_successes": 0,
    "store_attempts": 32,
    "store_successes": 0,
    "requests_seen": 64,
    "reused_prefix_tokens_total": 0,
    "recompute_tokens_total": 10652
  }
}