{
  "strict_reactive_prefix_cache": {
    "mean_latency_ms": 22.44923133676006,
    "p50_latency_ms": 20.653292829819257,
    "p95_latency_ms": 25.816616037274066,
    "p99_latency_ms": 28.061539170950077,
    "throughput_rps": 356.3596401138331,
    "hit_rate": 0.35,
    "wasted_compute_ratio": 0.0,
    "reuse_attempts": 32,
    "reuse_successes": 11,
    "store_attempts": 32,
    "store_successes": 11,
    "requests_seen": 64,
    "reused_prefix_tokens_total": 4928,
    "recompute_tokens_total": 5724
  }
}