{
  "no_cache": {
    "mean_latency_ms": 47.45853934387867,
    "p50_latency_ms": 43.661856196368376,
    "p95_latency_ms": 54.57732024546046,
    "p99_latency_ms": 59.32317417984834,
    "throughput_rps": 168.56818837244433,
    "hit_rate": 0.0,
    "wasted_compute_ratio": 0.0,
    "reuse_attempts": 0,
    "reuse_successes": 0,
    "store_attempts": 32,
    "store_successes": 0,
    "requests_seen": 64,
    "reused_prefix_tokens_total": 0,
    "recompute_tokens_total": 10652
  }
}