{
  "no_cache": {
    "mean_latency_ms": 73.45222671881402,
    "p50_latency_ms": 67.5760485813089,
    "p95_latency_ms": 84.47006072663612,
    "p99_latency_ms": 91.81528339851752,
    "throughput_rps": 108.91432918194819,
    "hit_rate": 0.0,
    "wasted_compute_ratio": 0.0,
    "reuse_attempts": 0,
    "reuse_successes": 0,
    "store_attempts": 32,
    "store_successes": 0,
    "requests_seen": 64,
    "reused_prefix_tokens_total": 0,
    "recompute_tokens_total": 10652
  }
}