{
  "shadow_kv_plus_lite": {
    "mean_latency_ms": 254.0349179404042,
    "p50_latency_ms": 233.7121245051719,
    "p95_latency_ms": 292.1401556314648,
    "p99_latency_ms": 317.54364742550524,
    "throughput_rps": 31.491733754006113,
    "hit_rate": 0.35,
    "wasted_compute_ratio": 0.0,
    "reuse_attempts": 32,
    "reuse_successes": 11,
    "store_attempts": 32,
    "store_successes": 11,
    "requests_seen": 64,
    "reused_prefix_tokens_total": 4928,
    "recompute_tokens_total": 5724
  }
}