{
  "shadow_kv": {
    "mean_latency_ms": 161.13173006257853,
    "p50_latency_ms": 148.24119165757224,
    "p95_latency_ms": 185.30148957196528,
    "p99_latency_ms": 201.41466257822316,
    "throughput_rps": 49.64881837297378,
    "hit_rate": 0.90625,
    "wasted_compute_ratio": 0.0,
    "reuse_attempts": 58,
    "reuse_successes": 58,
    "store_attempts": 32,
    "store_successes": 58,
    "requests_seen": 64,
    "reused_prefix_tokens_total": 12760,
    "recompute_tokens_total": -2108
  }
}