{
  "greedy_prefix_cache": {
    "mean_latency_ms": 216.3607482975174,
    "p50_latency_ms": 199.05188843371602,
    "p95_latency_ms": 248.814860542145,
    "p99_latency_ms": 270.4509353718968,
    "throughput_rps": 36.975283469620884,
    "hit_rate": 0.35,
    "wasted_compute_ratio": 0.0,
    "reuse_attempts": 32,
    "reuse_successes": 11,
    "store_attempts": 32,
    "store_successes": 11,
    "requests_seen": 64,
    "reused_prefix_tokens_total": 4928,
    "recompute_tokens_total": 5724
  }
}