{
  "shadow_kv_plus_lite": {
    "mean_latency_ms": 164.10180176960804,
    "p50_latency_ms": 150.9736576280394,
    "p95_latency_ms": 188.71707203504923,
    "p99_latency_ms": 205.12725221201006,
    "throughput_rps": 48.75022646754153,
    "hit_rate": 0.35,
    "wasted_compute_ratio": 0.0,
    "reuse_attempts": 32,
    "reuse_successes": 11,
    "store_attempts": 32,
    "store_successes": 11,
    "requests_seen": 64,
    "reused_prefix_tokens_total": 4928,
    "recompute_tokens_total": 5724
  }
}