{
  "shadow_kv": {
    "mean_latency_ms": 49.5994194686844,
    "p50_latency_ms": 45.63146591118965,
    "p95_latency_ms": 57.039332388987056,
    "p99_latency_ms": 61.9992743358555,
    "throughput_rps": 161.29221038667524,
    "hit_rate": 0.984375,
    "wasted_compute_ratio": 0.0,
    "reuse_attempts": 63,
    "reuse_successes": 63,
    "store_attempts": 32,
    "store_successes": 63,
    "requests_seen": 64,
    "reused_prefix_tokens_total": 13860,
    "recompute_tokens_total": -3208
  }
}