{
  "strict_reactive_prefix_cache": {
    "mean_latency_ms": 16.54106391133646,
    "p50_latency_ms": 15.217778798429546,
    "p95_latency_ms": 19.02222349803693,
    "p99_latency_ms": 20.676329889170578,
    "throughput_rps": 483.64482737517136,
    "hit_rate": 0.0,
    "wasted_compute_ratio": 0.035,
    "reuse_attempts": 32,
    "reuse_successes": 0,
    "store_attempts": 32,
    "store_successes": 0,
    "requests_seen": 64,
    "reused_prefix_tokens_total": 0,
    "recompute_tokens_total": 10652
  }
}