{
  "no_cache": {
    "mean_latency_ms": 81.26993324069338,
    "hit_rate": 0.0,
    "evictions": 0,
    "victim_recovery_hit_rate": 0.0
  },
  "native": {
    "mean_latency_ms": 67.72938401314222,
    "hit_rate": 0.542627228643303,
    "evictions": 12,
    "victim_recovery_hit_rate": 0.5479999999999999
  },
  "meritkv": {
    "mean_latency_ms": 64.87505591508679,
    "hit_rate": 0.9267865130726685,
    "evictions": 2.5,
    "victim_recovery_hit_rate": 0.95
  }
}