{
  "strict_reactive_prefix_cache": {
    "mean_latency_ms": 305.8919911792091,
    "p50_latency_ms": 281.4206318848724,
    "p95_latency_ms": 351.77578985609046,
    "p99_latency_ms": 382.3649889740114,
    "throughput_rps": 26.15302208194506,
    "hit_rate": 0.0,
    "wasted_compute_ratio": 0.035,
    "reuse_attempts": 32,
    "reuse_successes": 0,
    "store_attempts": 32,
    "store_successes": 0,
    "requests_seen": 64,
    "reused_prefix_tokens_total": 0,
    "recompute_tokens_total": 10652
  }
}