{
  "reactive_prefix_cache": {
    "mean_latency_ms": 70.27464035871199,
    "p50_latency_ms": 64.65266913001504,
    "p95_latency_ms": 80.81583641251878,
    "p99_latency_ms": 87.84330044838998,
    "throughput_rps": 113.83907422598763,
    "hit_rate": 0.35,
    "wasted_compute_ratio": 0.003,
    "reuse_attempts": 32,
    "reuse_successes": 11,
    "store_attempts": 32,
    "store_successes": 11,
    "requests_seen": 64,
    "reused_prefix_tokens_total": 4928,
    "recompute_tokens_total": 5724
  }
}