{
  "no_cache": {
    "mean_latency_ms": 16.968342687505356,
    "p50_latency_ms": 15.610875272504927,
    "p95_latency_ms": 19.51359409063116,
    "p99_latency_ms": 21.210428359381694,
    "throughput_rps": 471.46619721976754,
    "hit_rate": 0.0,
    "wasted_compute_ratio": 0.0,
    "reuse_attempts": 0,
    "reuse_successes": 0,
    "store_attempts": 32,
    "store_successes": 0,
    "requests_seen": 64,
    "reused_prefix_tokens_total": 0,
    "recompute_tokens_total": 10652
  }
}