{
  "shadow_kv": {
    "mean_latency_ms": 104.30359523454058,
    "p50_latency_ms": 95.95930761577733,
    "p95_latency_ms": 119.94913451972165,
    "p99_latency_ms": 130.37949404317573,
    "throughput_rps": 76.69917783764721,
    "hit_rate": 0.921875,
    "wasted_compute_ratio": 0.0,
    "reuse_attempts": 59,
    "reuse_successes": 59,
    "store_attempts": 32,
    "store_successes": 59,
    "requests_seen": 64,
    "reused_prefix_tokens_total": 12980,
    "recompute_tokens_total": -2328
  }
}