{
  "shadow_kv": {
    "mean_latency_ms": 43.493644437418766,
    "p50_latency_ms": 40.014152882425265,
    "p95_latency_ms": 50.017691103031574,
    "p99_latency_ms": 54.36705554677346,
    "throughput_rps": 183.9349197676657,
    "hit_rate": 0.90625,
    "wasted_compute_ratio": 0.0,
    "reuse_attempts": 58,
    "reuse_successes": 58,
    "store_attempts": 32,
    "store_successes": 58,
    "requests_seen": 64,
    "reused_prefix_tokens_total": 12760,
    "recompute_tokens_total": -2108
  }
}