{
  "greedy_prefix_cache": {
    "mean_latency_ms": 39.92724010416772,
    "p50_latency_ms": 36.733060895834306,
    "p95_latency_ms": 45.91632611979288,
    "p99_latency_ms": 49.90905013020965,
    "throughput_rps": 200.36446243538222,
    "hit_rate": 0.0,
    "wasted_compute_ratio": 0.0,
    "reuse_attempts": 32,
    "reuse_successes": 0,
    "store_attempts": 32,
    "store_successes": 0,
    "requests_seen": 64,
    "reused_prefix_tokens_total": 0,
    "recompute_tokens_total": 10652
  }
}