{
  "reactive_prefix_cache": {
    "mean_latency_ms": 89.2322968571658,
    "p50_latency_ms": 82.09371310859254,
    "p95_latency_ms": 102.61714138574067,
    "p99_latency_ms": 111.54037107145726,
    "throughput_rps": 89.65363754791166,
    "hit_rate": 0.35,
    "wasted_compute_ratio": 0.003,
    "reuse_attempts": 32,
    "reuse_successes": 11,
    "store_attempts": 32,
    "store_successes": 11,
    "requests_seen": 64,
    "reused_prefix_tokens_total": 4928,
    "recompute_tokens_total": 5724
  }
}