{
  "shadow_kv_plus": {
    "mean_latency_ms": 129.7100157812281,
    "p50_latency_ms": 119.33321451872985,
    "p95_latency_ms": 149.1665181484123,
    "p99_latency_ms": 162.13751972653512,
    "throughput_rps": 61.67603906157088,
    "hit_rate": 0.984375,
    "wasted_compute_ratio": 0.0,
    "reuse_attempts": 63,
    "reuse_successes": 63,
    "store_attempts": 32,
    "store_successes": 63,
    "requests_seen": 64,
    "reused_prefix_tokens_total": 13860,
    "recompute_tokens_total": -3208
  }
}