{
  "reactive_prefix_cache": {
    "mean_latency_ms": 148.68557011720185,
    "p50_latency_ms": 136.7907245078257,
    "p95_latency_ms": 170.9884056347821,
    "p99_latency_ms": 185.85696264650232,
    "throughput_rps": 53.80481773513042,
    "hit_rate": 0.35,
    "wasted_compute_ratio": 0.003,
    "reuse_attempts": 32,
    "reuse_successes": 11,
    "store_attempts": 32,
    "store_successes": 11,
    "requests_seen": 64,
    "reused_prefix_tokens_total": 4928,
    "recompute_tokens_total": 5724
  }
}