{
  "shadow_kv_plus": {
    "mean_latency_ms": 20.007588375037244,
    "p50_latency_ms": 18.406981305034265,
    "p95_latency_ms": 23.008726631292827,
    "p99_latency_ms": 25.009485468796555,
    "throughput_rps": 399.8482900608509,
    "hit_rate": 0.0,
    "wasted_compute_ratio": 0.0,
    "reuse_attempts": 0,
    "reuse_successes": 0,
    "store_attempts": 32,
    "store_successes": 0,
    "requests_seen": 64,
    "reused_prefix_tokens_total": 0,
    "recompute_tokens_total": 10652
  }
}