{
  "shadow_kv": {
    "mean_latency_ms": 75.45276653131339,
    "p50_latency_ms": 69.41654520880832,
    "p95_latency_ms": 86.7706815110104,
    "p99_latency_ms": 94.31595816414173,
    "throughput_rps": 106.02659607822264,
    "hit_rate": 0.96875,
    "wasted_compute_ratio": 0.0,
    "reuse_attempts": 62,
    "reuse_successes": 62,
    "store_attempts": 32,
    "store_successes": 62,
    "requests_seen": 64,
    "reused_prefix_tokens_total": 13640,
    "recompute_tokens_total": -2988
  }
}