{
  "no_cache": {
    "mean_latency_ms": 18.809854828134576,
    "p50_latency_ms": 17.30506644188381,
    "p95_latency_ms": 21.631333052354762,
    "p99_latency_ms": 23.51231853516822,
    "throughput_rps": 425.3089709142312,
    "hit_rate": 0.0,
    "wasted_compute_ratio": 0.0,
    "reuse_attempts": 0,
    "reuse_successes": 0,
    "store_attempts": 32,
    "store_successes": 0,
    "requests_seen": 64,
    "reused_prefix_tokens_total": 0,
    "recompute_tokens_total": 10652
  }
}