{
  "shadow_kv_plus": {
    "mean_latency_ms": 187.09093965631496,
    "p50_latency_ms": 172.12366448380976,
    "p95_latency_ms": 215.15458060476217,
    "p99_latency_ms": 233.8636745703937,
    "throughput_rps": 42.75995414153115,
    "hit_rate": 0.0,
    "wasted_compute_ratio": 1.0,
    "reuse_attempts": 0,
    "reuse_successes": 0,
    "store_attempts": 32,
    "store_successes": 0,
    "requests_seen": 64,
    "reused_prefix_tokens_total": 0,
    "recompute_tokens_total": 10652
  }
}