{
  "shadow_kv_plus_lite": {
    "mean_latency_ms": 25.42532363969736,
    "p50_latency_ms": 23.391297748521573,
    "p95_latency_ms": 29.23912218565196,
    "p99_latency_ms": 31.7816545496217,
    "throughput_rps": 314.6469289189046,
    "hit_rate": 0.6,
    "wasted_compute_ratio": 0.0,
    "reuse_attempts": 32,
    "reuse_successes": 19,
    "store_attempts": 32,
    "store_successes": 19,
    "requests_seen": 64,
    "reused_prefix_tokens_total": 8448,
    "recompute_tokens_total": 2204
  }
}