{
  "strict_reactive_prefix_cache": {
    "mean_latency_ms": 22.97460340276558,
    "p50_latency_ms": 21.136635130544335,
    "p95_latency_ms": 26.420793913180415,
    "p99_latency_ms": 28.718254253456976,
    "throughput_rps": 348.2105810382344,
    "hit_rate": 0.35,
    "wasted_compute_ratio": 0.0,
    "reuse_attempts": 32,
    "reuse_successes": 11,
    "store_attempts": 32,
    "store_successes": 11,
    "requests_seen": 64,
    "reused_prefix_tokens_total": 4928,
    "recompute_tokens_total": 5724
  }
}