{
  "shadow_kv_plus": {
    "mean_latency_ms": 117.64452776532153,
    "p50_latency_ms": 108.2329655440958,
    "p95_latency_ms": 135.29120693011976,
    "p99_latency_ms": 147.0556597066519,
    "throughput_rps": 68.00146298311877,
    "hit_rate": 0.0,
    "wasted_compute_ratio": 0.0,
    "reuse_attempts": 0,
    "reuse_successes": 0,
    "store_attempts": 32,
    "store_successes": 0,
    "requests_seen": 64,
    "reused_prefix_tokens_total": 0,
    "recompute_tokens_total": 10652
  }
}