{
  "shadow_kv_plus_lite": {
    "mean_latency_ms": 25.839174228160207,
    "p50_latency_ms": 23.77204028990739,
    "p95_latency_ms": 29.715050362384236,
    "p99_latency_ms": 32.29896778520026,
    "throughput_rps": 309.6074173795148,
    "hit_rate": 0.35,
    "wasted_compute_ratio": 0.0,
    "reuse_attempts": 32,
    "reuse_successes": 11,
    "store_attempts": 32,
    "store_successes": 11,
    "requests_seen": 64,
    "reused_prefix_tokens_total": 4928,
    "recompute_tokens_total": 5724
  }
}