{
  "shadow_kv": {
    "mean_latency_ms": 20.11186467191095,
    "p50_latency_ms": 18.502915498158075,
    "p95_latency_ms": 23.12864437269759,
    "p99_latency_ms": 25.13983083988869,
    "throughput_rps": 397.7751506638331,
    "hit_rate": 0.921875,
    "wasted_compute_ratio": 0.0,
    "reuse_attempts": 59,
    "reuse_successes": 59,
    "store_attempts": 32,
    "store_successes": 59,
    "requests_seen": 64,
    "reused_prefix_tokens_total": 12980,
    "recompute_tokens_total": -2328
  }
}