{
  "strict_reactive_prefix_cache": {
    "mean_latency_ms": 430.97423874999976,
    "p50_latency_ms": 396.4962996499998,
    "p95_latency_ms": 495.6203745624997,
    "p99_latency_ms": 538.7177984374997,
    "throughput_rps": 18.562594421428177,
    "hit_rate": 0.35,
    "wasted_compute_ratio": 0.0,
    "reuse_attempts": 32,
    "reuse_successes": 11,
    "store_attempts": 32,
    "store_successes": 11,
    "requests_seen": 64,
    "reused_prefix_tokens_total": 4928,
    "recompute_tokens_total": 5724
  }
}