{
  "no_cache": {
    "mean_latency_ms": 176.44249389036304,
    "p50_latency_ms": 162.327094379134,
    "p95_latency_ms": 202.90886797391747,
    "p99_latency_ms": 220.5531173629538,
    "throughput_rps": 45.340551607545294,
    "hit_rate": 0.0,
    "wasted_compute_ratio": 0.0,
    "reuse_attempts": 0,
    "reuse_successes": 0,
    "store_attempts": 32,
    "store_successes": 0,
    "requests_seen": 64,
    "reused_prefix_tokens_total": 0,
    "recompute_tokens_total": 10652
  }
}