{
  "no_cache": {
    "mean_latency_ms": 66.22380062498223,
    "p50_latency_ms": 60.92589657498365,
    "p95_latency_ms": 76.15737071872957,
    "p99_latency_ms": 82.77975078122779,
    "throughput_rps": 120.80248980729874,
    "hit_rate": 0.0,
    "wasted_compute_ratio": 0.0,
    "reuse_attempts": 0,
    "reuse_successes": 0,
    "store_attempts": 32,
    "store_successes": 0,
    "requests_seen": 64,
    "reused_prefix_tokens_total": 0,
    "recompute_tokens_total": 10652
  }
}