{
  "strict_reactive_prefix_cache": {
    "mean_latency_ms": 145.6453831181493,
    "p50_latency_ms": 133.99375246869738,
    "p95_latency_ms": 167.4921905858717,
    "p99_latency_ms": 182.05672889768664,
    "throughput_rps": 54.92793405960766,
    "hit_rate": 0.6,
    "wasted_compute_ratio": 0.0,
    "reuse_attempts": 32,
    "reuse_successes": 19,
    "store_attempts": 32,
    "store_successes": 19,
    "requests_seen": 64,
    "reused_prefix_tokens_total": 8448,
    "recompute_tokens_total": 2204
  }
}