{
  "shadow_kv": {
    "mean_latency_ms": 90.52577287495467,
    "p50_latency_ms": 83.2837110449583,
    "p95_latency_ms": 104.10463880619785,
    "p99_latency_ms": 113.15721609369334,
    "throughput_rps": 88.37262302140832,
    "hit_rate": 0.0,
    "wasted_compute_ratio": 0.0,
    "reuse_attempts": 3,
    "reuse_successes": 0,
    "store_attempts": 32,
    "store_successes": 0,
    "requests_seen": 64,
    "reused_prefix_tokens_total": 0,
    "recompute_tokens_total": 10652
  }
}