{
  "shadow_kv_plus": {
    "mean_latency_ms": 20.316042609415774,
    "p50_latency_ms": 18.690759200662512,
    "p95_latency_ms": 23.363449000828137,
    "p99_latency_ms": 25.395053261769718,
    "throughput_rps": 393.777476933046,
    "hit_rate": 0.0,
    "wasted_compute_ratio": 0.0,
    "reuse_attempts": 60,
    "reuse_successes": 0,
    "store_attempts": 32,
    "store_successes": 0,
    "requests_seen": 64,
    "reused_prefix_tokens_total": 0,
    "recompute_tokens_total": 10652
  }
}