{
  "reactive_prefix_cache": {
    "mean_latency_ms": 21.04347940972436,
    "p50_latency_ms": 19.360001056946412,
    "p95_latency_ms": 24.20000132118301,
    "p99_latency_ms": 26.304349262155448,
    "throughput_rps": 380.16526850132664,
    "hit_rate": 0.0,
    "wasted_compute_ratio": 0.108,
    "reuse_attempts": 32,
    "reuse_successes": 0,
    "store_attempts": 32,
    "store_successes": 0,
    "requests_seen": 64,
    "reused_prefix_tokens_total": 0,
    "recompute_tokens_total": 10652
  }
}