{
  "no_cache": {
    "mean_latency_ms": 19.44493132810976,
    "p50_latency_ms": 17.88933682186098,
    "p95_latency_ms": 22.361671027326224,
    "p99_latency_ms": 24.3061641601372,
    "throughput_rps": 411.4182696256238,
    "hit_rate": 0.0,
    "wasted_compute_ratio": 0.0,
    "reuse_attempts": 0,
    "reuse_successes": 0,
    "store_attempts": 32,
    "store_successes": 0,
    "requests_seen": 64,
    "reused_prefix_tokens_total": 0,
    "recompute_tokens_total": 10652
  }
}