{
  "shadow_kv_plus": {
    "mean_latency_ms": 67.98060054688904,
    "p50_latency_ms": 62.54215250313791,
    "p95_latency_ms": 78.17769062892239,
    "p99_latency_ms": 84.9757506836113,
    "throughput_rps": 117.6806314690037,
    "hit_rate": 0.9836065573770492,
    "wasted_compute_ratio": 0.0,
    "reuse_attempts": 60,
    "reuse_successes": 63,
    "store_attempts": 32,
    "store_successes": 63,
    "requests_seen": 64,
    "reused_prefix_tokens_total": 13849,
    "recompute_tokens_total": -3197
  }
}