{
  "no_cache": {
    "mean_latency_ms": 138.74171493762333,
    "p50_latency_ms": 127.64237774261346,
    "p95_latency_ms": 159.55297217826683,
    "p99_latency_ms": 173.42714367202916,
    "throughput_rps": 57.66110072660344,
    "hit_rate": 0.0,
    "wasted_compute_ratio": 0.0,
    "reuse_attempts": 0,
    "reuse_successes": 0,
    "store_attempts": 32,
    "store_successes": 0,
    "requests_seen": 64,
    "reused_prefix_tokens_total": 0,
    "recompute_tokens_total": 10652
  }
}