{
  "reactive_prefix_cache": {
    "mean_latency_ms": 143.42012324653473,
    "p50_latency_ms": 131.94651338681194,
    "p95_latency_ms": 164.93314173351493,
    "p99_latency_ms": 179.27515405816843,
    "throughput_rps": 55.780177975779935,
    "hit_rate": 0.0,
    "wasted_compute_ratio": 0.108,
    "reuse_attempts": 32,
    "reuse_successes": 0,
    "store_attempts": 32,
    "store_successes": 0,
    "requests_seen": 64,
    "reused_prefix_tokens_total": 0,
    "recompute_tokens_total": 10652
  }
}