{
  "shadow_kv_plus_lite": {
    "mean_latency_ms": 63.84207391543087,
    "p50_latency_ms": 58.734708002196406,
    "p95_latency_ms": 73.4183850027455,
    "p99_latency_ms": 79.8025923942886,
    "throughput_rps": 125.30921239490576,
    "hit_rate": 0.6,
    "wasted_compute_ratio": 0.0,
    "reuse_attempts": 32,
    "reuse_successes": 19,
    "store_attempts": 32,
    "store_successes": 19,
    "requests_seen": 64,
    "reused_prefix_tokens_total": 8448,
    "recompute_tokens_total": 2204
  }
}