{
  "strict_reactive_prefix_cache": {
    "mean_latency_ms": 17.65108581991164,
    "p50_latency_ms": 16.23899895431871,
    "p95_latency_ms": 20.298748692898382,
    "p99_latency_ms": 22.06385727488955,
    "throughput_rps": 453.22990787203867,
    "hit_rate": 0.0,
    "wasted_compute_ratio": 0.035,
    "reuse_attempts": 32,
    "reuse_successes": 0,
    "store_attempts": 32,
    "store_successes": 0,
    "requests_seen": 64,
    "reused_prefix_tokens_total": 0,
    "recompute_tokens_total": 10652
  }
}