{
  "no_cache": {
    "mean_latency_ms": 46.93283309379126,
    "p50_latency_ms": 43.17820644628796,
    "p95_latency_ms": 53.97275805785994,
    "p99_latency_ms": 58.666041367239075,
    "throughput_rps": 170.45636226589355,
    "hit_rate": 0.0,
    "wasted_compute_ratio": 0.0,
    "reuse_attempts": 0,
    "reuse_successes": 0,
    "store_attempts": 32,
    "store_successes": 0,
    "requests_seen": 64,
    "reused_prefix_tokens_total": 0,
    "recompute_tokens_total": 10652
  }
}