{
  "strict_reactive_prefix_cache": {
    "mean_latency_ms": 60.04040950940133,
    "p50_latency_ms": 55.237176748649226,
    "p95_latency_ms": 69.04647093581153,
    "p99_latency_ms": 75.05051188675166,
    "throughput_rps": 133.2435948616795,
    "hit_rate": 0.0,
    "wasted_compute_ratio": 0.035,
    "reuse_attempts": 32,
    "reuse_successes": 0,
    "store_attempts": 32,
    "store_successes": 0,
    "requests_seen": 64,
    "reused_prefix_tokens_total": 0,
    "recompute_tokens_total": 10652
  }
}