{
  "greedy_prefix_cache": {
    "mean_latency_ms": 14.947413658720995,
    "p50_latency_ms": 13.751620566023316,
    "p95_latency_ms": 17.189525707529143,
    "p99_latency_ms": 18.684267073401244,
    "throughput_rps": 535.2096478130476,
    "hit_rate": 0.35,
    "wasted_compute_ratio": 0.0,
    "reuse_attempts": 32,
    "reuse_successes": 11,
    "store_attempts": 32,
    "store_successes": 11,
    "requests_seen": 64,
    "reused_prefix_tokens_total": 4928,
    "recompute_tokens_total": 5724
  }
}