{
  "shadow_kv_plus_lite": {
    "mean_latency_ms": 45.01143619142667,
    "p50_latency_ms": 41.410521296112535,
    "p95_latency_ms": 51.76315162014066,
    "p99_latency_ms": 56.264295239283335,
    "throughput_rps": 177.7326092412879,
    "hit_rate": 0.0,
    "wasted_compute_ratio": 0.0,
    "reuse_attempts": 32,
    "reuse_successes": 0,
    "store_attempts": 32,
    "store_successes": 0,
    "requests_seen": 64,
    "reused_prefix_tokens_total": 0,
    "recompute_tokens_total": 10652
  }
}