{
  "strict_reactive_prefix_cache": {
    "mean_latency_ms": 106.60091389268537,
    "p50_latency_ms": 98.07284078127054,
    "p95_latency_ms": 122.59105097658816,
    "p99_latency_ms": 133.2511423658567,
    "throughput_rps": 75.0462609359387,
    "hit_rate": 0.6,
    "wasted_compute_ratio": 0.0,
    "reuse_attempts": 32,
    "reuse_successes": 19,
    "store_attempts": 32,
    "store_successes": 19,
    "requests_seen": 64,
    "reused_prefix_tokens_total": 8448,
    "recompute_tokens_total": 2204
  }
}