{
  "shadow_kv_plus": {
    "mean_latency_ms": 126.69946276582778,
    "p50_latency_ms": 116.56350574456155,
    "p95_latency_ms": 145.70438218070194,
    "p99_latency_ms": 158.37432845728472,
    "throughput_rps": 63.141546344091424,
    "hit_rate": 0.0,
    "wasted_compute_ratio": 0.0,
    "reuse_attempts": 0,
    "reuse_successes": 0,
    "store_attempts": 32,
    "store_successes": 0,
    "requests_seen": 64,
    "reused_prefix_tokens_total": 0,
    "recompute_tokens_total": 10652
  }
}