{
  "reactive_prefix_cache": {
    "mean_latency_ms": 59.96227119785165,
    "p50_latency_ms": 55.16528950202352,
    "p95_latency_ms": 68.9566118775294,
    "p99_latency_ms": 74.95283899731456,
    "throughput_rps": 133.4172278698914,
    "hit_rate": 0.0,
    "wasted_compute_ratio": 0.108,
    "reuse_attempts": 32,
    "reuse_successes": 0,
    "store_attempts": 32,
    "store_successes": 0,
    "requests_seen": 64,
    "reused_prefix_tokens_total": 0,
    "recompute_tokens_total": 10652
  }
}