{
  "strict_reactive_prefix_cache": {
    "mean_latency_ms": 24.37863497980606,
    "p50_latency_ms": 22.428344181421576,
    "p95_latency_ms": 28.035430226776963,
    "p99_latency_ms": 30.473293724757575,
    "throughput_rps": 328.15619113321014,
    "hit_rate": 0.0,
    "wasted_compute_ratio": 0.035,
    "reuse_attempts": 32,
    "reuse_successes": 0,
    "store_attempts": 32,
    "store_successes": 0,
    "requests_seen": 64,
    "reused_prefix_tokens_total": 0,
    "recompute_tokens_total": 10652
  }
}