{
  "shadow_kv": {
    "mean_latency_ms": 108.071457671997,
    "p50_latency_ms": 99.42574105823724,
    "p95_latency_ms": 124.28217632279653,
    "p99_latency_ms": 135.08932208999624,
    "throughput_rps": 74.02509573138593,
    "hit_rate": 0.90625,
    "wasted_compute_ratio": 0.0,
    "reuse_attempts": 58,
    "reuse_successes": 58,
    "store_attempts": 32,
    "store_successes": 58,
    "requests_seen": 64,
    "reused_prefix_tokens_total": 12760,
    "recompute_tokens_total": -2108
  }
}