{
  "no_cache": {
    "mean_latency_ms": 141.7798030619224,
    "p50_latency_ms": 130.4374188169686,
    "p95_latency_ms": 163.04677352121075,
    "p99_latency_ms": 177.224753827403,
    "throughput_rps": 56.4255262543001,
    "hit_rate": 0.0,
    "wasted_compute_ratio": 0.0,
    "reuse_attempts": 0,
    "reuse_successes": 0,
    "store_attempts": 32,
    "store_successes": 0,
    "requests_seen": 64,
    "reused_prefix_tokens_total": 0,
    "recompute_tokens_total": 10652
  }
}