{
  "shadow_kv_plus": {
    "mean_latency_ms": 97.16857967197257,
    "p50_latency_ms": 89.39509329821476,
    "p95_latency_ms": 111.74386662276844,
    "p99_latency_ms": 121.46072458996571,
    "throughput_rps": 82.3311406527385,
    "hit_rate": 0.0,
    "wasted_compute_ratio": 0.0,
    "reuse_attempts": 0,
    "reuse_successes": 0,
    "store_attempts": 32,
    "store_successes": 0,
    "requests_seen": 64,
    "reused_prefix_tokens_total": 0,
    "recompute_tokens_total": 10652
  }
}