{
  "shadow_kv_plus_lite": {
    "mean_latency_ms": 43.420873613282396,
    "p50_latency_ms": 39.947203724219804,
    "p95_latency_ms": 49.93400465527475,
    "p99_latency_ms": 54.276092016602995,
    "throughput_rps": 184.24318384862733,
    "hit_rate": 0.0,
    "wasted_compute_ratio": 0.0,
    "reuse_attempts": 32,
    "reuse_successes": 0,
    "store_attempts": 32,
    "store_successes": 0,
    "requests_seen": 64,
    "reused_prefix_tokens_total": 0,
    "recompute_tokens_total": 10652
  }
}