{
  "no_cache": {
    "mean_latency_ms": 245.70664978111267,
    "p50_latency_ms": 226.05011779862366,
    "p95_latency_ms": 282.5626472482796,
    "p99_latency_ms": 307.13331222639084,
    "throughput_rps": 32.559151358446286,
    "hit_rate": 0.0,
    "wasted_compute_ratio": 0.0,
    "reuse_attempts": 0,
    "reuse_successes": 0,
    "store_attempts": 32,
    "store_successes": 0,
    "requests_seen": 64,
    "reused_prefix_tokens_total": 0,
    "recompute_tokens_total": 10652
  }
}