{
  "no_cache": {
    "mean_latency_ms": 21.717427671852363,
    "p50_latency_ms": 19.980033458104174,
    "p95_latency_ms": 24.975041822630214,
    "p99_latency_ms": 27.146784589815454,
    "throughput_rps": 368.367751507177,
    "hit_rate": 0.0,
    "wasted_compute_ratio": 0.0,
    "reuse_attempts": 0,
    "reuse_successes": 0,
    "store_attempts": 32,
    "store_successes": 0,
    "requests_seen": 64,
    "reused_prefix_tokens_total": 0,
    "recompute_tokens_total": 10652
  }
}