{
  "reactive_prefix_cache": {
    "mean_latency_ms": 20.56007571178261,
    "p50_latency_ms": 18.915269654840003,
    "p95_latency_ms": 23.64408706855,
    "p99_latency_ms": 25.700094639728263,
    "throughput_rps": 389.1036254995571,
    "hit_rate": 0.0,
    "wasted_compute_ratio": 0.108,
    "reuse_attempts": 32,
    "reuse_successes": 0,
    "store_attempts": 32,
    "store_successes": 0,
    "requests_seen": 64,
    "reused_prefix_tokens_total": 0,
    "recompute_tokens_total": 10652
  }
}