{
  "reactive_prefix_cache": {
    "mean_latency_ms": 53.31463153409094,
    "p50_latency_ms": 49.04946101136367,
    "p95_latency_ms": 61.311826264204576,
    "p99_latency_ms": 66.64328941761367,
    "throughput_rps": 150.05261726107148,
    "hit_rate": 0.6,
    "wasted_compute_ratio": 0.0,
    "reuse_attempts": 32,
    "reuse_successes": 19,
    "store_attempts": 32,
    "store_successes": 19,
    "requests_seen": 64,
    "reused_prefix_tokens_total": 8448,
    "recompute_tokens_total": 2204
  }
}