{
  "shadow_kv": {
    "mean_latency_ms": 154.3974510312509,
    "p50_latency_ms": 142.04565494875084,
    "p95_latency_ms": 177.55706868593853,
    "p99_latency_ms": 192.99681378906365,
    "throughput_rps": 51.81432689831618,
    "hit_rate": 0.0,
    "wasted_compute_ratio": 1.0,
    "reuse_attempts": 62,
    "reuse_successes": 0,
    "store_attempts": 32,
    "store_successes": 0,
    "requests_seen": 64,
    "reused_prefix_tokens_total": 0,
    "recompute_tokens_total": 10652
  }
}