{
  "shadow_kv_plus": {
    "mean_latency_ms": 47.43662479700106,
    "p50_latency_ms": 43.641694813240974,
    "p95_latency_ms": 54.55211851655121,
    "p99_latency_ms": 59.295780996251324,
    "throughput_rps": 168.6460627043971,
    "hit_rate": 0.0,
    "wasted_compute_ratio": 0.0,
    "reuse_attempts": 0,
    "reuse_successes": 0,
    "store_attempts": 32,
    "store_successes": 0,
    "requests_seen": 64,
    "reused_prefix_tokens_total": 0,
    "recompute_tokens_total": 10652
  }
}