{
  "greedy_prefix_cache": {
    "mean_latency_ms": 132.07292250691287,
    "p50_latency_ms": 121.50708870635985,
    "p95_latency_ms": 151.8838608829498,
    "p99_latency_ms": 165.0911531336411,
    "throughput_rps": 60.5725976842927,
    "hit_rate": 0.35,
    "wasted_compute_ratio": 0.0,
    "reuse_attempts": 32,
    "reuse_successes": 11,
    "store_attempts": 32,
    "store_successes": 11,
    "requests_seen": 64,
    "reused_prefix_tokens_total": 4928,
    "recompute_tokens_total": 5724
  }
}