{
  "shadow_kv_plus": {
    "mean_latency_ms": 14.561225531281252,
    "p50_latency_ms": 13.396327488778752,
    "p95_latency_ms": 16.74540936097344,
    "p99_latency_ms": 18.201531914101565,
    "throughput_rps": 549.40430548335,
    "hit_rate": 0.0,
    "wasted_compute_ratio": 0.0,
    "reuse_attempts": 60,
    "reuse_successes": 0,
    "store_attempts": 32,
    "store_successes": 0,
    "requests_seen": 64,
    "reused_prefix_tokens_total": 0,
    "recompute_tokens_total": 10652
  }
}