{
  "strict_reactive_prefix_cache": {
    "mean_latency_ms": 335.0631112328352,
    "p50_latency_ms": 308.2580623342084,
    "p95_latency_ms": 385.32257791776044,
    "p99_latency_ms": 418.82888904104396,
    "throughput_rps": 23.87609895510343,
    "hit_rate": 0.35,
    "wasted_compute_ratio": 0.0,
    "reuse_attempts": 32,
    "reuse_successes": 11,
    "store_attempts": 32,
    "store_successes": 11,
    "requests_seen": 64,
    "reused_prefix_tokens_total": 4928,
    "recompute_tokens_total": 5724
  }
}