{
  "reactive_prefix_cache": {
    "mean_latency_ms": 77.43756491478202,
    "p50_latency_ms": 71.24255972159946,
    "p95_latency_ms": 89.05319965199931,
    "p99_latency_ms": 96.79695614347752,
    "throughput_rps": 103.30903365574302,
    "hit_rate": 0.35,
    "wasted_compute_ratio": 0.003,
    "reuse_attempts": 32,
    "reuse_successes": 11,
    "store_attempts": 32,
    "store_successes": 11,
    "requests_seen": 64,
    "reused_prefix_tokens_total": 4928,
    "recompute_tokens_total": 5724
  }
}