{
  "shadow_kv_plus_lite": {
    "mean_latency_ms": 81.6576995896412,
    "p50_latency_ms": 75.1250836224699,
    "p95_latency_ms": 93.90635452808736,
    "p99_latency_ms": 102.0721244870515,
    "throughput_rps": 97.96994086537862,
    "hit_rate": 0.0,
    "wasted_compute_ratio": 0.0,
    "reuse_attempts": 32,
    "reuse_successes": 0,
    "store_attempts": 32,
    "store_successes": 0,
    "requests_seen": 64,
    "reused_prefix_tokens_total": 0,
    "recompute_tokens_total": 10652
  }
}