{
  "shadow_kv_plus_lite": {
    "mean_latency_ms": 18.99851319859134,
    "p50_latency_ms": 17.478632142704033,
    "p95_latency_ms": 21.84829017838004,
    "p99_latency_ms": 23.748141498239175,
    "throughput_rps": 421.0855826651302,
    "hit_rate": 0.6,
    "wasted_compute_ratio": 0.0,
    "reuse_attempts": 32,
    "reuse_successes": 19,
    "store_attempts": 32,
    "store_successes": 19,
    "requests_seen": 64,
    "reused_prefix_tokens_total": 8448,
    "recompute_tokens_total": 2204
  }
}