{
  "greedy_prefix_cache": {
    "mean_latency_ms": 79.64989522473601,
    "p50_latency_ms": 73.27790360675714,
    "p95_latency_ms": 91.59737950844641,
    "p99_latency_ms": 99.56236903092002,
    "throughput_rps": 100.43955459611861,
    "hit_rate": 0.35,
    "wasted_compute_ratio": 0.0,
    "reuse_attempts": 32,
    "reuse_successes": 11,
    "store_attempts": 32,
    "store_successes": 11,
    "requests_seen": 64,
    "reused_prefix_tokens_total": 4928,
    "recompute_tokens_total": 5724
  }
}