{
  "greedy_prefix_cache": {
    "mean_latency_ms": 20.873324541433337,
    "p50_latency_ms": 19.20345857811867,
    "p95_latency_ms": 24.004323222648335,
    "p99_latency_ms": 26.09165567679167,
    "throughput_rps": 383.2642942967749,
    "hit_rate": 0.6,
    "wasted_compute_ratio": 0.0,
    "reuse_attempts": 32,
    "reuse_successes": 19,
    "store_attempts": 32,
    "store_successes": 19,
    "requests_seen": 64,
    "reused_prefix_tokens_total": 8448,
    "recompute_tokens_total": 2204
  }
}