{
  "greedy_prefix_cache": {
    "mean_latency_ms": 74.91714850918952,
    "p50_latency_ms": 68.92377662845436,
    "p95_latency_ms": 86.15472078556793,
    "p99_latency_ms": 93.6464356364869,
    "throughput_rps": 106.78463021078146,
    "hit_rate": 0.0,
    "wasted_compute_ratio": 0.0,
    "reuse_attempts": 32,
    "reuse_successes": 0,
    "store_attempts": 32,
    "store_successes": 0,
    "requests_seen": 64,
    "reused_prefix_tokens_total": 0,
    "recompute_tokens_total": 10652
  }
}