{
  "shadow_kv_plus": {
    "mean_latency_ms": 347.1691479844594,
    "p50_latency_ms": 319.39561614570266,
    "p95_latency_ms": 399.24452018212827,
    "p99_latency_ms": 433.96143498057427,
    "throughput_rps": 23.043522290057034,
    "hit_rate": 0.984375,
    "wasted_compute_ratio": 0.0,
    "reuse_attempts": 63,
    "reuse_successes": 63,
    "store_attempts": 32,
    "store_successes": 63,
    "requests_seen": 64,
    "reused_prefix_tokens_total": 13860,
    "recompute_tokens_total": -3208
  }
}