{
  "no_cache": {
    "mean_latency_ms": 122.06708589042137,
    "p50_latency_ms": 112.30171901918766,
    "p95_latency_ms": 140.37714877398457,
    "p99_latency_ms": 152.5838573630267,
    "throughput_rps": 65.53773231861646,
    "hit_rate": 0.0,
    "wasted_compute_ratio": 0.0,
    "reuse_attempts": 0,
    "reuse_successes": 0,
    "store_attempts": 32,
    "store_successes": 0,
    "requests_seen": 64,
    "reused_prefix_tokens_total": 0,
    "recompute_tokens_total": 10652
  }
}