{
  "shadow_kv": {
    "mean_latency_ms": 98.34700292196885,
    "p50_latency_ms": 90.47924268821134,
    "p95_latency_ms": 113.09905336026416,
    "p99_latency_ms": 122.93375365246106,
    "throughput_rps": 81.34462426218941,
    "hit_rate": 0.96875,
    "wasted_compute_ratio": 0.0,
    "reuse_attempts": 62,
    "reuse_successes": 62,
    "store_attempts": 32,
    "store_successes": 62,
    "requests_seen": 64,
    "reused_prefix_tokens_total": 13640,
    "recompute_tokens_total": -2988
  }
}