{
  "shadow_kv_plus_lite": {
    "mean_latency_ms": 25.943288158912424,
    "p50_latency_ms": 23.86782510619943,
    "p95_latency_ms": 29.834781382749284,
    "p99_latency_ms": 32.42911019864053,
    "throughput_rps": 308.3649208611099,
    "hit_rate": 0.35,
    "wasted_compute_ratio": 0.0,
    "reuse_attempts": 32,
    "reuse_successes": 11,
    "store_attempts": 32,
    "store_successes": 11,
    "requests_seen": 64,
    "reused_prefix_tokens_total": 4928,
    "recompute_tokens_total": 5724
  }
}