{
  "no_cache": {
    "mean_latency_ms": 226.1198433124889,
    "p50_latency_ms": 208.0302558474898,
    "p95_latency_ms": 260.03781980936225,
    "p99_latency_ms": 282.64980414061114,
    "throughput_rps": 35.379469058557184,
    "hit_rate": 0.0,
    "wasted_compute_ratio": 0.0,
    "reuse_attempts": 0,
    "reuse_successes": 0,
    "store_attempts": 32,
    "store_successes": 0,
    "requests_seen": 64,
    "reused_prefix_tokens_total": 0,
    "recompute_tokens_total": 10652
  }
}