{
  "shadow_kv_plus_lite": {
    "mean_latency_ms": 428.53735089874334,
    "p50_latency_ms": 394.2543628268439,
    "p95_latency_ms": 492.8179535335548,
    "p99_latency_ms": 535.6716886234292,
    "throughput_rps": 18.668151056663145,
    "hit_rate": 0.0,
    "wasted_compute_ratio": 0.0,
    "reuse_attempts": 32,
    "reuse_successes": 0,
    "store_attempts": 32,
    "store_successes": 0,
    "requests_seen": 64,
    "reused_prefix_tokens_total": 0,
    "recompute_tokens_total": 10652
  }
}