{
  "reactive_prefix_cache": {
    "mean_latency_ms": 99.93829186792621,
    "p50_latency_ms": 91.94322851849212,
    "p95_latency_ms": 114.92903564811513,
    "p99_latency_ms": 124.92286483490776,
    "throughput_rps": 80.04939698761738,
    "hit_rate": 0.6,
    "wasted_compute_ratio": 0.0,
    "reuse_attempts": 32,
    "reuse_successes": 19,
    "store_attempts": 32,
    "store_successes": 19,
    "requests_seen": 64,
    "reused_prefix_tokens_total": 8448,
    "recompute_tokens_total": 2204
  }
}