{
  "shadow_kv_plus_lite": {
    "mean_latency_ms": 96.43399757816695,
    "p50_latency_ms": 88.7192777719136,
    "p95_latency_ms": 110.89909721489198,
    "p99_latency_ms": 120.54249697270869,
    "throughput_rps": 82.9582948017415,
    "hit_rate": 0.0,
    "wasted_compute_ratio": 0.0,
    "reuse_attempts": 32,
    "reuse_successes": 0,
    "store_attempts": 32,
    "store_successes": 0,
    "requests_seen": 64,
    "reused_prefix_tokens_total": 0,
    "recompute_tokens_total": 10652
  }
}