{
  "shadow_kv_plus_lite": {
    "mean_latency_ms": 15.481384882813918,
    "p50_latency_ms": 14.242874092188805,
    "p95_latency_ms": 17.803592615236006,
    "p99_latency_ms": 19.3517311035174,
    "throughput_rps": 516.749635808157,
    "hit_rate": 0.0,
    "wasted_compute_ratio": 0.0,
    "reuse_attempts": 32,
    "reuse_successes": 0,
    "store_attempts": 32,
    "store_successes": 0,
    "requests_seen": 64,
    "reused_prefix_tokens_total": 0,
    "recompute_tokens_total": 10652
  }
}