{
  "no_cache": {
    "mean_latency_ms": 44.73096290625733,
    "p50_latency_ms": 41.152485873756746,
    "p95_latency_ms": 51.440607342195925,
    "p99_latency_ms": 55.913703632821665,
    "throughput_rps": 178.84703302197178,
    "hit_rate": 0.0,
    "wasted_compute_ratio": 0.0,
    "reuse_attempts": 0,
    "reuse_successes": 0,
    "store_attempts": 32,
    "store_successes": 0,
    "requests_seen": 64,
    "reused_prefix_tokens_total": 0,
    "recompute_tokens_total": 10652
  }
}