{
  "greedy_prefix_cache": {
    "mean_latency_ms": 22.166758338991876,
    "p50_latency_ms": 20.393417671872527,
    "p95_latency_ms": 25.491772089840655,
    "p99_latency_ms": 27.708447923739847,
    "throughput_rps": 360.900763100205,
    "hit_rate": 0.6,
    "wasted_compute_ratio": 0.0,
    "reuse_attempts": 32,
    "reuse_successes": 19,
    "store_attempts": 32,
    "store_successes": 19,
    "requests_seen": 64,
    "reused_prefix_tokens_total": 8448,
    "recompute_tokens_total": 2204
  }
}