{
  "strict_reactive_prefix_cache": {
    "mean_latency_ms": 330.21164750029664,
    "p50_latency_ms": 303.79471570027295,
    "p95_latency_ms": 379.7433946253411,
    "p99_latency_ms": 412.7645593753708,
    "throughput_rps": 24.226886182119948,
    "hit_rate": 0.35,
    "wasted_compute_ratio": 0.0,
    "reuse_attempts": 32,
    "reuse_successes": 11,
    "store_attempts": 32,
    "store_successes": 11,
    "requests_seen": 64,
    "reused_prefix_tokens_total": 4928,
    "recompute_tokens_total": 5724
  }
}