{
  "shadow_kv_plus": {
    "mean_latency_ms": 19.556588515609263,
    "p50_latency_ms": 17.992061434360522,
    "p95_latency_ms": 22.490076792950653,
    "p99_latency_ms": 24.44573564451158,
    "throughput_rps": 409.0693013055283,
    "hit_rate": 0.0,
    "wasted_compute_ratio": 0.0,
    "reuse_attempts": 0,
    "reuse_successes": 0,
    "store_attempts": 32,
    "store_successes": 0,
    "requests_seen": 64,
    "reused_prefix_tokens_total": 0,
    "recompute_tokens_total": 10652
  }
}