{
  "no_cache": {
    "mean_latency_ms": 34.390908500014916,
    "p50_latency_ms": 31.639635820013723,
    "p95_latency_ms": 39.549544775017154,
    "p99_latency_ms": 42.988635625018645,
    "throughput_rps": 232.6196180597128,
    "hit_rate": 0.0,
    "wasted_compute_ratio": 0.0,
    "reuse_attempts": 0,
    "reuse_successes": 0,
    "store_attempts": 32,
    "store_successes": 0,
    "requests_seen": 64,
    "reused_prefix_tokens_total": 0,
    "recompute_tokens_total": 10652
  }
}