{
  "shadow_kv_plus_lite": {
    "mean_latency_ms": 68.83821435552662,
    "p50_latency_ms": 63.33115720708449,
    "p95_latency_ms": 79.1639465088556,
    "p99_latency_ms": 86.04776794440826,
    "throughput_rps": 116.21451943367742,
    "hit_rate": 0.0,
    "wasted_compute_ratio": 0.0,
    "reuse_attempts": 32,
    "reuse_successes": 0,
    "store_attempts": 32,
    "store_successes": 0,
    "requests_seen": 64,
    "reused_prefix_tokens_total": 0,
    "recompute_tokens_total": 10652
  }
}