{
  "strict_reactive_prefix_cache": {
    "mean_latency_ms": 130.32184874008993,
    "p50_latency_ms": 119.89610084088274,
    "p95_latency_ms": 149.8701260511034,
    "p99_latency_ms": 162.90231092511243,
    "throughput_rps": 61.38648336669137,
    "hit_rate": 0.0,
    "wasted_compute_ratio": 0.035,
    "reuse_attempts": 32,
    "reuse_successes": 0,
    "store_attempts": 32,
    "store_successes": 0,
    "requests_seen": 64,
    "reused_prefix_tokens_total": 0,
    "recompute_tokens_total": 10652
  }
}