{
  "shadow_kv": {
    "mean_latency_ms": 67.37466609380505,
    "p50_latency_ms": 61.98469280630064,
    "p95_latency_ms": 77.4808660078758,
    "p99_latency_ms": 84.21833261725631,
    "throughput_rps": 118.73899291555202,
    "hit_rate": 0.984375,
    "wasted_compute_ratio": 0.0,
    "reuse_attempts": 63,
    "reuse_successes": 63,
    "store_attempts": 32,
    "store_successes": 63,
    "requests_seen": 64,
    "reused_prefix_tokens_total": 13860,
    "recompute_tokens_total": -3208
  }
}