{
  "strict_reactive_prefix_cache": {
    "mean_latency_ms": 77.38165704861582,
    "p50_latency_ms": 71.19112448472656,
    "p95_latency_ms": 88.98890560590819,
    "p99_latency_ms": 96.72707131076977,
    "throughput_rps": 103.38367392383337,
    "hit_rate": 0.35,
    "wasted_compute_ratio": 0.0,
    "reuse_attempts": 32,
    "reuse_successes": 11,
    "store_attempts": 32,
    "store_successes": 11,
    "requests_seen": 64,
    "reused_prefix_tokens_total": 4928,
    "recompute_tokens_total": 5724
  }
}