{
  "no_cache": {
    "mean_latency_ms": 75.64607118726485,
    "p50_latency_ms": 69.59438549228366,
    "p95_latency_ms": 86.99298186535458,
    "p99_latency_ms": 94.55758898408106,
    "throughput_rps": 105.75565755683044,
    "hit_rate": 0.0,
    "wasted_compute_ratio": 0.0,
    "reuse_attempts": 0,
    "reuse_successes": 0,
    "store_attempts": 32,
    "store_successes": 0,
    "requests_seen": 64,
    "reused_prefix_tokens_total": 0,
    "recompute_tokens_total": 10652
  }
}