{
  "shadow_kv": {
    "mean_latency_ms": 21.95040415620042,
    "p50_latency_ms": 20.194371823704387,
    "p95_latency_ms": 25.24296477963048,
    "p99_latency_ms": 27.438005195250526,
    "throughput_rps": 364.45798187001526,
    "hit_rate": 0.984375,
    "wasted_compute_ratio": 0.0,
    "reuse_attempts": 63,
    "reuse_successes": 63,
    "store_attempts": 32,
    "store_successes": 63,
    "requests_seen": 64,
    "reused_prefix_tokens_total": 13860,
    "recompute_tokens_total": -3208
  }
}