{
  "strict_reactive_prefix_cache": {
    "mean_latency_ms": 421.7463557463298,
    "p50_latency_ms": 388.00664728662343,
    "p95_latency_ms": 485.00830910827926,
    "p99_latency_ms": 527.1829446829123,
    "throughput_rps": 18.96874718891894,
    "hit_rate": 0.35,
    "wasted_compute_ratio": 0.0,
    "reuse_attempts": 32,
    "reuse_successes": 11,
    "store_attempts": 32,
    "store_successes": 11,
    "requests_seen": 64,
    "reused_prefix_tokens_total": 4928,
    "recompute_tokens_total": 5724
  }
}