{
  "strict_reactive_prefix_cache": {
    "mean_latency_ms": 307.83145848429115,
    "p50_latency_ms": 283.2049418055479,
    "p95_latency_ms": 354.0061772569348,
    "p99_latency_ms": 384.7893231053639,
    "throughput_rps": 25.988247073221874,
    "hit_rate": 0.0,
    "wasted_compute_ratio": 0.035,
    "reuse_attempts": 32,
    "reuse_successes": 0,
    "store_attempts": 32,
    "store_successes": 0,
    "requests_seen": 64,
    "reused_prefix_tokens_total": 0,
    "recompute_tokens_total": 10652
  }
}