{
  "no_cache": {
    "mean_latency_ms": 161.59615337495836,
    "p50_latency_ms": 148.6684611049617,
    "p95_latency_ms": 185.8355763812021,
    "p99_latency_ms": 201.99519171869795,
    "throughput_rps": 49.50612890789091,
    "hit_rate": 0.0,
    "wasted_compute_ratio": 0.0,
    "reuse_attempts": 0,
    "reuse_successes": 0,
    "store_attempts": 32,
    "store_successes": 0,
    "requests_seen": 64,
    "reused_prefix_tokens_total": 0,
    "recompute_tokens_total": 10652
  }
}