{
  "shadow_kv_plus": {
    "mean_latency_ms": 17.597149624997144,
    "p50_latency_ms": 16.189377654997372,
    "p95_latency_ms": 20.236722068746715,
    "p99_latency_ms": 21.99643703124643,
    "throughput_rps": 454.6190815264662,
    "hit_rate": 0.0,
    "wasted_compute_ratio": 0.0,
    "reuse_attempts": 0,
    "reuse_successes": 0,
    "store_attempts": 32,
    "store_successes": 0,
    "requests_seen": 64,
    "reused_prefix_tokens_total": 0,
    "recompute_tokens_total": 10652
  }
}