{
  "reactive_prefix_cache": {
    "mean_latency_ms": 21.729542795121404,
    "p50_latency_ms": 19.99117937151169,
    "p95_latency_ms": 24.98897421438961,
    "p99_latency_ms": 27.161928493901755,
    "throughput_rps": 368.1623711749755,
    "hit_rate": 0.0,
    "wasted_compute_ratio": 0.108,
    "reuse_attempts": 32,
    "reuse_successes": 0,
    "store_attempts": 32,
    "store_successes": 0,
    "requests_seen": 64,
    "reused_prefix_tokens_total": 0,
    "recompute_tokens_total": 10652
  }
}