{
  "shadow_kv_plus": {
    "mean_latency_ms": 18.939131468751924,
    "p50_latency_ms": 17.42400095125177,
    "p95_latency_ms": 21.780001189064713,
    "p99_latency_ms": 23.673914335939905,
    "throughput_rps": 422.40585389036295,
    "hit_rate": 0.0,
    "wasted_compute_ratio": 0.0,
    "reuse_attempts": 0,
    "reuse_successes": 0,
    "store_attempts": 32,
    "store_successes": 0,
    "requests_seen": 64,
    "reused_prefix_tokens_total": 0,
    "recompute_tokens_total": 10652
  }
}