{
  "shadow_kv_plus_lite": {
    "mean_latency_ms": 95.41352694857524,
    "p50_latency_ms": 87.78044479268922,
    "p95_latency_ms": 109.72555599086152,
    "p99_latency_ms": 119.26690868571905,
    "throughput_rps": 83.84555372648302,
    "hit_rate": 0.6,
    "wasted_compute_ratio": 0.0,
    "reuse_attempts": 32,
    "reuse_successes": 19,
    "store_attempts": 32,
    "store_successes": 19,
    "requests_seen": 64,
    "reused_prefix_tokens_total": 8448,
    "recompute_tokens_total": 2204
  }
}