{
  "reactive_prefix_cache": {
    "mean_latency_ms": 20.09251505680916,
    "p50_latency_ms": 18.485113852264426,
    "p95_latency_ms": 23.10639231533053,
    "p99_latency_ms": 25.11564382101145,
    "throughput_rps": 398.15821848986883,
    "hit_rate": 0.35,
    "wasted_compute_ratio": 0.003,
    "reuse_attempts": 32,
    "reuse_successes": 11,
    "store_attempts": 32,
    "store_successes": 11,
    "requests_seen": 64,
    "reused_prefix_tokens_total": 4928,
    "recompute_tokens_total": 5724
  }
}