{
  "shadow_kv_plus_lite": {
    "mean_latency_ms": 104.66359218725074,
    "p50_latency_ms": 96.29050481227068,
    "p95_latency_ms": 120.36313101533834,
    "p99_latency_ms": 130.82949023406343,
    "throughput_rps": 76.43536623210315,
    "hit_rate": 0.0,
    "wasted_compute_ratio": 0.0,
    "reuse_attempts": 32,
    "reuse_successes": 0,
    "store_attempts": 32,
    "store_successes": 0,
    "requests_seen": 64,
    "reused_prefix_tokens_total": 0,
    "recompute_tokens_total": 10652
  }
}