{
  "reactive_prefix_cache": {
    "mean_latency_ms": 22.012208211796587,
    "p50_latency_ms": 20.25123155485286,
    "p95_latency_ms": 25.314039443566074,
    "p99_latency_ms": 27.515260264745734,
    "throughput_rps": 363.43468692580836,
    "hit_rate": 0.0,
    "wasted_compute_ratio": 0.108,
    "reuse_attempts": 32,
    "reuse_successes": 0,
    "store_attempts": 32,
    "store_successes": 0,
    "requests_seen": 64,
    "reused_prefix_tokens_total": 0,
    "recompute_tokens_total": 10652
  }
}