{
  "shadow_kv_plus_lite": {
    "mean_latency_ms": 467.32146370481905,
    "p50_latency_ms": 429.93574660843353,
    "p95_latency_ms": 537.4196832605419,
    "p99_latency_ms": 584.1518296310238,
    "throughput_rps": 17.118837077539315,
    "hit_rate": 0.35,
    "wasted_compute_ratio": 0.0,
    "reuse_attempts": 32,
    "reuse_successes": 11,
    "store_attempts": 32,
    "store_successes": 11,
    "requests_seen": 64,
    "reused_prefix_tokens_total": 4928,
    "recompute_tokens_total": 5724
  }
}