{
  "no_cache": {
    "mean_latency_ms": 286.1722324531968,
    "p50_latency_ms": 263.27845385694104,
    "p95_latency_ms": 329.0980673211763,
    "p99_latency_ms": 357.715290566496,
    "throughput_rps": 27.955193036796093,
    "hit_rate": 0.0,
    "wasted_compute_ratio": 0.0,
    "reuse_attempts": 0,
    "reuse_successes": 0,
    "store_attempts": 32,
    "store_successes": 0,
    "requests_seen": 64,
    "reused_prefix_tokens_total": 0,
    "recompute_tokens_total": 10652
  }
}