{
  "strict_reactive_prefix_cache": {
    "mean_latency_ms": 194.44348289662608,
    "p50_latency_ms": 178.888004264896,
    "p95_latency_ms": 223.61000533111996,
    "p99_latency_ms": 243.0543536207826,
    "throughput_rps": 41.143060599532255,
    "hit_rate": 0.0,
    "wasted_compute_ratio": 0.035,
    "reuse_attempts": 32,
    "reuse_successes": 0,
    "store_attempts": 32,
    "store_successes": 0,
    "requests_seen": 64,
    "reused_prefix_tokens_total": 0,
    "recompute_tokens_total": 10652
  }
}