{
  "shadow_kv_plus_lite": {
    "mean_latency_ms": 68.84190730463756,
    "p50_latency_ms": 63.33455472026656,
    "p95_latency_ms": 79.16819340033318,
    "p99_latency_ms": 86.05238413079695,
    "throughput_rps": 116.20828523240345,
    "hit_rate": 0.0,
    "wasted_compute_ratio": 0.0,
    "reuse_attempts": 32,
    "reuse_successes": 0,
    "store_attempts": 32,
    "store_successes": 0,
    "requests_seen": 64,
    "reused_prefix_tokens_total": 0,
    "recompute_tokens_total": 10652
  }
}