{
  "reactive_prefix_cache": {
    "mean_latency_ms": 131.38257489360552,
    "p50_latency_ms": 120.87196890211709,
    "p95_latency_ms": 151.08996112764635,
    "p99_latency_ms": 164.22821861700692,
    "throughput_rps": 60.89087541843698,
    "hit_rate": 0.6,
    "wasted_compute_ratio": 0.0,
    "reuse_attempts": 32,
    "reuse_successes": 19,
    "store_attempts": 32,
    "store_successes": 19,
    "requests_seen": 64,
    "reused_prefix_tokens_total": 8448,
    "recompute_tokens_total": 2204
  }
}