{
  "shadow_kv": {
    "mean_latency_ms": 19.546230546886534,
    "p50_latency_ms": 17.98253210313561,
    "p95_latency_ms": 22.478165128919514,
    "p99_latency_ms": 24.432788183608167,
    "throughput_rps": 409.2860759423662,
    "hit_rate": 0.984375,
    "wasted_compute_ratio": 0.0,
    "reuse_attempts": 63,
    "reuse_successes": 63,
    "store_attempts": 32,
    "store_successes": 63,
    "requests_seen": 64,
    "reused_prefix_tokens_total": 13860,
    "recompute_tokens_total": -3208
  }
}