{
  "reactive_prefix_cache": {
    "mean_latency_ms": 61.18952387157921,
    "p50_latency_ms": 56.29436196185288,
    "p95_latency_ms": 70.36795245231609,
    "p99_latency_ms": 76.48690483947402,
    "throughput_rps": 130.7413343628871,
    "hit_rate": 0.0,
    "wasted_compute_ratio": 0.108,
    "reuse_attempts": 32,
    "reuse_successes": 0,
    "store_attempts": 32,
    "store_successes": 0,
    "requests_seen": 64,
    "reused_prefix_tokens_total": 0,
    "recompute_tokens_total": 10652
  }
}