{
  "shadow_kv": {
    "mean_latency_ms": 288.59234165634007,
    "p50_latency_ms": 265.50495432383286,
    "p95_latency_ms": 331.8811929047911,
    "p99_latency_ms": 360.7404270704251,
    "throughput_rps": 27.720763323395865,
    "hit_rate": 0.0,
    "wasted_compute_ratio": 1.0,
    "reuse_attempts": 62,
    "reuse_successes": 0,
    "store_attempts": 32,
    "store_successes": 0,
    "requests_seen": 64,
    "reused_prefix_tokens_total": 0,
    "recompute_tokens_total": 10652
  }
}