{
  "strict_reactive_prefix_cache": {
    "mean_latency_ms": 335.6556652082708,
    "p50_latency_ms": 308.80321199160915,
    "p95_latency_ms": 386.0040149895114,
    "p99_latency_ms": 419.56958151033854,
    "throughput_rps": 23.833948981722337,
    "hit_rate": 0.35,
    "wasted_compute_ratio": 0.0,
    "reuse_attempts": 32,
    "reuse_successes": 11,
    "store_attempts": 32,
    "store_successes": 11,
    "requests_seen": 64,
    "reused_prefix_tokens_total": 4928,
    "recompute_tokens_total": 5724
  }
}