{
  "shadow_kv": {
    "mean_latency_ms": 21.601731531283974,
    "p50_latency_ms": 19.873593008781256,
    "p95_latency_ms": 24.841991260976567,
    "p99_latency_ms": 27.002164414104968,
    "throughput_rps": 370.34068257048153,
    "hit_rate": 0.0,
    "wasted_compute_ratio": 0.0,
    "reuse_attempts": 62,
    "reuse_successes": 0,
    "store_attempts": 32,
    "store_successes": 0,
    "requests_seen": 64,
    "reused_prefix_tokens_total": 0,
    "recompute_tokens_total": 10652
  }
}