{
  "shadow_kv_plus_lite": {
    "mean_latency_ms": 95.09858400722284,
    "p50_latency_ms": 87.49069728664502,
    "p95_latency_ms": 109.36337160830625,
    "p99_latency_ms": 118.87323000902855,
    "throughput_rps": 84.12322942045479,
    "hit_rate": 0.6,
    "wasted_compute_ratio": 0.0,
    "reuse_attempts": 32,
    "reuse_successes": 19,
    "store_attempts": 32,
    "store_successes": 19,
    "requests_seen": 64,
    "reused_prefix_tokens_total": 8448,
    "recompute_tokens_total": 2204
  }
}