{
  "no_cache": {
    "mean_latency_ms": 77.70373721871238,
    "p50_latency_ms": 71.48743824121539,
    "p95_latency_ms": 89.35929780151923,
    "p99_latency_ms": 97.12967152339047,
    "throughput_rps": 102.95515101780026,
    "hit_rate": 0.0,
    "wasted_compute_ratio": 0.0,
    "reuse_attempts": 0,
    "reuse_successes": 0,
    "store_attempts": 32,
    "store_successes": 0,
    "requests_seen": 64,
    "reused_prefix_tokens_total": 0,
    "recompute_tokens_total": 10652
  }
}