{
  "shadow_kv": {
    "mean_latency_ms": 187.9729630624638,
    "p50_latency_ms": 172.9351260174667,
    "p95_latency_ms": 216.16890752183335,
    "p99_latency_ms": 234.96620382807976,
    "throughput_rps": 42.55931209288638,
    "hit_rate": 0.96875,
    "wasted_compute_ratio": 0.0,
    "reuse_attempts": 62,
    "reuse_successes": 62,
    "store_attempts": 32,
    "store_successes": 62,
    "requests_seen": 64,
    "reused_prefix_tokens_total": 13640,
    "recompute_tokens_total": -2988
  }
}