{
  "no_cache": {
    "mean_latency_ms": 18.93650645312306,
    "p50_latency_ms": 17.421585936873214,
    "p95_latency_ms": 21.776982421091517,
    "p99_latency_ms": 23.670633066403823,
    "throughput_rps": 422.4644086174944,
    "hit_rate": 0.0,
    "wasted_compute_ratio": 0.0,
    "reuse_attempts": 0,
    "reuse_successes": 0,
    "store_attempts": 32,
    "store_successes": 0,
    "requests_seen": 64,
    "reused_prefix_tokens_total": 0,
    "recompute_tokens_total": 10652
  }
}