{
  "reactive_prefix_cache": {
    "mean_latency_ms": 183.1097739348147,
    "p50_latency_ms": 168.46099202002955,
    "p95_latency_ms": 210.5762400250369,
    "p99_latency_ms": 228.8872174185184,
    "throughput_rps": 43.689639433708884,
    "hit_rate": 0.6,
    "wasted_compute_ratio": 0.0,
    "reuse_attempts": 32,
    "reuse_successes": 19,
    "store_attempts": 32,
    "store_successes": 19,
    "requests_seen": 64,
    "reused_prefix_tokens_total": 8448,
    "recompute_tokens_total": 2204
  }
}