{
  "shadow_kv_plus": {
    "mean_latency_ms": 15.457077218744786,
    "p50_latency_ms": 14.220511041245203,
    "p95_latency_ms": 17.775638801556504,
    "p99_latency_ms": 19.321346523430982,
    "throughput_rps": 517.5622717533174,
    "hit_rate": 0.0,
    "wasted_compute_ratio": 0.0,
    "reuse_attempts": 0,
    "reuse_successes": 0,
    "store_attempts": 32,
    "store_successes": 0,
    "requests_seen": 64,
    "reused_prefix_tokens_total": 0,
    "recompute_tokens_total": 10652
  }
}