{
  "reactive_prefix_cache": {
    "mean_latency_ms": 80.5717796520288,
    "p50_latency_ms": 74.1260372798665,
    "p95_latency_ms": 92.65754659983311,
    "p99_latency_ms": 100.714724565036,
    "throughput_rps": 99.29034749573836,
    "hit_rate": 0.6,
    "wasted_compute_ratio": 0.0,
    "reuse_attempts": 32,
    "reuse_successes": 19,
    "store_attempts": 32,
    "store_successes": 19,
    "requests_seen": 64,
    "reused_prefix_tokens_total": 8448,
    "recompute_tokens_total": 2204
  }
}