{
  "shadow_kv": {
    "mean_latency_ms": 290.56525042187786,
    "p50_latency_ms": 267.32003038812763,
    "p95_latency_ms": 334.15003798515954,
    "p99_latency_ms": 363.20656302734733,
    "throughput_rps": 27.53254213428698,
    "hit_rate": 0.984375,
    "wasted_compute_ratio": 0.0,
    "reuse_attempts": 63,
    "reuse_successes": 63,
    "store_attempts": 32,
    "store_successes": 63,
    "requests_seen": 64,
    "reused_prefix_tokens_total": 13860,
    "recompute_tokens_total": -3208
  }
}