{
  "strict_reactive_prefix_cache": {
    "mean_latency_ms": 78.76489638890563,
    "p50_latency_ms": 72.46370467779317,
    "p95_latency_ms": 90.57963084724146,
    "p99_latency_ms": 98.45612048613204,
    "throughput_rps": 101.5680889174233,
    "hit_rate": 0.35,
    "wasted_compute_ratio": 0.0,
    "reuse_attempts": 32,
    "reuse_successes": 11,
    "store_attempts": 32,
    "store_successes": 11,
    "requests_seen": 64,
    "reused_prefix_tokens_total": 4928,
    "recompute_tokens_total": 5724
  }
}