{
  "greedy_prefix_cache": {
    "mean_latency_ms": 27.64958434095787,
    "p50_latency_ms": 25.437617593681242,
    "p95_latency_ms": 31.79702199210155,
    "p99_latency_ms": 34.56198042619734,
    "throughput_rps": 289.3352717837947,
    "hit_rate": 0.6,
    "wasted_compute_ratio": 0.0,
    "reuse_attempts": 32,
    "reuse_successes": 19,
    "store_attempts": 32,
    "store_successes": 19,
    "requests_seen": 64,
    "reused_prefix_tokens_total": 8448,
    "recompute_tokens_total": 2204
  }
}