{
  "shadow_kv_plus_lite": {
    "mean_latency_ms": 21.909552421899292,
    "p50_latency_ms": 20.15678822814735,
    "p95_latency_ms": 25.195985285184182,
    "p99_latency_ms": 27.386940527374115,
    "throughput_rps": 365.13753663008407,
    "hit_rate": 0.0,
    "wasted_compute_ratio": 0.0,
    "reuse_attempts": 32,
    "reuse_successes": 0,
    "store_attempts": 32,
    "store_successes": 0,
    "requests_seen": 64,
    "reused_prefix_tokens_total": 0,
    "recompute_tokens_total": 10652
  }
}