{
  "shadow_kv_plus": {
    "mean_latency_ms": 70.92044774995543,
    "p50_latency_ms": 65.246811929959,
    "p95_latency_ms": 81.55851491244874,
    "p99_latency_ms": 88.65055968744429,
    "throughput_rps": 112.80244631570346,
    "hit_rate": 0.984375,
    "wasted_compute_ratio": 0.0,
    "reuse_attempts": 63,
    "reuse_successes": 63,
    "store_attempts": 32,
    "store_successes": 63,
    "requests_seen": 64,
    "reused_prefix_tokens_total": 13860,
    "recompute_tokens_total": -3208
  }
}