{
  "shadow_kv_plus_lite": {
    "mean_latency_ms": 23.796699062437195,
    "p50_latency_ms": 21.89296313744222,
    "p95_latency_ms": 27.36620392180277,
    "p99_latency_ms": 29.745873828046495,
    "throughput_rps": 336.18108036790295,
    "hit_rate": 0.0,
    "wasted_compute_ratio": 0.0,
    "reuse_attempts": 32,
    "reuse_successes": 0,
    "store_attempts": 32,
    "store_successes": 0,
    "requests_seen": 64,
    "reused_prefix_tokens_total": 0,
    "recompute_tokens_total": 10652
  }
}