{
  "strict_reactive_prefix_cache": {
    "mean_latency_ms": 22.57338067712864,
    "p50_latency_ms": 20.76751022295835,
    "p95_latency_ms": 25.959387778697934,
    "p99_latency_ms": 28.2167258464108,
    "throughput_rps": 354.39972923974136,
    "hit_rate": 0.35,
    "wasted_compute_ratio": 0.0,
    "reuse_attempts": 32,
    "reuse_successes": 11,
    "store_attempts": 32,
    "store_successes": 11,
    "requests_seen": 64,
    "reused_prefix_tokens_total": 4928,
    "recompute_tokens_total": 5724
  }
}