{
  "strict_reactive_prefix_cache": {
    "mean_latency_ms": 213.95673998310053,
    "p50_latency_ms": 196.8402007844525,
    "p95_latency_ms": 246.0502509805656,
    "p99_latency_ms": 267.44592497887567,
    "throughput_rps": 37.39073609287505,
    "hit_rate": 0.35,
    "wasted_compute_ratio": 0.0,
    "reuse_attempts": 32,
    "reuse_successes": 11,
    "store_attempts": 32,
    "store_successes": 11,
    "requests_seen": 64,
    "reused_prefix_tokens_total": 4928,
    "recompute_tokens_total": 5724
  }
}