{
  "no_cache": {
    "mean_latency_ms": 68.68296920328021,
    "p50_latency_ms": 63.18833166701779,
    "p95_latency_ms": 78.98541458377224,
    "p99_latency_ms": 85.85371150410026,
    "throughput_rps": 116.47720086652762,
    "hit_rate": 0.0,
    "wasted_compute_ratio": 0.0,
    "reuse_attempts": 0,
    "reuse_successes": 0,
    "store_attempts": 32,
    "store_successes": 0,
    "requests_seen": 64,
    "reused_prefix_tokens_total": 0,
    "recompute_tokens_total": 10652
  }
}