{
  "strict_reactive_prefix_cache": {
    "mean_latency_ms": 18.317064986565423,
    "p50_latency_ms": 16.85169978764019,
    "p95_latency_ms": 21.064624734550236,
    "p99_latency_ms": 22.89633123320678,
    "throughput_rps": 436.751193811212,
    "hit_rate": 0.0,
    "wasted_compute_ratio": 0.035,
    "reuse_attempts": 32,
    "reuse_successes": 0,
    "store_attempts": 32,
    "store_successes": 0,
    "requests_seen": 64,
    "reused_prefix_tokens_total": 0,
    "recompute_tokens_total": 10652
  }
}