{
  "shadow_kv": {
    "mean_latency_ms": 16.25020640624797,
    "p50_latency_ms": 14.950189893748131,
    "p95_latency_ms": 18.687737367185164,
    "p99_latency_ms": 20.31275800780996,
    "throughput_rps": 492.3014391327433,
    "hit_rate": 0.875,
    "wasted_compute_ratio": 0.0,
    "reuse_attempts": 56,
    "reuse_successes": 56,
    "store_attempts": 32,
    "store_successes": 56,
    "requests_seen": 64,
    "reused_prefix_tokens_total": 12320,
    "recompute_tokens_total": -1668
  }
}