{
  "shadow_kv_plus_lite": {
    "mean_latency_ms": 152.60001856615068,
    "p50_latency_ms": 140.39201708085864,
    "p95_latency_ms": 175.49002135107327,
    "p99_latency_ms": 190.75002320768834,
    "throughput_rps": 52.42463320233526,
    "hit_rate": 0.6,
    "wasted_compute_ratio": 0.0,
    "reuse_attempts": 32,
    "reuse_successes": 19,
    "store_attempts": 32,
    "store_successes": 19,
    "requests_seen": 64,
    "reused_prefix_tokens_total": 8448,
    "recompute_tokens_total": 2204
  }
}