{
  "greedy_prefix_cache": {
    "mean_latency_ms": 115.57101683613355,
    "p50_latency_ms": 106.32533548924287,
    "p95_latency_ms": 132.90666936155358,
    "p99_latency_ms": 144.46377104516694,
    "throughput_rps": 69.22150742467795,
    "hit_rate": 0.35,
    "wasted_compute_ratio": 0.0,
    "reuse_attempts": 32,
    "reuse_successes": 11,
    "store_attempts": 32,
    "store_successes": 11,
    "requests_seen": 64,
    "reused_prefix_tokens_total": 4928,
    "recompute_tokens_total": 5724
  }
}