{
  "shadow_kv_plus_lite": {
    "mean_latency_ms": 357.6279612390414,
    "p50_latency_ms": 329.01772433991806,
    "p95_latency_ms": 411.27215542489756,
    "p99_latency_ms": 447.0349515488017,
    "throughput_rps": 22.369615542037376,
    "hit_rate": 0.35,
    "wasted_compute_ratio": 0.0,
    "reuse_attempts": 32,
    "reuse_successes": 11,
    "store_attempts": 32,
    "store_successes": 11,
    "requests_seen": 64,
    "reused_prefix_tokens_total": 4928,
    "recompute_tokens_total": 5724
  }
}