{
  "shadow_kv_plus": {
    "mean_latency_ms": 65.46761045326832,
    "p50_latency_ms": 60.230201617006855,
    "p95_latency_ms": 75.28775202125857,
    "p99_latency_ms": 81.8345130665854,
    "throughput_rps": 122.19783102837562,
    "hit_rate": 0.9516129032258065,
    "wasted_compute_ratio": 0.0,
    "reuse_attempts": 59,
    "reuse_successes": 61,
    "store_attempts": 32,
    "store_successes": 61,
    "requests_seen": 64,
    "reused_prefix_tokens_total": 13398,
    "recompute_tokens_total": -2746
  }
}