{
  "no_cache": {
    "mean_latency_ms": 76.30123904695552,
    "p50_latency_ms": 70.19713992319907,
    "p95_latency_ms": 87.74642490399884,
    "p99_latency_ms": 95.3765488086944,
    "throughput_rps": 104.84757652594381,
    "hit_rate": 0.0,
    "wasted_compute_ratio": 0.0,
    "reuse_attempts": 0,
    "reuse_successes": 0,
    "store_attempts": 32,
    "store_successes": 0,
    "requests_seen": 64,
    "reused_prefix_tokens_total": 0,
    "recompute_tokens_total": 10652
  }
}