{
  "shadow_kv_plus": {
    "mean_latency_ms": 53.286976859411084,
    "p50_latency_ms": 49.0240187106582,
    "p95_latency_ms": 61.28002338832274,
    "p99_latency_ms": 66.60872107426385,
    "throughput_rps": 150.13049100358393,
    "hit_rate": 0.984375,
    "wasted_compute_ratio": 0.0,
    "reuse_attempts": 63,
    "reuse_successes": 63,
    "store_attempts": 32,
    "store_successes": 63,
    "requests_seen": 64,
    "reused_prefix_tokens_total": 13860,
    "recompute_tokens_total": -3208
  }
}