{
  "greedy_prefix_cache": {
    "mean_latency_ms": 21.45849775502927,
    "p50_latency_ms": 19.74181793462693,
    "p95_latency_ms": 24.67727241828366,
    "p99_latency_ms": 26.82312219378659,
    "throughput_rps": 372.81267735179756,
    "hit_rate": 0.0,
    "wasted_compute_ratio": 0.0,
    "reuse_attempts": 32,
    "reuse_successes": 0,
    "store_attempts": 32,
    "store_successes": 0,
    "requests_seen": 64,
    "reused_prefix_tokens_total": 0,
    "recompute_tokens_total": 10652
  }
}