{
  "reactive_prefix_cache": {
    "mean_latency_ms": 58.55027922580677,
    "p50_latency_ms": 53.86625688774223,
    "p95_latency_ms": 67.33282110967778,
    "p99_latency_ms": 73.18784903225846,
    "throughput_rps": 136.6347027850535,
    "hit_rate": 0.35,
    "wasted_compute_ratio": 0.003,
    "reuse_attempts": 32,
    "reuse_successes": 11,
    "store_attempts": 32,
    "store_successes": 11,
    "requests_seen": 64,
    "reused_prefix_tokens_total": 4928,
    "recompute_tokens_total": 5724
  }
}