{
  "shadow_kv": {
    "mean_latency_ms": 20.049007890637682,
    "p50_latency_ms": 18.445087259386668,
    "p95_latency_ms": 23.05635907423333,
    "p99_latency_ms": 25.061259863297103,
    "throughput_rps": 399.0222380896849,
    "hit_rate": 0.984375,
    "wasted_compute_ratio": 0.0,
    "reuse_attempts": 63,
    "reuse_successes": 63,
    "store_attempts": 32,
    "store_successes": 63,
    "requests_seen": 64,
    "reused_prefix_tokens_total": 13860,
    "recompute_tokens_total": -3208
  }
}