{
  "no_cache": {
    "mean_latency_ms": 320.0730614530016,
    "p50_latency_ms": 294.4672165367615,
    "p95_latency_ms": 368.0840206709518,
    "p99_latency_ms": 400.09132681625204,
    "throughput_rps": 24.994293376903546,
    "hit_rate": 0.0,
    "wasted_compute_ratio": 0.0,
    "reuse_attempts": 0,
    "reuse_successes": 0,
    "store_attempts": 32,
    "store_successes": 0,
    "requests_seen": 64,
    "reused_prefix_tokens_total": 0,
    "recompute_tokens_total": 10652
  }
}