{
  "shadow_kv_plus_lite": {
    "mean_latency_ms": 26.637851856672597,
    "p50_latency_ms": 24.50682370813879,
    "p95_latency_ms": 30.633529635173485,
    "p99_latency_ms": 33.29731482084075,
    "throughput_rps": 300.324517271315,
    "hit_rate": 0.6,
    "wasted_compute_ratio": 0.0,
    "reuse_attempts": 32,
    "reuse_successes": 19,
    "store_attempts": 32,
    "store_successes": 19,
    "requests_seen": 64,
    "reused_prefix_tokens_total": 8448,
    "recompute_tokens_total": 2204
  }
}