{
  "strict_reactive_prefix_cache": {
    "mean_latency_ms": 64.4994459748831,
    "p50_latency_ms": 59.33949029689246,
    "p95_latency_ms": 74.17436287111556,
    "p99_latency_ms": 80.62430746860387,
    "throughput_rps": 124.03207312998163,
    "hit_rate": 0.6,
    "wasted_compute_ratio": 0.0,
    "reuse_attempts": 32,
    "reuse_successes": 19,
    "store_attempts": 32,
    "store_successes": 19,
    "requests_seen": 64,
    "reused_prefix_tokens_total": 8448,
    "recompute_tokens_total": 2204
  }
}