{
  "strict_reactive_prefix_cache": {
    "mean_latency_ms": 92.68043473956784,
    "p50_latency_ms": 85.26599996040243,
    "p95_latency_ms": 106.582499950503,
    "p99_latency_ms": 115.8505434244598,
    "throughput_rps": 86.31811042406105,
    "hit_rate": 0.35,
    "wasted_compute_ratio": 0.0,
    "reuse_attempts": 32,
    "reuse_successes": 11,
    "store_attempts": 32,
    "store_successes": 11,
    "requests_seen": 64,
    "reused_prefix_tokens_total": 4928,
    "recompute_tokens_total": 5724
  }
}