{
  "reactive_prefix_cache": {
    "mean_latency_ms": 66.87550868244523,
    "p50_latency_ms": 61.525467987849616,
    "p95_latency_ms": 76.90683498481201,
    "p99_latency_ms": 83.59438585305654,
    "throughput_rps": 119.62525829878277,
    "hit_rate": 0.35,
    "wasted_compute_ratio": 0.003,
    "reuse_attempts": 32,
    "reuse_successes": 11,
    "store_attempts": 32,
    "store_successes": 11,
    "requests_seen": 64,
    "reused_prefix_tokens_total": 4928,
    "recompute_tokens_total": 5724
  }
}