{
  "reactive_prefix_cache": {
    "mean_latency_ms": 88.72440186416178,
    "p50_latency_ms": 81.62644971502884,
    "p95_latency_ms": 102.03306214378604,
    "p99_latency_ms": 110.90550233020222,
    "throughput_rps": 90.16685186841953,
    "hit_rate": 0.35,
    "wasted_compute_ratio": 0.003,
    "reuse_attempts": 32,
    "reuse_successes": 11,
    "store_attempts": 32,
    "store_successes": 11,
    "requests_seen": 64,
    "reused_prefix_tokens_total": 4928,
    "recompute_tokens_total": 5724
  }
}