{
  "reactive_prefix_cache": {
    "mean_latency_ms": 103.96456984374758,
    "p50_latency_ms": 95.64740425624778,
    "p95_latency_ms": 119.55925532030972,
    "p99_latency_ms": 129.95571230468448,
    "throughput_rps": 76.94929159062085,
    "hit_rate": 0.0,
    "wasted_compute_ratio": 0.108,
    "reuse_attempts": 32,
    "reuse_successes": 0,
    "store_attempts": 32,
    "store_successes": 0,
    "requests_seen": 64,
    "reused_prefix_tokens_total": 0,
    "recompute_tokens_total": 10652
  }
}