{
  "no_cache": {
    "mean_latency_ms": 17.175139515597238,
    "p50_latency_ms": 15.801128354349459,
    "p95_latency_ms": 19.751410442936823,
    "p99_latency_ms": 21.468924394496547,
    "throughput_rps": 465.78952052965684,
    "hit_rate": 0.0,
    "wasted_compute_ratio": 0.0,
    "reuse_attempts": 0,
    "reuse_successes": 0,
    "store_attempts": 32,
    "store_successes": 0,
    "requests_seen": 64,
    "reused_prefix_tokens_total": 0,
    "recompute_tokens_total": 10652
  }
}