{
  "shadow_kv_plus": {
    "mean_latency_ms": 65.76472810920109,
    "p50_latency_ms": 60.503549860465,
    "p95_latency_ms": 75.62943732558125,
    "p99_latency_ms": 82.20591013650136,
    "throughput_rps": 121.6457549511366,
    "hit_rate": 0.0,
    "wasted_compute_ratio": 0.0,
    "reuse_attempts": 0,
    "reuse_successes": 0,
    "store_attempts": 32,
    "store_successes": 0,
    "requests_seen": 64,
    "reused_prefix_tokens_total": 0,
    "recompute_tokens_total": 10652
  }
}