{
  "strict_reactive_prefix_cache": {
    "mean_latency_ms": 20.553856614608573,
    "p50_latency_ms": 18.909548085439887,
    "p95_latency_ms": 23.636935106799857,
    "p99_latency_ms": 25.692320768260718,
    "throughput_rps": 389.22135879424354,
    "hit_rate": 0.35,
    "wasted_compute_ratio": 0.0,
    "reuse_attempts": 32,
    "reuse_successes": 11,
    "store_attempts": 32,
    "store_successes": 11,
    "requests_seen": 64,
    "reused_prefix_tokens_total": 4928,
    "recompute_tokens_total": 5724
  }
}