{
  "shadow_kv_plus_lite": {
    "mean_latency_ms": 94.6077364268746,
    "p50_latency_ms": 87.03911751272463,
    "p95_latency_ms": 108.79889689090578,
    "p99_latency_ms": 118.25967053359324,
    "throughput_rps": 84.55968086905304,
    "hit_rate": 0.35,
    "wasted_compute_ratio": 0.0,
    "reuse_attempts": 32,
    "reuse_successes": 11,
    "store_attempts": 32,
    "store_successes": 11,
    "requests_seen": 64,
    "reused_prefix_tokens_total": 4928,
    "recompute_tokens_total": 5724
  }
}