{
  "shadow_kv_plus_lite": {
    "mean_latency_ms": 23.130085175755433,
    "p50_latency_ms": 21.279678361694998,
    "p95_latency_ms": 26.599597952118746,
    "p99_latency_ms": 28.91260646969429,
    "throughput_rps": 345.8698893329397,
    "hit_rate": 0.0,
    "wasted_compute_ratio": 0.0,
    "reuse_attempts": 32,
    "reuse_successes": 0,
    "store_attempts": 32,
    "store_successes": 0,
    "requests_seen": 64,
    "reused_prefix_tokens_total": 0,
    "recompute_tokens_total": 10652
  }
}