{
  "strict_reactive_prefix_cache": {
    "mean_latency_ms": 69.18129050338469,
    "p50_latency_ms": 63.646787263113914,
    "p95_latency_ms": 79.55848407889239,
    "p99_latency_ms": 86.47661312923086,
    "throughput_rps": 115.63820133723294,
    "hit_rate": 0.35,
    "wasted_compute_ratio": 0.0,
    "reuse_attempts": 32,
    "reuse_successes": 11,
    "store_attempts": 32,
    "store_successes": 11,
    "requests_seen": 64,
    "reused_prefix_tokens_total": 4928,
    "recompute_tokens_total": 5724
  }
}