{
  "no_cache": {
    "mean_latency_ms": 104.78832187484954,
    "p50_latency_ms": 96.40525612486158,
    "p95_latency_ms": 120.50657015607696,
    "p99_latency_ms": 130.98540234356193,
    "throughput_rps": 76.34438510767006,
    "hit_rate": 0.0,
    "wasted_compute_ratio": 0.0,
    "reuse_attempts": 0,
    "reuse_successes": 0,
    "store_attempts": 32,
    "store_successes": 0,
    "requests_seen": 64,
    "reused_prefix_tokens_total": 0,
    "recompute_tokens_total": 10652
  }
}