{
  "no_cache": {
    "mean_latency_ms": 67.00699065615368,
    "p50_latency_ms": 61.64643140366138,
    "p95_latency_ms": 77.05803925457673,
    "p99_latency_ms": 83.7587383201921,
    "throughput_rps": 119.39052808761393,
    "hit_rate": 0.0,
    "wasted_compute_ratio": 0.0,
    "reuse_attempts": 0,
    "reuse_successes": 0,
    "store_attempts": 32,
    "store_successes": 0,
    "requests_seen": 64,
    "reused_prefix_tokens_total": 0,
    "recompute_tokens_total": 10652
  }
}