{
  "greedy_prefix_cache": {
    "mean_latency_ms": 76.31427666992829,
    "p50_latency_ms": 70.20913453633403,
    "p95_latency_ms": 87.76141817041753,
    "p99_latency_ms": 95.39284583741036,
    "throughput_rps": 104.82966423964557,
    "hit_rate": 0.0,
    "wasted_compute_ratio": 0.0,
    "reuse_attempts": 32,
    "reuse_successes": 0,
    "store_attempts": 32,
    "store_successes": 0,
    "requests_seen": 64,
    "reused_prefix_tokens_total": 0,
    "recompute_tokens_total": 10652
  }
}