{
  "shadow_kv_plus_lite": {
    "mean_latency_ms": 227.28414422809183,
    "p50_latency_ms": 209.1014126898445,
    "p95_latency_ms": 261.3767658623056,
    "p99_latency_ms": 284.1051802851148,
    "throughput_rps": 35.198231830776415,
    "hit_rate": 0.6,
    "wasted_compute_ratio": 0.0,
    "reuse_attempts": 32,
    "reuse_successes": 19,
    "store_attempts": 32,
    "store_successes": 19,
    "requests_seen": 64,
    "reused_prefix_tokens_total": 8448,
    "recompute_tokens_total": 2204
  }
}