{
  "no_cache": {
    "mean_latency_ms": 59.24088278129602,
    "p50_latency_ms": 54.50161215879234,
    "p95_latency_ms": 68.12701519849043,
    "p99_latency_ms": 74.05110347662003,
    "throughput_rps": 135.04187690001507,
    "hit_rate": 0.0,
    "wasted_compute_ratio": 0.0,
    "reuse_attempts": 0,
    "reuse_successes": 0,
    "store_attempts": 32,
    "store_successes": 0,
    "requests_seen": 64,
    "reused_prefix_tokens_total": 0,
    "recompute_tokens_total": 10652
  }
}