{
  "greedy_prefix_cache": {
    "mean_latency_ms": 60.03114816812857,
    "p50_latency_ms": 55.22865631467828,
    "p95_latency_ms": 69.03582039334785,
    "p99_latency_ms": 75.0389352101607,
    "throughput_rps": 133.26415109693536,
    "hit_rate": 0.0,
    "wasted_compute_ratio": 0.0,
    "reuse_attempts": 32,
    "reuse_successes": 0,
    "store_attempts": 32,
    "store_successes": 0,
    "requests_seen": 64,
    "reused_prefix_tokens_total": 0,
    "recompute_tokens_total": 10652
  }
}