{
  "strict_reactive_prefix_cache": {
    "mean_latency_ms": 70.71476140774311,
    "p50_latency_ms": 65.05758049512366,
    "p95_latency_ms": 81.32197561890457,
    "p99_latency_ms": 88.3934517596789,
    "throughput_rps": 113.13055210455703,
    "hit_rate": 0.0,
    "wasted_compute_ratio": 0.035,
    "reuse_attempts": 32,
    "reuse_successes": 0,
    "store_attempts": 32,
    "store_successes": 0,
    "requests_seen": 64,
    "reused_prefix_tokens_total": 0,
    "recompute_tokens_total": 10652
  }
}