{
  "shadow_kv_plus_lite": {
    "mean_latency_ms": 136.01960694867395,
    "p50_latency_ms": 125.13803839278005,
    "p95_latency_ms": 156.42254799097503,
    "p99_latency_ms": 170.02450868584245,
    "throughput_rps": 58.815050120081175,
    "hit_rate": 0.6,
    "wasted_compute_ratio": 0.0,
    "reuse_attempts": 32,
    "reuse_successes": 19,
    "store_attempts": 32,
    "store_successes": 19,
    "requests_seen": 64,
    "reused_prefix_tokens_total": 8448,
    "recompute_tokens_total": 2204
  }
}