{
  "shadow_kv_plus_lite": {
    "mean_latency_ms": 242.38201517321104,
    "p50_latency_ms": 222.99145395935417,
    "p95_latency_ms": 278.7393174491927,
    "p99_latency_ms": 302.9775189665138,
    "throughput_rps": 33.00574918598247,
    "hit_rate": 0.35,
    "wasted_compute_ratio": 0.0,
    "reuse_attempts": 32,
    "reuse_successes": 11,
    "store_attempts": 32,
    "store_successes": 11,
    "requests_seen": 64,
    "reused_prefix_tokens_total": 4928,
    "recompute_tokens_total": 5724
  }
}