{
  "strict_reactive_prefix_cache": {
    "mean_latency_ms": 16.62051313843525,
    "p50_latency_ms": 15.29087208736043,
    "p95_latency_ms": 19.113590109200537,
    "p99_latency_ms": 20.775641423044064,
    "throughput_rps": 481.3329127305853,
    "hit_rate": 0.0,
    "wasted_compute_ratio": 0.035,
    "reuse_attempts": 32,
    "reuse_successes": 0,
    "store_attempts": 32,
    "store_successes": 0,
    "requests_seen": 64,
    "reused_prefix_tokens_total": 0,
    "recompute_tokens_total": 10652
  }
}