{
  "shadow_kv": {
    "mean_latency_ms": 106.74014340636973,
    "p50_latency_ms": 98.20093193386015,
    "p95_latency_ms": 122.75116491732517,
    "p99_latency_ms": 133.42517925796216,
    "throughput_rps": 74.9483722308977,
    "hit_rate": 0.90625,
    "wasted_compute_ratio": 0.0,
    "reuse_attempts": 58,
    "reuse_successes": 58,
    "store_attempts": 32,
    "store_successes": 58,
    "requests_seen": 64,
    "reused_prefix_tokens_total": 12760,
    "recompute_tokens_total": -2108
  }
}