{
  "shadow_kv_plus_lite": {
    "mean_latency_ms": 60.27135072283585,
    "p50_latency_ms": 55.44964266500898,
    "p95_latency_ms": 69.31205333126123,
    "p99_latency_ms": 75.33918840354481,
    "throughput_rps": 132.73304653132536,
    "hit_rate": 0.0,
    "wasted_compute_ratio": 0.0,
    "reuse_attempts": 32,
    "reuse_successes": 0,
    "store_attempts": 32,
    "store_successes": 0,
    "requests_seen": 64,
    "reused_prefix_tokens_total": 0,
    "recompute_tokens_total": 10652
  }
}