{
  "reactive_prefix_cache": {
    "mean_latency_ms": 22.529231303264844,
    "p50_latency_ms": 20.726892799003657,
    "p95_latency_ms": 25.90861599875457,
    "p99_latency_ms": 28.161539129081056,
    "throughput_rps": 355.0942281302191,
    "hit_rate": 0.35,
    "wasted_compute_ratio": 0.003,
    "reuse_attempts": 32,
    "reuse_successes": 11,
    "store_attempts": 32,
    "store_successes": 11,
    "requests_seen": 64,
    "reused_prefix_tokens_total": 4928,
    "recompute_tokens_total": 5724
  }
}