{
  "greedy_prefix_cache": {
    "mean_latency_ms": 83.59315878232566,
    "p50_latency_ms": 76.90570607973962,
    "p95_latency_ms": 96.1321325996745,
    "p99_latency_ms": 104.49144847790707,
    "throughput_rps": 95.70161143009065,
    "hit_rate": 0.0,
    "wasted_compute_ratio": 0.0,
    "reuse_attempts": 32,
    "reuse_successes": 0,
    "store_attempts": 32,
    "store_successes": 0,
    "requests_seen": 64,
    "reused_prefix_tokens_total": 0,
    "recompute_tokens_total": 10652
  }
}