{
  "greedy_prefix_cache": {
    "mean_latency_ms": 114.25101365852129,
    "p50_latency_ms": 105.11093256583959,
    "p95_latency_ms": 131.38866570729948,
    "p99_latency_ms": 142.8137670731516,
    "throughput_rps": 70.02126058951887,
    "hit_rate": 0.35,
    "wasted_compute_ratio": 0.0,
    "reuse_attempts": 32,
    "reuse_successes": 11,
    "store_attempts": 32,
    "store_successes": 11,
    "requests_seen": 64,
    "reused_prefix_tokens_total": 4928,
    "recompute_tokens_total": 5724
  }
}