{
  "reactive_prefix_cache": {
    "mean_latency_ms": 102.41052503568488,
    "p50_latency_ms": 94.2176830328301,
    "p95_latency_ms": 117.77210379103761,
    "p99_latency_ms": 128.01315629460612,
    "throughput_rps": 78.11697086029395,
    "hit_rate": 0.35,
    "wasted_compute_ratio": 0.003,
    "reuse_attempts": 32,
    "reuse_successes": 11,
    "store_attempts": 32,
    "store_successes": 11,
    "requests_seen": 64,
    "reused_prefix_tokens_total": 4928,
    "recompute_tokens_total": 5724
  }
}