{
  "greedy_prefix_cache": {
    "mean_latency_ms": 26.059920150827168,
    "p50_latency_ms": 23.975126538760996,
    "p95_latency_ms": 29.96890817345124,
    "p99_latency_ms": 32.57490018853396,
    "throughput_rps": 306.9848239633256,
    "hit_rate": 0.0,
    "wasted_compute_ratio": 0.0,
    "reuse_attempts": 32,
    "reuse_successes": 0,
    "store_attempts": 32,
    "store_successes": 0,
    "requests_seen": 64,
    "reused_prefix_tokens_total": 0,
    "recompute_tokens_total": 10652
  }
}