{
  "shadow_kv_plus": {
    "mean_latency_ms": 45.65430204685583,
    "p50_latency_ms": 42.001957883107366,
    "p95_latency_ms": 52.5024473538842,
    "p99_latency_ms": 57.06787755856979,
    "throughput_rps": 175.22992667349192,
    "hit_rate": 0.0,
    "wasted_compute_ratio": 0.0,
    "reuse_attempts": 0,
    "reuse_successes": 0,
    "store_attempts": 32,
    "store_successes": 0,
    "requests_seen": 64,
    "reused_prefix_tokens_total": 0,
    "recompute_tokens_total": 10652
  }
}