{
  "strict_reactive_prefix_cache": {
    "mean_latency_ms": 79.23856888430203,
    "p50_latency_ms": 72.89948337355787,
    "p95_latency_ms": 91.12435421694732,
    "p99_latency_ms": 99.04821110537753,
    "throughput_rps": 100.96093496692218,
    "hit_rate": 0.0,
    "wasted_compute_ratio": 0.035,
    "reuse_attempts": 32,
    "reuse_successes": 0,
    "store_attempts": 32,
    "store_successes": 0,
    "requests_seen": 64,
    "reused_prefix_tokens_total": 0,
    "recompute_tokens_total": 10652
  }
}