{
  "shadow_kv": {
    "mean_latency_ms": 118.48419793761877,
    "p50_latency_ms": 109.00546210260927,
    "p95_latency_ms": 136.2568276282616,
    "p99_latency_ms": 148.10524742202347,
    "throughput_rps": 67.51955230529519,
    "hit_rate": 0.90625,
    "wasted_compute_ratio": 0.0,
    "reuse_attempts": 58,
    "reuse_successes": 58,
    "store_attempts": 32,
    "store_successes": 58,
    "requests_seen": 64,
    "reused_prefix_tokens_total": 12760,
    "recompute_tokens_total": -2108
  }
}