{
  "strict_reactive_prefix_cache": {
    "mean_latency_ms": 20.074078545027383,
    "p50_latency_ms": 18.468152261425193,
    "p95_latency_ms": 23.08519032678149,
    "p99_latency_ms": 25.09259818128423,
    "throughput_rps": 398.52389647950775,
    "hit_rate": 0.0,
    "wasted_compute_ratio": 0.035,
    "reuse_attempts": 32,
    "reuse_successes": 0,
    "store_attempts": 32,
    "store_successes": 0,
    "requests_seen": 64,
    "reused_prefix_tokens_total": 0,
    "recompute_tokens_total": 10652
  }
}