{
  "no_cache": {
    "mean_latency_ms": 19.41423145309784,
    "p50_latency_ms": 17.861092936850014,
    "p95_latency_ms": 22.326366171062517,
    "p99_latency_ms": 24.2677893163723,
    "throughput_rps": 412.06884853139405,
    "hit_rate": 0.0,
    "wasted_compute_ratio": 0.0,
    "reuse_attempts": 0,
    "reuse_successes": 0,
    "store_attempts": 32,
    "store_successes": 0,
    "requests_seen": 64,
    "reused_prefix_tokens_total": 0,
    "recompute_tokens_total": 10652
  }
}