{
  "no_cache": {
    "mean_latency_ms": 83.18480960940633,
    "p50_latency_ms": 76.53002484065382,
    "p95_latency_ms": 95.66253105081726,
    "p99_latency_ms": 103.98101201175791,
    "throughput_rps": 96.17140482215373,
    "hit_rate": 0.0,
    "wasted_compute_ratio": 0.0,
    "reuse_attempts": 0,
    "reuse_successes": 0,
    "store_attempts": 32,
    "store_successes": 0,
    "requests_seen": 64,
    "reused_prefix_tokens_total": 0,
    "recompute_tokens_total": 10652
  }
}