{
  "shadow_kv_plus": {
    "mean_latency_ms": 22.928702921880983,
    "p50_latency_ms": 21.094406688130505,
    "p95_latency_ms": 26.368008360163127,
    "p99_latency_ms": 28.66087865235123,
    "throughput_rps": 348.9076563666215,
    "hit_rate": 0.984375,
    "wasted_compute_ratio": 0.0,
    "reuse_attempts": 63,
    "reuse_successes": 63,
    "store_attempts": 32,
    "store_successes": 63,
    "requests_seen": 64,
    "reused_prefix_tokens_total": 13860,
    "recompute_tokens_total": -3208
  }
}