{
  "reactive_prefix_cache": {
    "mean_latency_ms": 94.7868082563762,
    "p50_latency_ms": 87.20386359586611,
    "p95_latency_ms": 109.00482949483262,
    "p99_latency_ms": 118.48351032047026,
    "throughput_rps": 84.39993019241524,
    "hit_rate": 0.35,
    "wasted_compute_ratio": 0.003,
    "reuse_attempts": 32,
    "reuse_successes": 11,
    "store_attempts": 32,
    "store_successes": 11,
    "requests_seen": 64,
    "reused_prefix_tokens_total": 4928,
    "recompute_tokens_total": 5724
  }
}