{
  "shadow_kv": {
    "mean_latency_ms": 22.206226656280137,
    "p50_latency_ms": 20.429728523777726,
    "p95_latency_ms": 25.537160654722154,
    "p99_latency_ms": 27.75778332035017,
    "throughput_rps": 360.2593148231927,
    "hit_rate": 0.984375,
    "wasted_compute_ratio": 0.0,
    "reuse_attempts": 63,
    "reuse_successes": 63,
    "store_attempts": 32,
    "store_successes": 63,
    "requests_seen": 64,
    "reused_prefix_tokens_total": 13860,
    "recompute_tokens_total": -3208
  }
}