{
  "shadow_kv_plus_lite": {
    "mean_latency_ms": 160.83202514718164,
    "p50_latency_ms": 147.9654631354071,
    "p95_latency_ms": 184.95682891925887,
    "p99_latency_ms": 201.04003143397705,
    "throughput_rps": 49.74133722857117,
    "hit_rate": 0.6,
    "wasted_compute_ratio": 0.0,
    "reuse_attempts": 32,
    "reuse_successes": 19,
    "store_attempts": 32,
    "store_successes": 19,
    "requests_seen": 64,
    "reused_prefix_tokens_total": 8448,
    "recompute_tokens_total": 2204
  }
}