{
  "greedy_prefix_cache": {
    "mean_latency_ms": 147.0149457338625,
    "p50_latency_ms": 135.2537500751535,
    "p95_latency_ms": 169.06718759394187,
    "p99_latency_ms": 183.76868216732814,
    "throughput_rps": 54.41623611848418,
    "hit_rate": 0.35,
    "wasted_compute_ratio": 0.0,
    "reuse_attempts": 32,
    "reuse_successes": 11,
    "store_attempts": 32,
    "store_successes": 11,
    "requests_seen": 64,
    "reused_prefix_tokens_total": 4928,
    "recompute_tokens_total": 5724
  }
}