{
  "greedy_prefix_cache": {
    "mean_latency_ms": 23.42803620922665,
    "p50_latency_ms": 21.55379331248852,
    "p95_latency_ms": 26.942241640610646,
    "p99_latency_ms": 29.285045261533313,
    "throughput_rps": 341.4712154512278,
    "hit_rate": 0.6,
    "wasted_compute_ratio": 0.0,
    "reuse_attempts": 32,
    "reuse_successes": 19,
    "store_attempts": 32,
    "store_successes": 19,
    "requests_seen": 64,
    "reused_prefix_tokens_total": 8448,
    "recompute_tokens_total": 2204
  }
}