{
  "shadow_kv": {
    "mean_latency_ms": 293.65779103136447,
    "p50_latency_ms": 270.1651677488553,
    "p95_latency_ms": 337.70645968606914,
    "p99_latency_ms": 367.0722387892056,
    "throughput_rps": 27.24259408171313,
    "hit_rate": 0.90625,
    "wasted_compute_ratio": 0.0,
    "reuse_attempts": 58,
    "reuse_successes": 58,
    "store_attempts": 32,
    "store_successes": 58,
    "requests_seen": 64,
    "reused_prefix_tokens_total": 12760,
    "recompute_tokens_total": -2108
  }
}