{
  "greedy_prefix_cache": {
    "mean_latency_ms": 61.48438572683665,
    "p50_latency_ms": 56.56563486868972,
    "p95_latency_ms": 70.70704358586214,
    "p99_latency_ms": 76.85548215854581,
    "throughput_rps": 130.11433562242075,
    "hit_rate": 0.35,
    "wasted_compute_ratio": 0.0,
    "reuse_attempts": 32,
    "reuse_successes": 11,
    "store_attempts": 32,
    "store_successes": 11,
    "requests_seen": 64,
    "reused_prefix_tokens_total": 4928,
    "recompute_tokens_total": 5724
  }
}