{
  "no_cache": {
    "mean_latency_ms": 284.51430203116956,
    "p50_latency_ms": 261.753157868676,
    "p95_latency_ms": 327.191447335845,
    "p99_latency_ms": 355.64287753896195,
    "throughput_rps": 28.118094390641815,
    "hit_rate": 0.0,
    "wasted_compute_ratio": 0.0,
    "reuse_attempts": 0,
    "reuse_successes": 0,
    "store_attempts": 32,
    "store_successes": 0,
    "requests_seen": 64,
    "reused_prefix_tokens_total": 0,
    "recompute_tokens_total": 10652
  }
}