{
  "shadow_kv_plus": {
    "mean_latency_ms": 60.19543303116848,
    "p50_latency_ms": 55.379798388675,
    "p95_latency_ms": 69.22474798584375,
    "p99_latency_ms": 75.2442912889606,
    "throughput_rps": 132.90044771100318,
    "hit_rate": 0.984375,
    "wasted_compute_ratio": 0.0,
    "reuse_attempts": 63,
    "reuse_successes": 63,
    "store_attempts": 32,
    "store_successes": 63,
    "requests_seen": 64,
    "reused_prefix_tokens_total": 13860,
    "recompute_tokens_total": -3208
  }
}