{
  "no_cache": {
    "mean_latency_ms": 123.7774652500434,
    "p50_latency_ms": 113.87526803003993,
    "p95_latency_ms": 142.34408503754992,
    "p99_latency_ms": 154.72183156255426,
    "throughput_rps": 64.63212010230751,
    "hit_rate": 0.0,
    "wasted_compute_ratio": 0.0,
    "reuse_attempts": 0,
    "reuse_successes": 0,
    "store_attempts": 32,
    "store_successes": 0,
    "requests_seen": 64,
    "reused_prefix_tokens_total": 0,
    "recompute_tokens_total": 10652
  }
}