{
  "shadow_kv": {
    "mean_latency_ms": 68.63387962474121,
    "p50_latency_ms": 63.143169254761915,
    "p95_latency_ms": 78.9289615684524,
    "p99_latency_ms": 85.79234953092651,
    "throughput_rps": 116.56050982022808,
    "hit_rate": 0.15625,
    "wasted_compute_ratio": 1.0,
    "reuse_attempts": 62,
    "reuse_successes": 10,
    "store_attempts": 32,
    "store_successes": 10,
    "requests_seen": 64,
    "reused_prefix_tokens_total": 2200,
    "recompute_tokens_total": 8452
  }
}