{
  "shadow_kv_plus": {
    "mean_latency_ms": 69.64349134375425,
    "p50_latency_ms": 64.07201203625391,
    "p95_latency_ms": 80.09001504531739,
    "p99_latency_ms": 87.05436417969281,
    "throughput_rps": 114.87074880425928,
    "hit_rate": 0.9672131147540983,
    "wasted_compute_ratio": 0.0,
    "reuse_attempts": 59,
    "reuse_successes": 62,
    "store_attempts": 32,
    "store_successes": 62,
    "requests_seen": 64,
    "reused_prefix_tokens_total": 13618,
    "recompute_tokens_total": -2966
  }
}