{
  "strict_reactive_prefix_cache": {
    "mean_latency_ms": 53.04546125667271,
    "p50_latency_ms": 48.801824356138894,
    "p95_latency_ms": 61.00228044517361,
    "p99_latency_ms": 66.30682657084088,
    "throughput_rps": 150.8140340469499,
    "hit_rate": 0.0,
    "wasted_compute_ratio": 0.035,
    "reuse_attempts": 32,
    "reuse_successes": 0,
    "store_attempts": 32,
    "store_successes": 0,
    "requests_seen": 64,
    "reused_prefix_tokens_total": 0,
    "recompute_tokens_total": 10652
  }
}