{
  "strict_reactive_prefix_cache": {
    "mean_latency_ms": 119.44796428316498,
    "p50_latency_ms": 109.89212714051179,
    "p95_latency_ms": 137.36515892563972,
    "p99_latency_ms": 149.3099553539562,
    "throughput_rps": 66.97477054556653,
    "hit_rate": 0.6,
    "wasted_compute_ratio": 0.0,
    "reuse_attempts": 32,
    "reuse_successes": 19,
    "store_attempts": 32,
    "store_successes": 19,
    "requests_seen": 64,
    "reused_prefix_tokens_total": 8448,
    "recompute_tokens_total": 2204
  }
}