{
  "shadow_kv_plus": {
    "mean_latency_ms": 189.41531974984116,
    "p50_latency_ms": 174.26209416985387,
    "p95_latency_ms": 217.8276177123173,
    "p99_latency_ms": 236.76914968730145,
    "throughput_rps": 42.23523213732404,
    "hit_rate": 0.984375,
    "wasted_compute_ratio": 0.0,
    "reuse_attempts": 63,
    "reuse_successes": 63,
    "store_attempts": 32,
    "store_successes": 63,
    "requests_seen": 64,
    "reused_prefix_tokens_total": 13860,
    "recompute_tokens_total": -3208
  }
}