{
  "shadow_kv_plus": {
    "mean_latency_ms": 54.18344026563204,
    "p50_latency_ms": 49.84876504438148,
    "p95_latency_ms": 62.31095630547684,
    "p99_latency_ms": 67.72930033204005,
    "throughput_rps": 147.64658649912843,
    "hit_rate": 0.984375,
    "wasted_compute_ratio": 0.0,
    "reuse_attempts": 63,
    "reuse_successes": 63,
    "store_attempts": 32,
    "store_successes": 63,
    "requests_seen": 64,
    "reused_prefix_tokens_total": 13860,
    "recompute_tokens_total": -3208
  }
}