{
  "shadow_kv_plus": {
    "mean_latency_ms": 133.99375246869738,
    "p50_latency_ms": 123.27425227120159,
    "p95_latency_ms": 154.092815339002,
    "p99_latency_ms": 167.49219058587173,
    "throughput_rps": 59.70427615174745,
    "hit_rate": 0.984375,
    "wasted_compute_ratio": 0.0,
    "reuse_attempts": 63,
    "reuse_successes": 63,
    "store_attempts": 32,
    "store_successes": 63,
    "requests_seen": 64,
    "reused_prefix_tokens_total": 13860,
    "recompute_tokens_total": -3208
  }
}