{
  "shadow_kv_plus": {
    "mean_latency_ms": 100.80554640649098,
    "p50_latency_ms": 92.7411026939717,
    "p95_latency_ms": 115.92637836746461,
    "p99_latency_ms": 126.00693300811372,
    "throughput_rps": 79.36071263123347,
    "hit_rate": 0.984375,
    "wasted_compute_ratio": 0.0,
    "reuse_attempts": 63,
    "reuse_successes": 63,
    "store_attempts": 32,
    "store_successes": 63,
    "requests_seen": 64,
    "reused_prefix_tokens_total": 13860,
    "recompute_tokens_total": -3208
  }
}