{
  "strict_reactive_prefix_cache": {
    "mean_latency_ms": 15.902066576098743,
    "p50_latency_ms": 14.629901250010844,
    "p95_latency_ms": 18.287376562513554,
    "p99_latency_ms": 19.87758322012343,
    "throughput_rps": 503.0792671956377,
    "hit_rate": 0.6,
    "wasted_compute_ratio": 0.0,
    "reuse_attempts": 32,
    "reuse_successes": 19,
    "store_attempts": 32,
    "store_successes": 19,
    "requests_seen": 64,
    "reused_prefix_tokens_total": 8448,
    "recompute_tokens_total": 2204
  }
}