{
  "strict_reactive_prefix_cache": {
    "mean_latency_ms": 113.99083192704515,
    "p50_latency_ms": 104.87156537288155,
    "p95_latency_ms": 131.08945671610192,
    "p99_latency_ms": 142.48853990880644,
    "throughput_rps": 70.18108267794773,
    "hit_rate": 0.35,
    "wasted_compute_ratio": 0.0,
    "reuse_attempts": 32,
    "reuse_successes": 11,
    "store_attempts": 32,
    "store_successes": 11,
    "requests_seen": 64,
    "reused_prefix_tokens_total": 4928,
    "recompute_tokens_total": 5724
  }
}