{
  "no_cache": {
    "mean_latency_ms": 163.16378551557875,
    "p50_latency_ms": 150.11068267433245,
    "p95_latency_ms": 187.63835334291554,
    "p99_latency_ms": 203.95473189447344,
    "throughput_rps": 49.030487829887754,
    "hit_rate": 0.0,
    "wasted_compute_ratio": 0.0,
    "reuse_attempts": 0,
    "reuse_successes": 0,
    "store_attempts": 32,
    "store_successes": 0,
    "requests_seen": 64,
    "reused_prefix_tokens_total": 0,
    "recompute_tokens_total": 10652
  }
}