{
  "no_cache": {
    "mean_latency_ms": 75.83687393739069,
    "p50_latency_ms": 69.76992402239944,
    "p95_latency_ms": 87.2124050279993,
    "p99_latency_ms": 94.79609242173836,
    "throughput_rps": 105.48958026150484,
    "hit_rate": 0.0,
    "wasted_compute_ratio": 0.0,
    "reuse_attempts": 0,
    "reuse_successes": 0,
    "store_attempts": 32,
    "store_successes": 0,
    "requests_seen": 64,
    "reused_prefix_tokens_total": 0,
    "recompute_tokens_total": 10652
  }
}