{
  "shadow_kv_plus": {
    "mean_latency_ms": 55.07057148442129,
    "p50_latency_ms": 50.66492576566759,
    "p95_latency_ms": 63.33115720708448,
    "p99_latency_ms": 68.83821435552662,
    "throughput_rps": 145.26814929209678,
    "hit_rate": 0.0,
    "wasted_compute_ratio": 0.0,
    "reuse_attempts": 0,
    "reuse_successes": 0,
    "store_attempts": 32,
    "store_successes": 0,
    "requests_seen": 64,
    "reused_prefix_tokens_total": 0,
    "recompute_tokens_total": 10652
  }
}