{
  "greedy_prefix_cache": {
    "mean_latency_ms": 119.79764731656579,
    "p50_latency_ms": 110.21383553124053,
    "p95_latency_ms": 137.76729441405064,
    "p99_latency_ms": 149.74705914570723,
    "throughput_rps": 66.77927471196463,
    "hit_rate": 0.6,
    "wasted_compute_ratio": 0.0,
    "reuse_attempts": 32,
    "reuse_successes": 19,
    "store_attempts": 32,
    "store_successes": 19,
    "requests_seen": 64,
    "reused_prefix_tokens_total": 8448,
    "recompute_tokens_total": 2204
  }
}