{
  "shadow_kv_plus_lite": {
    "mean_latency_ms": 90.89936683829045,
    "p50_latency_ms": 83.62741749122722,
    "p95_latency_ms": 104.53427186403401,
    "p99_latency_ms": 113.62420854786306,
    "throughput_rps": 88.00941390749138,
    "hit_rate": 0.6,
    "wasted_compute_ratio": 0.0,
    "reuse_attempts": 32,
    "reuse_successes": 19,
    "store_attempts": 32,
    "store_successes": 19,
    "requests_seen": 64,
    "reused_prefix_tokens_total": 8448,
    "recompute_tokens_total": 2204
  }
}