{
  "no_cache": {
    "mean_latency_ms": 77.61974657816495,
    "p50_latency_ms": 71.41016685191175,
    "p95_latency_ms": 89.26270856488969,
    "p99_latency_ms": 97.02468322270619,
    "throughput_rps": 103.06655654877471,
    "hit_rate": 0.0,
    "wasted_compute_ratio": 0.0,
    "reuse_attempts": 0,
    "reuse_successes": 0,
    "store_attempts": 32,
    "store_successes": 0,
    "requests_seen": 64,
    "reused_prefix_tokens_total": 0,
    "recompute_tokens_total": 10652
  }
}