{
  "no_cache": {
    "mean_latency_ms": 19.475096000014958,
    "p50_latency_ms": 17.91708832001376,
    "p95_latency_ms": 22.3963604000172,
    "p99_latency_ms": 24.343870000018697,
    "throughput_rps": 410.78103029601783,
    "hit_rate": 0.0,
    "wasted_compute_ratio": 0.0,
    "reuse_attempts": 0,
    "reuse_successes": 0,
    "store_attempts": 32,
    "store_successes": 0,
    "requests_seen": 64,
    "reused_prefix_tokens_total": 0,
    "recompute_tokens_total": 10652
  }
}