{
  "strict_reactive_prefix_cache": {
    "mean_latency_ms": 152.73850685758816,
    "p50_latency_ms": 140.5194263089811,
    "p95_latency_ms": 175.6492828862264,
    "p99_latency_ms": 190.9231335719852,
    "throughput_rps": 52.37709968881075,
    "hit_rate": 0.35,
    "wasted_compute_ratio": 0.0,
    "reuse_attempts": 32,
    "reuse_successes": 11,
    "store_attempts": 32,
    "store_successes": 11,
    "requests_seen": 64,
    "reused_prefix_tokens_total": 4928,
    "recompute_tokens_total": 5724
  }
}