{
  "shadow_kv_plus_lite": {
    "mean_latency_ms": 64.78554550092582,
    "p50_latency_ms": 59.60270186085176,
    "p95_latency_ms": 74.5033773260647,
    "p99_latency_ms": 80.98193187615728,
    "throughput_rps": 123.48433494143653,
    "hit_rate": 0.35,
    "wasted_compute_ratio": 0.0,
    "reuse_attempts": 32,
    "reuse_successes": 11,
    "store_attempts": 32,
    "store_successes": 11,
    "requests_seen": 64,
    "reused_prefix_tokens_total": 4928,
    "recompute_tokens_total": 5724
  }
}