{
  "no_cache": {
    "mean_latency_ms": 76.56661782810659,
    "p50_latency_ms": 70.44128840185806,
    "p95_latency_ms": 88.05161050232257,
    "p99_latency_ms": 95.70827228513323,
    "throughput_rps": 104.48417635424542,
    "hit_rate": 0.0,
    "wasted_compute_ratio": 0.0,
    "reuse_attempts": 0,
    "reuse_successes": 0,
    "store_attempts": 32,
    "store_successes": 0,
    "requests_seen": 64,
    "reused_prefix_tokens_total": 0,
    "recompute_tokens_total": 10652
  }
}