{
  "shadow_kv_plus_lite": {
    "mean_latency_ms": 104.16139683609771,
    "p50_latency_ms": 95.82848508920989,
    "p95_latency_ms": 119.78560636151235,
    "p99_latency_ms": 130.20174604512215,
    "throughput_rps": 76.80388553725267,
    "hit_rate": 0.0,
    "wasted_compute_ratio": 0.0,
    "reuse_attempts": 32,
    "reuse_successes": 0,
    "store_attempts": 32,
    "store_successes": 0,
    "requests_seen": 64,
    "reused_prefix_tokens_total": 0,
    "recompute_tokens_total": 10652
  }
}