{
  "shadow_kv_plus": {
    "mean_latency_ms": 193.0910636248484,
    "p50_latency_ms": 177.64377853486053,
    "p95_latency_ms": 222.05472316857563,
    "p99_latency_ms": 241.3638295310605,
    "throughput_rps": 41.431228612127754,
    "hit_rate": 0.0,
    "wasted_compute_ratio": 0.0,
    "reuse_attempts": 0,
    "reuse_successes": 0,
    "store_attempts": 32,
    "store_successes": 0,
    "requests_seen": 64,
    "reused_prefix_tokens_total": 0,
    "recompute_tokens_total": 10652
  }
}