{
  "strict_reactive_prefix_cache": {
    "mean_latency_ms": 22.0486734722019,
    "p50_latency_ms": 20.28477959442575,
    "p95_latency_ms": 25.355974493032186,
    "p99_latency_ms": 27.560841840252376,
    "throughput_rps": 362.8336194504438,
    "hit_rate": 0.35,
    "wasted_compute_ratio": 0.0,
    "reuse_attempts": 32,
    "reuse_successes": 11,
    "store_attempts": 32,
    "store_successes": 11,
    "requests_seen": 64,
    "reused_prefix_tokens_total": 4928,
    "recompute_tokens_total": 5724
  }
}