{
  "strict_reactive_prefix_cache": {
    "mean_latency_ms": 337.7201389581488,
    "p50_latency_ms": 310.70252784149693,
    "p95_latency_ms": 388.3781598018711,
    "p99_latency_ms": 422.150173697686,
    "throughput_rps": 23.68825271918824,
    "hit_rate": 0.35,
    "wasted_compute_ratio": 0.0,
    "reuse_attempts": 32,
    "reuse_successes": 11,
    "store_attempts": 32,
    "store_successes": 11,
    "requests_seen": 64,
    "reused_prefix_tokens_total": 4928,
    "recompute_tokens_total": 5724
  }
}