{
  "reactive_prefix_cache": {
    "mean_latency_ms": 80.47086535876764,
    "p50_latency_ms": 74.03319613006623,
    "p95_latency_ms": 92.54149516258278,
    "p99_latency_ms": 100.58858169845955,
    "throughput_rps": 99.41486231486594,
    "hit_rate": 0.6,
    "wasted_compute_ratio": 0.0,
    "reuse_attempts": 32,
    "reuse_successes": 19,
    "store_attempts": 32,
    "store_successes": 19,
    "requests_seen": 64,
    "reused_prefix_tokens_total": 8448,
    "recompute_tokens_total": 2204
  }
}