{
  "shadow_kv_plus": {
    "mean_latency_ms": 198.54355932790213,
    "p50_latency_ms": 182.66007458166996,
    "p95_latency_ms": 228.32509322708742,
    "p99_latency_ms": 248.17944915987766,
    "throughput_rps": 40.29342491431666,
    "hit_rate": 0.0,
    "wasted_compute_ratio": 0.0,
    "reuse_attempts": 60,
    "reuse_successes": 0,
    "store_attempts": 32,
    "store_successes": 0,
    "requests_seen": 64,
    "reused_prefix_tokens_total": 0,
    "recompute_tokens_total": 10652
  }
}