{
  "reactive_prefix_cache": {
    "mean_latency_ms": 182.32936077762216,
    "p50_latency_ms": 167.74301191541238,
    "p95_latency_ms": 209.67876489426547,
    "p99_latency_ms": 227.9117009720277,
    "throughput_rps": 43.87664151226413,
    "hit_rate": 0.35,
    "wasted_compute_ratio": 0.003,
    "reuse_attempts": 32,
    "reuse_successes": 11,
    "store_attempts": 32,
    "store_successes": 11,
    "requests_seen": 64,
    "reused_prefix_tokens_total": 4928,
    "recompute_tokens_total": 5724
  }
}