{
  "no_cache": {
    "mean_latency_ms": 68.89616081249983,
    "p50_latency_ms": 63.38446794749984,
    "p95_latency_ms": 79.2305849343748,
    "p99_latency_ms": 86.12020101562479,
    "throughput_rps": 116.11677495023149,
    "hit_rate": 0.0,
    "wasted_compute_ratio": 0.0,
    "reuse_attempts": 0,
    "reuse_successes": 0,
    "store_attempts": 32,
    "store_successes": 0,
    "requests_seen": 64,
    "reused_prefix_tokens_total": 0,
    "recompute_tokens_total": 10652
  }
}