{
  "reactive_prefix_cache": {
    "mean_latency_ms": 15.021962002848001,
    "p50_latency_ms": 13.820205042620161,
    "p95_latency_ms": 17.2752563032752,
    "p99_latency_ms": 18.777452503560003,
    "throughput_rps": 532.5536037491831,
    "hit_rate": 0.35,
    "wasted_compute_ratio": 0.003,
    "reuse_attempts": 32,
    "reuse_successes": 11,
    "store_attempts": 32,
    "store_successes": 11,
    "requests_seen": 64,
    "reused_prefix_tokens_total": 4928,
    "recompute_tokens_total": 5724
  }
}