{
  "no_cache": {
    "mean_latency_ms": 19.126327156271827,
    "p50_latency_ms": 17.59622098377008,
    "p95_latency_ms": 21.9952762297126,
    "p99_latency_ms": 23.907908945339784,
    "throughput_rps": 418.27162814041236,
    "hit_rate": 0.0,
    "wasted_compute_ratio": 0.0,
    "reuse_attempts": 0,
    "reuse_successes": 0,
    "store_attempts": 32,
    "store_successes": 0,
    "requests_seen": 64,
    "reused_prefix_tokens_total": 0,
    "recompute_tokens_total": 10652
  }
}