{
  "no_cache": {
    "mean_latency_ms": 59.54716337492982,
    "p50_latency_ms": 54.78339030493544,
    "p95_latency_ms": 68.4792378811693,
    "p99_latency_ms": 74.43395421866228,
    "throughput_rps": 134.34728955314284,
    "hit_rate": 0.0,
    "wasted_compute_ratio": 0.0,
    "reuse_attempts": 0,
    "reuse_successes": 0,
    "store_attempts": 32,
    "store_successes": 0,
    "requests_seen": 64,
    "reused_prefix_tokens_total": 0,
    "recompute_tokens_total": 10652
  }
}