{
  "reactive_prefix_cache": {
    "mean_latency_ms": 128.83766777365742,
    "p50_latency_ms": 118.53065435176482,
    "p95_latency_ms": 148.16331793970602,
    "p99_latency_ms": 161.04708471707175,
    "throughput_rps": 62.09364185367307,
    "hit_rate": 0.6,
    "wasted_compute_ratio": 0.0,
    "reuse_attempts": 32,
    "reuse_successes": 19,
    "store_attempts": 32,
    "store_successes": 19,
    "requests_seen": 64,
    "reused_prefix_tokens_total": 8448,
    "recompute_tokens_total": 2204
  }
}