{
  "reactive_prefix_cache": {
    "mean_latency_ms": 160.05009825990675,
    "p50_latency_ms": 147.24609039911422,
    "p95_latency_ms": 184.05761299889275,
    "p99_latency_ms": 200.06262282488342,
    "throughput_rps": 49.98434919426747,
    "hit_rate": 0.35,
    "wasted_compute_ratio": 0.003,
    "reuse_attempts": 32,
    "reuse_successes": 11,
    "store_attempts": 32,
    "store_successes": 11,
    "requests_seen": 64,
    "reused_prefix_tokens_total": 4928,
    "recompute_tokens_total": 5724
  }
}