{
  "strict_reactive_prefix_cache": {
    "mean_latency_ms": 64.77790211678077,
    "p50_latency_ms": 59.59566994743831,
    "p95_latency_ms": 74.49458743429787,
    "p99_latency_ms": 80.97237764597595,
    "throughput_rps": 123.49890531461953,
    "hit_rate": 0.0,
    "wasted_compute_ratio": 0.035,
    "reuse_attempts": 32,
    "reuse_successes": 0,
    "store_attempts": 32,
    "store_successes": 0,
    "requests_seen": 64,
    "reused_prefix_tokens_total": 0,
    "recompute_tokens_total": 10652
  }
}