{
  "strict_reactive_prefix_cache": {
    "mean_latency_ms": 17.552974150872434,
    "p50_latency_ms": 16.14873621880264,
    "p95_latency_ms": 20.185920273503296,
    "p99_latency_ms": 21.94121768859054,
    "throughput_rps": 455.7632188846115,
    "hit_rate": 0.6,
    "wasted_compute_ratio": 0.0,
    "reuse_attempts": 32,
    "reuse_successes": 19,
    "store_attempts": 32,
    "store_successes": 19,
    "requests_seen": 64,
    "reused_prefix_tokens_total": 8448,
    "recompute_tokens_total": 2204
  }
}