{
  "no_cache": {
    "mean_latency_ms": 240.62347099994952,
    "p50_latency_ms": 221.37359331995356,
    "p95_latency_ms": 276.7169916499419,
    "p99_latency_ms": 300.77933874993687,
    "throughput_rps": 33.24696450747184,
    "hit_rate": 0.0,
    "wasted_compute_ratio": 0.0,
    "reuse_attempts": 0,
    "reuse_successes": 0,
    "store_attempts": 32,
    "store_successes": 0,
    "requests_seen": 64,
    "reused_prefix_tokens_total": 0,
    "recompute_tokens_total": 10652
  }
}