{
  "shadow_kv_plus_lite": {
    "mean_latency_ms": 88.5075792969303,
    "p50_latency_ms": 81.42697295317588,
    "p95_latency_ms": 101.78371619146984,
    "p99_latency_ms": 110.63447412116288,
    "throughput_rps": 90.38773925972082,
    "hit_rate": 0.0,
    "wasted_compute_ratio": 0.0,
    "reuse_attempts": 32,
    "reuse_successes": 0,
    "store_attempts": 32,
    "store_successes": 0,
    "requests_seen": 64,
    "reused_prefix_tokens_total": 0,
    "recompute_tokens_total": 10652
  }
}