{
  "shadow_kv_plus": {
    "mean_latency_ms": 14.869868374976392,
    "p50_latency_ms": 13.68027890497828,
    "p95_latency_ms": 17.10034863122285,
    "p99_latency_ms": 18.58733546872049,
    "throughput_rps": 538.0007272601498,
    "hit_rate": 0.0,
    "wasted_compute_ratio": 0.0,
    "reuse_attempts": 60,
    "reuse_successes": 0,
    "store_attempts": 32,
    "store_successes": 0,
    "requests_seen": 64,
    "reused_prefix_tokens_total": 0,
    "recompute_tokens_total": 10652
  }
}