{
  "greedy_prefix_cache": {
    "mean_latency_ms": 22.29491636134999,
    "p50_latency_ms": 20.51132305244199,
    "p95_latency_ms": 25.639153815552486,
    "p99_latency_ms": 27.868645451687488,
    "throughput_rps": 358.8261947404582,
    "hit_rate": 0.0,
    "wasted_compute_ratio": 0.0,
    "reuse_attempts": 32,
    "reuse_successes": 0,
    "store_attempts": 32,
    "store_successes": 0,
    "requests_seen": 64,
    "reused_prefix_tokens_total": 0,
    "recompute_tokens_total": 10652
  }
}