{
  "shadow_kv": {
    "mean_latency_ms": 20.246831062529225,
    "p50_latency_ms": 18.627084577526887,
    "p95_latency_ms": 23.283855721908605,
    "p99_latency_ms": 25.30853882816153,
    "throughput_rps": 395.12356157332624,
    "hit_rate": 0.984375,
    "wasted_compute_ratio": 0.0,
    "reuse_attempts": 63,
    "reuse_successes": 63,
    "store_attempts": 32,
    "store_successes": 63,
    "requests_seen": 64,
    "reused_prefix_tokens_total": 13860,
    "recompute_tokens_total": -3208
  }
}