{
  "no_cache": {
    "mean_latency_ms": 18.331127093734523,
    "p50_latency_ms": 16.86463692623576,
    "p95_latency_ms": 21.0807961577947,
    "p99_latency_ms": 22.913908867168153,
    "throughput_rps": 436.4161548328556,
    "hit_rate": 0.0,
    "wasted_compute_ratio": 0.0,
    "reuse_attempts": 0,
    "reuse_successes": 0,
    "store_attempts": 32,
    "store_successes": 0,
    "requests_seen": 64,
    "reused_prefix_tokens_total": 0,
    "recompute_tokens_total": 10652
  }
}