{
  "shadow_kv_plus": {
    "mean_latency_ms": 15.201680937487083,
    "p50_latency_ms": 13.985546462488117,
    "p95_latency_ms": 17.481933078110146,
    "p99_latency_ms": 19.002101171858854,
    "throughput_rps": 526.2575917030424,
    "hit_rate": 0.0,
    "wasted_compute_ratio": 0.0,
    "reuse_attempts": 0,
    "reuse_successes": 0,
    "store_attempts": 32,
    "store_successes": 0,
    "requests_seen": 64,
    "reused_prefix_tokens_total": 0,
    "recompute_tokens_total": 10652
  }
}