{
  "shadow_kv": {
    "mean_latency_ms": 130.48121492178666,
    "p50_latency_ms": 120.04271772804373,
    "p95_latency_ms": 150.05339716005466,
    "p99_latency_ms": 163.10151865223332,
    "throughput_rps": 61.31150759743751,
    "hit_rate": 0.0,
    "wasted_compute_ratio": 1.0,
    "reuse_attempts": 62,
    "reuse_successes": 0,
    "store_attempts": 32,
    "store_successes": 0,
    "requests_seen": 64,
    "reused_prefix_tokens_total": 0,
    "recompute_tokens_total": 10652
  }
}