{
  "no_cache": {
    "mean_latency_ms": 410.6724328594282,
    "p50_latency_ms": 377.81863823067397,
    "p95_latency_ms": 472.2732977883424,
    "p99_latency_ms": 513.3405410742853,
    "throughput_rps": 19.480245957337907,
    "hit_rate": 0.0,
    "wasted_compute_ratio": 0.0,
    "reuse_attempts": 0,
    "reuse_successes": 0,
    "store_attempts": 32,
    "store_successes": 0,
    "requests_seen": 64,
    "reused_prefix_tokens_total": 0,
    "recompute_tokens_total": 10652
  }
}