{
  "no_cache": {
    "mean_latency_ms": 116.57341149989975,
    "p50_latency_ms": 107.24753857990777,
    "p95_latency_ms": 134.0594232248847,
    "p99_latency_ms": 145.71676437487469,
    "throughput_rps": 68.62628361877253,
    "hit_rate": 0.0,
    "wasted_compute_ratio": 0.0,
    "reuse_attempts": 0,
    "reuse_successes": 0,
    "store_attempts": 32,
    "store_successes": 0,
    "requests_seen": 64,
    "reused_prefix_tokens_total": 0,
    "recompute_tokens_total": 10652
  }
}