{
  "shadow_kv_plus": {
    "mean_latency_ms": 55.07352584371006,
    "p50_latency_ms": 50.667643776213254,
    "p95_latency_ms": 63.33455472026656,
    "p99_latency_ms": 68.84190730463757,
    "throughput_rps": 145.2603565405043,
    "hit_rate": 0.0,
    "wasted_compute_ratio": 0.0,
    "reuse_attempts": 0,
    "reuse_successes": 0,
    "store_attempts": 32,
    "store_successes": 0,
    "requests_seen": 64,
    "reused_prefix_tokens_total": 0,
    "recompute_tokens_total": 10652
  }
}