{
  "strict_reactive_prefix_cache": {
    "mean_latency_ms": 119.35044499329672,
    "p50_latency_ms": 109.80240939383299,
    "p95_latency_ms": 137.25301174229122,
    "p99_latency_ms": 149.1880562416209,
    "throughput_rps": 67.02949453141392,
    "hit_rate": 0.0,
    "wasted_compute_ratio": 0.035,
    "reuse_attempts": 32,
    "reuse_successes": 0,
    "store_attempts": 32,
    "store_successes": 0,
    "requests_seen": 64,
    "reused_prefix_tokens_total": 0,
    "recompute_tokens_total": 10652
  }
}