{
  "no_cache": {
    "mean_latency_ms": 106.66707265616537,
    "p50_latency_ms": 98.13370684367214,
    "p95_latency_ms": 122.66713355459017,
    "p99_latency_ms": 133.33384082020672,
    "throughput_rps": 74.99971453972023,
    "hit_rate": 0.0,
    "wasted_compute_ratio": 0.0,
    "reuse_attempts": 0,
    "reuse_successes": 0,
    "store_attempts": 32,
    "store_successes": 0,
    "requests_seen": 64,
    "reused_prefix_tokens_total": 0,
    "recompute_tokens_total": 10652
  }
}