{
  "strict_reactive_prefix_cache": {
    "mean_latency_ms": 36.47565137754327,
    "p50_latency_ms": 33.55759926733981,
    "p95_latency_ms": 41.94699908417476,
    "p99_latency_ms": 45.59456422192909,
    "throughput_rps": 219.32439032261692,
    "hit_rate": 0.0,
    "wasted_compute_ratio": 0.035,
    "reuse_attempts": 32,
    "reuse_successes": 0,
    "store_attempts": 32,
    "store_successes": 0,
    "requests_seen": 64,
    "reused_prefix_tokens_total": 0,
    "recompute_tokens_total": 10652
  }
}