{
  "shadow_kv": {
    "mean_latency_ms": 23.10110343748306,
    "p50_latency_ms": 21.253015162484417,
    "p95_latency_ms": 26.566268953105517,
    "p99_latency_ms": 28.876379296853827,
    "throughput_rps": 346.3038041299565,
    "hit_rate": 0.984375,
    "wasted_compute_ratio": 0.0,
    "reuse_attempts": 63,
    "reuse_successes": 63,
    "store_attempts": 32,
    "store_successes": 63,
    "requests_seen": 64,
    "reused_prefix_tokens_total": 13860,
    "recompute_tokens_total": -3208
  }
}