{
  "no_cache": {
    "mean_latency_ms": 155.74165601583445,
    "p50_latency_ms": 143.2823235345677,
    "p95_latency_ms": 179.10290441820962,
    "p99_latency_ms": 194.67707001979306,
    "throughput_rps": 51.36711785822176,
    "hit_rate": 0.0,
    "wasted_compute_ratio": 0.0,
    "reuse_attempts": 0,
    "reuse_successes": 0,
    "store_attempts": 32,
    "store_successes": 0,
    "requests_seen": 64,
    "reused_prefix_tokens_total": 0,
    "recompute_tokens_total": 10652
  }
}