{
  "no_cache": {
    "mean_latency_ms": 121.1628417344599,
    "p50_latency_ms": 111.46981439570311,
    "p95_latency_ms": 139.3372679946289,
    "p99_latency_ms": 151.45355216807488,
    "throughput_rps": 66.02684358900045,
    "hit_rate": 0.0,
    "wasted_compute_ratio": 0.0,
    "reuse_attempts": 0,
    "reuse_successes": 0,
    "store_attempts": 32,
    "store_successes": 0,
    "requests_seen": 64,
    "reused_prefix_tokens_total": 0,
    "recompute_tokens_total": 10652
  }
}