{
  "greedy_prefix_cache": {
    "mean_latency_ms": 72.65221458926922,
    "p50_latency_ms": 66.84003742212768,
    "p95_latency_ms": 83.5500467776596,
    "p99_latency_ms": 90.81526823658652,
    "throughput_rps": 110.1136427186296,
    "hit_rate": 0.35,
    "wasted_compute_ratio": 0.0,
    "reuse_attempts": 32,
    "reuse_successes": 11,
    "store_attempts": 32,
    "store_successes": 11,
    "requests_seen": 64,
    "reused_prefix_tokens_total": 4928,
    "recompute_tokens_total": 5724
  }
}