{
  "greedy_prefix_cache": {
    "mean_latency_ms": 19.567634006366738,
    "p50_latency_ms": 18.0022232858574,
    "p95_latency_ms": 22.502779107321746,
    "p99_latency_ms": 24.459542507958425,
    "throughput_rps": 408.8383908548695,
    "hit_rate": 0.35,
    "wasted_compute_ratio": 0.0,
    "reuse_attempts": 32,
    "reuse_successes": 11,
    "store_attempts": 32,
    "store_successes": 11,
    "requests_seen": 64,
    "reused_prefix_tokens_total": 4928,
    "recompute_tokens_total": 5724
  }
}