{
  "shadow_kv_plus_lite": {
    "mean_latency_ms": 81.40009601116644,
    "p50_latency_ms": 74.88808833027313,
    "p95_latency_ms": 93.6101104128414,
    "p99_latency_ms": 101.75012001395805,
    "throughput_rps": 98.27998235902034,
    "hit_rate": 0.6,
    "wasted_compute_ratio": 0.0,
    "reuse_attempts": 32,
    "reuse_successes": 19,
    "store_attempts": 32,
    "store_successes": 19,
    "requests_seen": 64,
    "reused_prefix_tokens_total": 8448,
    "recompute_tokens_total": 2204
  }
}