{
  "reactive_prefix_cache": {
    "mean_latency_ms": 61.89315051488009,
    "p50_latency_ms": 56.941698473689684,
    "p95_latency_ms": 71.1771230921121,
    "p99_latency_ms": 77.3664381436001,
    "throughput_rps": 129.25501341342567,
    "hit_rate": 0.6,
    "wasted_compute_ratio": 0.0,
    "reuse_attempts": 32,
    "reuse_successes": 19,
    "store_attempts": 32,
    "store_successes": 19,
    "requests_seen": 64,
    "reused_prefix_tokens_total": 8448,
    "recompute_tokens_total": 2204
  }
}