{
  "shadow_kv_plus_lite": {
    "mean_latency_ms": 25.009485468796555,
    "p50_latency_ms": 23.00872663129283,
    "p95_latency_ms": 28.760908289116035,
    "p99_latency_ms": 31.261856835995694,
    "throughput_rps": 319.8786320486807,
    "hit_rate": 0.0,
    "wasted_compute_ratio": 0.0,
    "reuse_attempts": 32,
    "reuse_successes": 0,
    "store_attempts": 32,
    "store_successes": 0,
    "requests_seen": 64,
    "reused_prefix_tokens_total": 0,
    "recompute_tokens_total": 10652
  }
}