{
  "shadow_kv_plus_lite": {
    "mean_latency_ms": 162.63679759034687,
    "p50_latency_ms": 149.62585378311914,
    "p95_latency_ms": 187.03231722889888,
    "p99_latency_ms": 203.2959969879336,
    "throughput_rps": 49.18936008658124,
    "hit_rate": 0.35,
    "wasted_compute_ratio": 0.0,
    "reuse_attempts": 32,
    "reuse_successes": 11,
    "store_attempts": 32,
    "store_successes": 11,
    "requests_seen": 64,
    "reused_prefix_tokens_total": 4928,
    "recompute_tokens_total": 5724
  }
}