{
  "shadow_kv_plus": {
    "mean_latency_ms": 15.093454640645376,
    "p50_latency_ms": 13.885978269393746,
    "p95_latency_ms": 17.357472836742183,
    "p99_latency_ms": 18.86681830080672,
    "throughput_rps": 530.0310757523124,
    "hit_rate": 0.0,
    "wasted_compute_ratio": 0.0,
    "reuse_attempts": 60,
    "reuse_successes": 0,
    "store_attempts": 32,
    "store_successes": 0,
    "requests_seen": 64,
    "reused_prefix_tokens_total": 0,
    "recompute_tokens_total": 10652
  }
}