{
  "strict_reactive_prefix_cache": {
    "mean_latency_ms": 63.61159186827145,
    "p50_latency_ms": 58.522664518809734,
    "p95_latency_ms": 73.15333064851215,
    "p99_latency_ms": 79.5144898353393,
    "throughput_rps": 125.76324165203427,
    "hit_rate": 0.0,
    "wasted_compute_ratio": 0.035,
    "reuse_attempts": 32,
    "reuse_successes": 0,
    "store_attempts": 32,
    "store_successes": 0,
    "requests_seen": 64,
    "reused_prefix_tokens_total": 0,
    "recompute_tokens_total": 10652
  }
}