{
  "greedy_prefix_cache": {
    "mean_latency_ms": 339.4270771769031,
    "p50_latency_ms": 312.27291100275085,
    "p95_latency_ms": 390.34113875343854,
    "p99_latency_ms": 424.28384647112887,
    "throughput_rps": 23.569127326369866,
    "hit_rate": 0.35,
    "wasted_compute_ratio": 0.0,
    "reuse_attempts": 32,
    "reuse_successes": 11,
    "store_attempts": 32,
    "store_successes": 11,
    "requests_seen": 64,
    "reused_prefix_tokens_total": 4928,
    "recompute_tokens_total": 5724
  }
}