{
  "greedy_prefix_cache": {
    "mean_latency_ms": 23.713009357106195,
    "p50_latency_ms": 21.815968608537702,
    "p95_latency_ms": 27.269960760672124,
    "p99_latency_ms": 29.64126169638274,
    "throughput_rps": 337.3675554850064,
    "hit_rate": 0.0,
    "wasted_compute_ratio": 0.0,
    "reuse_attempts": 32,
    "reuse_successes": 0,
    "store_attempts": 32,
    "store_successes": 0,
    "requests_seen": 64,
    "reused_prefix_tokens_total": 0,
    "recompute_tokens_total": 10652
  }
}