{
  "shadow_kv": {
    "mean_latency_ms": 19.677365156262283,
    "p50_latency_ms": 18.1031759437613,
    "p95_latency_ms": 22.628969929701626,
    "p99_latency_ms": 24.596706445327854,
    "throughput_rps": 406.5584968551552,
    "hit_rate": 0.90625,
    "wasted_compute_ratio": 0.0,
    "reuse_attempts": 58,
    "reuse_successes": 58,
    "store_attempts": 32,
    "store_successes": 58,
    "requests_seen": 64,
    "reused_prefix_tokens_total": 12760,
    "recompute_tokens_total": -2108
  }
}