{
  "shadow_kv": {
    "mean_latency_ms": 70.51449937509346,
    "p50_latency_ms": 64.87333942508599,
    "p95_latency_ms": 81.09167428135748,
    "p99_latency_ms": 88.14312421886683,
    "throughput_rps": 113.45184424333718,
    "hit_rate": 0.984375,
    "wasted_compute_ratio": 0.0,
    "reuse_attempts": 63,
    "reuse_successes": 63,
    "store_attempts": 32,
    "store_successes": 63,
    "requests_seen": 64,
    "reused_prefix_tokens_total": 13860,
    "recompute_tokens_total": -3208
  }
}