{
  "no_cache": {
    "mean_latency_ms": 199.74293290627543,
    "p50_latency_ms": 183.7634982737734,
    "p95_latency_ms": 229.7043728422167,
    "p99_latency_ms": 249.67866613284428,
    "throughput_rps": 40.05147958728436,
    "hit_rate": 0.0,
    "wasted_compute_ratio": 0.0,
    "reuse_attempts": 0,
    "reuse_successes": 0,
    "store_attempts": 32,
    "store_successes": 0,
    "requests_seen": 64,
    "reused_prefix_tokens_total": 0,
    "recompute_tokens_total": 10652
  }
}