{
  "reactive_prefix_cache": {
    "mean_latency_ms": 214.54562624983154,
    "p50_latency_ms": 197.38197614984503,
    "p95_latency_ms": 246.72747018730627,
    "p99_latency_ms": 268.18203281228944,
    "throughput_rps": 37.28810575091498,
    "hit_rate": 0.0,
    "wasted_compute_ratio": 0.108,
    "reuse_attempts": 32,
    "reuse_successes": 0,
    "store_attempts": 32,
    "store_successes": 0,
    "requests_seen": 64,
    "reused_prefix_tokens_total": 0,
    "recompute_tokens_total": 10652
  }
}