{
  "strict_reactive_prefix_cache": {
    "mean_latency_ms": 59.215668262818596,
    "p50_latency_ms": 54.47841480179311,
    "p95_latency_ms": 68.09801850224137,
    "p99_latency_ms": 74.01958532852325,
    "throughput_rps": 135.09937884165,
    "hit_rate": 0.0,
    "wasted_compute_ratio": 0.035,
    "reuse_attempts": 32,
    "reuse_successes": 0,
    "store_attempts": 32,
    "store_successes": 0,
    "requests_seen": 64,
    "reused_prefix_tokens_total": 0,
    "recompute_tokens_total": 10652
  }
}