{
  "shadow_kv_plus": {
    "mean_latency_ms": 163.137334296934,
    "p50_latency_ms": 150.08634755317928,
    "p95_latency_ms": 187.60793444147407,
    "p99_latency_ms": 203.9216678711675,
    "throughput_rps": 49.03843767263489,
    "hit_rate": 0.0,
    "wasted_compute_ratio": 0.0,
    "reuse_attempts": 60,
    "reuse_successes": 0,
    "store_attempts": 32,
    "store_successes": 0,
    "requests_seen": 64,
    "reused_prefix_tokens_total": 0,
    "recompute_tokens_total": 10652
  }
}