{
  "shadow_kv": {
    "mean_latency_ms": 19.50881332815868,
    "p50_latency_ms": 17.948108261905986,
    "p95_latency_ms": 22.435135327382483,
    "p99_latency_ms": 24.38601666019835,
    "throughput_rps": 410.0710722600918,
    "hit_rate": 0.875,
    "wasted_compute_ratio": 0.0,
    "reuse_attempts": 56,
    "reuse_successes": 56,
    "store_attempts": 32,
    "store_successes": 56,
    "requests_seen": 64,
    "reused_prefix_tokens_total": 12320,
    "recompute_tokens_total": -1668
  }
}