{
  "shadow_kv_plus": {
    "mean_latency_ms": 83.32911746887817,
    "p50_latency_ms": 76.66278807136791,
    "p95_latency_ms": 95.82848508920988,
    "p99_latency_ms": 104.16139683609771,
    "throughput_rps": 96.00485692156583,
    "hit_rate": 0.0,
    "wasted_compute_ratio": 0.0,
    "reuse_attempts": 0,
    "reuse_successes": 0,
    "store_attempts": 32,
    "store_successes": 0,
    "requests_seen": 64,
    "reused_prefix_tokens_total": 0,
    "recompute_tokens_total": 10652
  }
}