{
  "shadow_kv": {
    "mean_latency_ms": 93.73832060950349,
    "p50_latency_ms": 86.23925496074321,
    "p95_latency_ms": 107.799068700929,
    "p99_latency_ms": 117.17290076187936,
    "throughput_rps": 85.34396549866219,
    "hit_rate": 0.0,
    "wasted_compute_ratio": 0.0,
    "reuse_attempts": 0,
    "reuse_successes": 0,
    "store_attempts": 32,
    "store_successes": 0,
    "requests_seen": 64,
    "reused_prefix_tokens_total": 0,
    "recompute_tokens_total": 10652
  }
}