{
  "no_cache": {
    "mean_latency_ms": 68.73474571877125,
    "p50_latency_ms": 63.23596606126955,
    "p95_latency_ms": 79.04495757658694,
    "p99_latency_ms": 85.91843214846406,
    "throughput_rps": 116.38946091009142,
    "hit_rate": 0.0,
    "wasted_compute_ratio": 0.0,
    "reuse_attempts": 0,
    "reuse_successes": 0,
    "store_attempts": 32,
    "store_successes": 0,
    "requests_seen": 64,
    "reused_prefix_tokens_total": 0,
    "recompute_tokens_total": 10652
  }
}