{
  "no_cache": {
    "mean_latency_ms": 47.57177778122923,
    "p50_latency_ms": 43.76603555873089,
    "p95_latency_ms": 54.70754444841361,
    "p99_latency_ms": 59.46472222653654,
    "throughput_rps": 168.16693369732806,
    "hit_rate": 0.0,
    "wasted_compute_ratio": 0.0,
    "reuse_attempts": 0,
    "reuse_successes": 0,
    "store_attempts": 32,
    "store_successes": 0,
    "requests_seen": 64,
    "reused_prefix_tokens_total": 0,
    "recompute_tokens_total": 10652
  }
}