{
  "greedy_prefix_cache": {
    "mean_latency_ms": 264.1465070402692,
    "p50_latency_ms": 243.0147864770477,
    "p95_latency_ms": 303.7684830963096,
    "p99_latency_ms": 330.1831338003365,
    "throughput_rps": 30.286222936048127,
    "hit_rate": 0.0,
    "wasted_compute_ratio": 0.0,
    "reuse_attempts": 32,
    "reuse_successes": 0,
    "store_attempts": 32,
    "store_successes": 0,
    "requests_seen": 64,
    "reused_prefix_tokens_total": 0,
    "recompute_tokens_total": 10652
  }
}