{
  "greedy_prefix_cache": {
    "mean_latency_ms": 58.27322306031249,
    "p50_latency_ms": 53.611365215487496,
    "p95_latency_ms": 67.01420651935936,
    "p99_latency_ms": 72.84152882539061,
    "throughput_rps": 137.28432339704364,
    "hit_rate": 0.0,
    "wasted_compute_ratio": 0.0,
    "reuse_attempts": 32,
    "reuse_successes": 0,
    "store_attempts": 32,
    "store_successes": 0,
    "requests_seen": 64,
    "reused_prefix_tokens_total": 0,
    "recompute_tokens_total": 10652
  }
}