{
  "shadow_kv_plus": {
    "mean_latency_ms": 12.705568171917037,
    "p50_latency_ms": 11.689122718163674,
    "p95_latency_ms": 14.61140339770459,
    "p99_latency_ms": 15.881960214896296,
    "throughput_rps": 629.6451989988376,
    "hit_rate": 0.0,
    "wasted_compute_ratio": 0.0,
    "reuse_attempts": 60,
    "reuse_successes": 0,
    "store_attempts": 32,
    "store_successes": 0,
    "requests_seen": 64,
    "reused_prefix_tokens_total": 0,
    "recompute_tokens_total": 10652
  }
}