{
  "greedy_prefix_cache": {
    "mean_latency_ms": 14.235756214081764,
    "p50_latency_ms": 13.096895716955224,
    "p95_latency_ms": 16.37111964619403,
    "p99_latency_ms": 17.794695267602204,
    "throughput_rps": 561.9652289413708,
    "hit_rate": 0.0,
    "wasted_compute_ratio": 0.0,
    "reuse_attempts": 32,
    "reuse_successes": 0,
    "store_attempts": 32,
    "store_successes": 0,
    "requests_seen": 64,
    "reused_prefix_tokens_total": 0,
    "recompute_tokens_total": 10652
  }
}