{
  "no_cache": {
    "mean_latency_ms": 228.27576332841204,
    "p50_latency_ms": 210.01370226213908,
    "p95_latency_ms": 262.51712782767385,
    "p99_latency_ms": 285.34470416051505,
    "throughput_rps": 35.04533237937613,
    "hit_rate": 0.0,
    "wasted_compute_ratio": 0.0,
    "reuse_attempts": 0,
    "reuse_successes": 0,
    "store_attempts": 32,
    "store_successes": 0,
    "requests_seen": 64,
    "reused_prefix_tokens_total": 0,
    "recompute_tokens_total": 10652
  }
}