{
  "shadow_kv_plus_lite": {
    "mean_latency_ms": 128.0764883397012,
    "p50_latency_ms": 117.8303692725251,
    "p95_latency_ms": 147.28796159065638,
    "p99_latency_ms": 160.0956104246265,
    "throughput_rps": 62.462674482309,
    "hit_rate": 0.0,
    "wasted_compute_ratio": 0.0,
    "reuse_attempts": 32,
    "reuse_successes": 0,
    "store_attempts": 32,
    "store_successes": 0,
    "requests_seen": 64,
    "reused_prefix_tokens_total": 0,
    "recompute_tokens_total": 10652
  }
}