{
  "shadow_kv": {
    "mean_latency_ms": 14.896498140622327,
    "p50_latency_ms": 13.704778289372541,
    "p95_latency_ms": 17.130972861715676,
    "p99_latency_ms": 18.62062267577791,
    "throughput_rps": 537.0389687885254,
    "hit_rate": 0.921875,
    "wasted_compute_ratio": 0.0,
    "reuse_attempts": 59,
    "reuse_successes": 59,
    "store_attempts": 32,
    "store_successes": 59,
    "requests_seen": 64,
    "reused_prefix_tokens_total": 12980,
    "recompute_tokens_total": -2328
  }
}