{
  "shadow_kv_plus": {
    "mean_latency_ms": 16.37332743751685,
    "p50_latency_ms": 15.063461242515501,
    "p95_latency_ms": 18.829326553144377,
    "p99_latency_ms": 20.46665929689606,
    "throughput_rps": 488.59952447230035,
    "hit_rate": 0.984375,
    "wasted_compute_ratio": 0.0,
    "reuse_attempts": 63,
    "reuse_successes": 63,
    "store_attempts": 32,
    "store_successes": 63,
    "requests_seen": 64,
    "reused_prefix_tokens_total": 13860,
    "recompute_tokens_total": -3208
  }
}