{
  "shadow_kv": {
    "mean_latency_ms": 160.60065028122494,
    "p50_latency_ms": 147.75259825872695,
    "p95_latency_ms": 184.69074782340866,
    "p99_latency_ms": 200.75081285153118,
    "throughput_rps": 49.81299880163213,
    "hit_rate": 0.96875,
    "wasted_compute_ratio": 0.0,
    "reuse_attempts": 62,
    "reuse_successes": 62,
    "store_attempts": 32,
    "store_successes": 62,
    "requests_seen": 64,
    "reused_prefix_tokens_total": 13640,
    "recompute_tokens_total": -2988
  }
}