{
  "shadow_kv": {
    "mean_latency_ms": 54.37071628131207,
    "p50_latency_ms": 50.021058978807105,
    "p95_latency_ms": 62.526323723508874,
    "p99_latency_ms": 67.96339535164009,
    "throughput_rps": 147.13802846753566,
    "hit_rate": 0.984375,
    "wasted_compute_ratio": 0.0,
    "reuse_attempts": 63,
    "reuse_successes": 63,
    "store_attempts": 32,
    "store_successes": 63,
    "requests_seen": 64,
    "reused_prefix_tokens_total": 13860,
    "recompute_tokens_total": -3208
  }
}