{
  "strict_reactive_prefix_cache": {
    "mean_latency_ms": 234.27664654503937,
    "p50_latency_ms": 215.53451482143623,
    "p95_latency_ms": 269.41814352679523,
    "p99_latency_ms": 292.8458081812992,
    "throughput_rps": 34.147663106753626,
    "hit_rate": 0.35,
    "wasted_compute_ratio": 0.0,
    "reuse_attempts": 32,
    "reuse_successes": 11,
    "store_attempts": 32,
    "store_successes": 11,
    "requests_seen": 64,
    "reused_prefix_tokens_total": 4928,
    "recompute_tokens_total": 5724
  }
}