{
  "strict_reactive_prefix_cache": {
    "mean_latency_ms": 110.17332330296875,
    "p50_latency_ms": 101.35945743873125,
    "p95_latency_ms": 126.69932179841406,
    "p99_latency_ms": 137.71665412871096,
    "throughput_rps": 72.61285908568422,
    "hit_rate": 0.0,
    "wasted_compute_ratio": 0.035,
    "reuse_attempts": 32,
    "reuse_successes": 0,
    "store_attempts": 32,
    "store_successes": 0,
    "requests_seen": 64,
    "reused_prefix_tokens_total": 0,
    "recompute_tokens_total": 10652
  }
}