{
  "shadow_kv": {
    "mean_latency_ms": 134.09812742193594,
    "p50_latency_ms": 123.37027722818107,
    "p95_latency_ms": 154.21284653522633,
    "p99_latency_ms": 167.62265927741993,
    "throughput_rps": 59.65780547276568,
    "hit_rate": 0.96875,
    "wasted_compute_ratio": 0.0,
    "reuse_attempts": 62,
    "reuse_successes": 62,
    "store_attempts": 32,
    "store_successes": 62,
    "requests_seen": 64,
    "reused_prefix_tokens_total": 13640,
    "recompute_tokens_total": -2988
  }
}