{
  "reactive_prefix_cache": {
    "mean_latency_ms": 79.140331072448,
    "p50_latency_ms": 72.80910458665217,
    "p95_latency_ms": 91.0113807333152,
    "p99_latency_ms": 98.92541384056001,
    "throughput_rps": 101.08625894774818,
    "hit_rate": 0.35,
    "wasted_compute_ratio": 0.003,
    "reuse_attempts": 32,
    "reuse_successes": 11,
    "store_attempts": 32,
    "store_successes": 11,
    "requests_seen": 64,
    "reused_prefix_tokens_total": 4928,
    "recompute_tokens_total": 5724
  }
}