{
  "greedy_prefix_cache": {
    "mean_latency_ms": 78.25111386938678,
    "p50_latency_ms": 71.99102475983585,
    "p95_latency_ms": 89.9887809497948,
    "p99_latency_ms": 97.81389233673349,
    "throughput_rps": 102.23496643579078,
    "hit_rate": 0.35,
    "wasted_compute_ratio": 0.0,
    "reuse_attempts": 32,
    "reuse_successes": 11,
    "store_attempts": 32,
    "store_successes": 11,
    "requests_seen": 64,
    "reused_prefix_tokens_total": 4928,
    "recompute_tokens_total": 5724
  }
}