{
  "no_cache": {
    "mean_latency_ms": 19.7075238124782,
    "p50_latency_ms": 18.130921907479944,
    "p95_latency_ms": 22.66365238434993,
    "p99_latency_ms": 24.63440476559775,
    "throughput_rps": 405.93633559050403,
    "hit_rate": 0.0,
    "wasted_compute_ratio": 0.0,
    "reuse_attempts": 0,
    "reuse_successes": 0,
    "store_attempts": 32,
    "store_successes": 0,
    "requests_seen": 64,
    "reused_prefix_tokens_total": 0,
    "recompute_tokens_total": 10652
  }
}