{
  "no_cache": {
    "mean_latency_ms": 127.9012693905699,
    "p50_latency_ms": 117.6691678393243,
    "p95_latency_ms": 147.08645979915536,
    "p99_latency_ms": 159.87658673821238,
    "throughput_rps": 62.54824551874101,
    "hit_rate": 0.0,
    "wasted_compute_ratio": 0.0,
    "reuse_attempts": 0,
    "reuse_successes": 0,
    "store_attempts": 32,
    "store_successes": 0,
    "requests_seen": 64,
    "reused_prefix_tokens_total": 0,
    "recompute_tokens_total": 10652
  }
}