{
  "shadow_kv_plus_lite": {
    "mean_latency_ms": 24.44573564451158,
    "p50_latency_ms": 22.490076792950653,
    "p95_latency_ms": 28.112595991188314,
    "p99_latency_ms": 30.557169555639476,
    "throughput_rps": 327.25544104442264,
    "hit_rate": 0.0,
    "wasted_compute_ratio": 0.0,
    "reuse_attempts": 32,
    "reuse_successes": 0,
    "store_attempts": 32,
    "store_successes": 0,
    "requests_seen": 64,
    "reused_prefix_tokens_total": 0,
    "recompute_tokens_total": 10652
  }
}