{
  "shadow_kv_plus": {
    "mean_latency_ms": 17.68141324999206,
    "p50_latency_ms": 16.266900189992697,
    "p95_latency_ms": 20.33362523749087,
    "p99_latency_ms": 22.101766562490077,
    "throughput_rps": 452.4525210112145,
    "hit_rate": 0.0,
    "wasted_compute_ratio": 0.0,
    "reuse_attempts": 60,
    "reuse_successes": 0,
    "store_attempts": 32,
    "store_successes": 0,
    "requests_seen": 64,
    "reused_prefix_tokens_total": 0,
    "recompute_tokens_total": 10652
  }
}