{
  "strict_reactive_prefix_cache": {
    "mean_latency_ms": 20.856534660617733,
    "p50_latency_ms": 19.188011887768315,
    "p95_latency_ms": 23.98501485971039,
    "p99_latency_ms": 26.070668325772168,
    "throughput_rps": 383.57282886048984,
    "hit_rate": 0.0,
    "wasted_compute_ratio": 0.035,
    "reuse_attempts": 32,
    "reuse_successes": 0,
    "store_attempts": 32,
    "store_successes": 0,
    "requests_seen": 64,
    "reused_prefix_tokens_total": 0,
    "recompute_tokens_total": 10652
  }
}