{
  "strict_reactive_prefix_cache": {
    "mean_latency_ms": 71.39077494928775,
    "p50_latency_ms": 65.67951295334473,
    "p95_latency_ms": 82.09939119168091,
    "p99_latency_ms": 89.23846868660968,
    "throughput_rps": 112.05929625617287,
    "hit_rate": 0.0,
    "wasted_compute_ratio": 0.035,
    "reuse_attempts": 32,
    "reuse_successes": 0,
    "store_attempts": 32,
    "store_successes": 0,
    "requests_seen": 64,
    "reused_prefix_tokens_total": 0,
    "recompute_tokens_total": 10652
  }
}