{
  "no_cache": {
    "mean_latency_ms": 23.76234651561049,
    "p50_latency_ms": 21.86135879436165,
    "p95_latency_ms": 27.326698492952058,
    "p99_latency_ms": 29.70293314451311,
    "throughput_rps": 336.6670877703287,
    "hit_rate": 0.0,
    "wasted_compute_ratio": 0.0,
    "reuse_attempts": 0,
    "reuse_successes": 0,
    "store_attempts": 32,
    "store_successes": 0,
    "requests_seen": 64,
    "reused_prefix_tokens_total": 0,
    "recompute_tokens_total": 10652
  }
}