{
  "shadow_kv_plus_lite": {
    "mean_latency_ms": 364.7303801173152,
    "p50_latency_ms": 335.55194970792996,
    "p95_latency_ms": 419.43993713491244,
    "p99_latency_ms": 455.912975146644,
    "throughput_rps": 21.934010535198105,
    "hit_rate": 0.0,
    "wasted_compute_ratio": 0.0,
    "reuse_attempts": 32,
    "reuse_successes": 0,
    "store_attempts": 32,
    "store_successes": 0,
    "requests_seen": 64,
    "reused_prefix_tokens_total": 0,
    "recompute_tokens_total": 10652
  }
}