{
  "reactive_prefix_cache": {
    "mean_latency_ms": 99.96735710205681,
    "p50_latency_ms": 91.96996853389227,
    "p95_latency_ms": 114.96246066736532,
    "p99_latency_ms": 124.959196377571,
    "throughput_rps": 80.02612284560838,
    "hit_rate": 0.35,
    "wasted_compute_ratio": 0.003,
    "reuse_attempts": 32,
    "reuse_successes": 11,
    "store_attempts": 32,
    "store_successes": 11,
    "requests_seen": 64,
    "reused_prefix_tokens_total": 4928,
    "recompute_tokens_total": 5724
  }
}