{
  "reactive_prefix_cache": {
    "mean_latency_ms": 24.978747443152567,
    "p50_latency_ms": 22.980447647700363,
    "p95_latency_ms": 28.72555955962545,
    "p99_latency_ms": 31.22343430394071,
    "throughput_rps": 320.2722641800457,
    "hit_rate": 0.6,
    "wasted_compute_ratio": 0.0,
    "reuse_attempts": 32,
    "reuse_successes": 19,
    "store_attempts": 32,
    "store_successes": 19,
    "requests_seen": 64,
    "reused_prefix_tokens_total": 8448,
    "recompute_tokens_total": 2204
  }
}