{
  "no_cache": {
    "mean_latency_ms": 44.79893696874626,
    "p50_latency_ms": 41.21502201124656,
    "p95_latency_ms": 51.51877751405819,
    "p99_latency_ms": 55.99867121093283,
    "throughput_rps": 178.5756658820087,
    "hit_rate": 0.0,
    "wasted_compute_ratio": 0.0,
    "reuse_attempts": 0,
    "reuse_successes": 0,
    "store_attempts": 32,
    "store_successes": 0,
    "requests_seen": 64,
    "reused_prefix_tokens_total": 0,
    "recompute_tokens_total": 10652
  }
}