{
  "shadow_kv_plus": {
    "mean_latency_ms": 83.42880998436186,
    "p50_latency_ms": 76.75450518561291,
    "p95_latency_ms": 95.94313148201613,
    "p99_latency_ms": 104.28601248045233,
    "throughput_rps": 95.89013677049383,
    "hit_rate": 0.984375,
    "wasted_compute_ratio": 0.0,
    "reuse_attempts": 63,
    "reuse_successes": 63,
    "store_attempts": 32,
    "store_successes": 63,
    "requests_seen": 64,
    "reused_prefix_tokens_total": 13860,
    "recompute_tokens_total": -3208
  }
}