{
  "greedy_prefix_cache": {
    "mean_latency_ms": 68.78359666417423,
    "p50_latency_ms": 63.280908931040294,
    "p95_latency_ms": 79.10113616380035,
    "p99_latency_ms": 85.97949583021779,
    "throughput_rps": 116.3067997019525,
    "hit_rate": 0.35,
    "wasted_compute_ratio": 0.0,
    "reuse_attempts": 32,
    "reuse_successes": 11,
    "store_attempts": 32,
    "store_successes": 11,
    "requests_seen": 64,
    "reused_prefix_tokens_total": 4928,
    "recompute_tokens_total": 5724
  }
}