{
  "shadow_kv_plus": {
    "mean_latency_ms": 21.532929171897308,
    "p50_latency_ms": 19.810294838145523,
    "p95_latency_ms": 24.7628685476819,
    "p99_latency_ms": 26.916161464871635,
    "throughput_rps": 371.5240010374819,
    "hit_rate": 0.0,
    "wasted_compute_ratio": 0.0,
    "reuse_attempts": 60,
    "reuse_successes": 0,
    "store_attempts": 32,
    "store_successes": 0,
    "requests_seen": 64,
    "reused_prefix_tokens_total": 0,
    "recompute_tokens_total": 10652
  }
}