{
  "shadow_kv": {
    "mean_latency_ms": 52.30677809380069,
    "p50_latency_ms": 48.12223584629663,
    "p95_latency_ms": 60.152794807870784,
    "p99_latency_ms": 65.38347261725086,
    "throughput_rps": 152.94384956484535,
    "hit_rate": 0.15625,
    "wasted_compute_ratio": 1.0,
    "reuse_attempts": 62,
    "reuse_successes": 10,
    "store_attempts": 32,
    "store_successes": 10,
    "requests_seen": 64,
    "reused_prefix_tokens_total": 2200,
    "recompute_tokens_total": 8452
  }
}