{
  "reactive_prefix_cache": {
    "mean_latency_ms": 94.8054658913203,
    "p50_latency_ms": 87.22102862001468,
    "p95_latency_ms": 109.02628577501834,
    "p99_latency_ms": 118.50683236415037,
    "throughput_rps": 84.38332035803457,
    "hit_rate": 0.6,
    "wasted_compute_ratio": 0.0,
    "reuse_attempts": 32,
    "reuse_successes": 19,
    "store_attempts": 32,
    "store_successes": 19,
    "requests_seen": 64,
    "reused_prefix_tokens_total": 8448,
    "recompute_tokens_total": 2204
  }
}