{
  "shadow_kv_plus": {
    "mean_latency_ms": 12.385107906251136,
    "p50_latency_ms": 11.394299273751045,
    "p95_latency_ms": 14.242874092188805,
    "p99_latency_ms": 15.48138488281392,
    "throughput_rps": 645.9370447601962,
    "hit_rate": 0.0,
    "wasted_compute_ratio": 0.0,
    "reuse_attempts": 0,
    "reuse_successes": 0,
    "store_attempts": 32,
    "store_successes": 0,
    "requests_seen": 64,
    "reused_prefix_tokens_total": 0,
    "recompute_tokens_total": 10652
  }
}