{
  "strict_reactive_prefix_cache": {
    "mean_latency_ms": 243.86546774193965,
    "p50_latency_ms": 224.35623032258448,
    "p95_latency_ms": 280.44528790323056,
    "p99_latency_ms": 304.8318346774246,
    "throughput_rps": 32.80497265182975,
    "hit_rate": 0.0,
    "wasted_compute_ratio": 0.035,
    "reuse_attempts": 32,
    "reuse_successes": 0,
    "store_attempts": 32,
    "store_successes": 0,
    "requests_seen": 64,
    "reused_prefix_tokens_total": 0,
    "recompute_tokens_total": 10652
  }
}