{
  "shadow_kv_plus": {
    "mean_latency_ms": 53.809548562469445,
    "p50_latency_ms": 49.50478467747189,
    "p95_latency_ms": 61.880980846839854,
    "p99_latency_ms": 67.2619357030868,
    "throughput_rps": 148.67249798077216,
    "hit_rate": 0.967741935483871,
    "wasted_compute_ratio": 0.0,
    "reuse_attempts": 60,
    "reuse_successes": 62,
    "store_attempts": 32,
    "store_successes": 62,
    "requests_seen": 64,
    "reused_prefix_tokens_total": 13625,
    "recompute_tokens_total": -2973
  }
}