{
  "strict_reactive_prefix_cache": {
    "mean_latency_ms": 246.0521435987554,
    "p50_latency_ms": 226.367972110855,
    "p95_latency_ms": 282.9599651385687,
    "p99_latency_ms": 307.56517949844425,
    "throughput_rps": 32.5134334657366,
    "hit_rate": 0.0,
    "wasted_compute_ratio": 0.035,
    "reuse_attempts": 32,
    "reuse_successes": 0,
    "store_attempts": 32,
    "store_successes": 0,
    "requests_seen": 64,
    "reused_prefix_tokens_total": 0,
    "recompute_tokens_total": 10652
  }
}