{
  "no_cache": {
    "mean_latency_ms": 185.48439700003883,
    "p50_latency_ms": 170.64564524003572,
    "p95_latency_ms": 213.30705655004462,
    "p99_latency_ms": 231.85549625004853,
    "throughput_rps": 43.13031246503352,
    "hit_rate": 0.0,
    "wasted_compute_ratio": 0.0,
    "reuse_attempts": 0,
    "reuse_successes": 0,
    "store_attempts": 32,
    "store_successes": 0,
    "requests_seen": 64,
    "reused_prefix_tokens_total": 0,
    "recompute_tokens_total": 10652
  }
}