{
  "no_cache": {
    "mean_latency_ms": 20.039836374994735,
    "p50_latency_ms": 18.436649464995156,
    "p95_latency_ms": 23.04581183124394,
    "p99_latency_ms": 25.04979546874342,
    "throughput_rps": 399.204856282271,
    "hit_rate": 0.0,
    "wasted_compute_ratio": 0.0,
    "reuse_attempts": 0,
    "reuse_successes": 0,
    "store_attempts": 32,
    "store_successes": 0,
    "requests_seen": 64,
    "reused_prefix_tokens_total": 0,
    "recompute_tokens_total": 10652
  }
}