{
  "reactive_prefix_cache": {
    "mean_latency_ms": 108.3058519354358,
    "p50_latency_ms": 99.64138378060093,
    "p95_latency_ms": 124.55172972575116,
    "p99_latency_ms": 135.38231491929474,
    "throughput_rps": 73.86489148129344,
    "hit_rate": 0.6,
    "wasted_compute_ratio": 0.0,
    "reuse_attempts": 32,
    "reuse_successes": 19,
    "store_attempts": 32,
    "store_successes": 19,
    "requests_seen": 64,
    "reused_prefix_tokens_total": 8448,
    "recompute_tokens_total": 2204
  }
}