{
  "reactive_prefix_cache": {
    "mean_latency_ms": 22.922575711869325,
    "p50_latency_ms": 21.08876965491978,
    "p95_latency_ms": 26.36096206864972,
    "p99_latency_ms": 28.653219639836657,
    "throughput_rps": 349.00091946724797,
    "hit_rate": 0.0,
    "wasted_compute_ratio": 0.108,
    "reuse_attempts": 32,
    "reuse_successes": 0,
    "store_attempts": 32,
    "store_successes": 0,
    "requests_seen": 64,
    "reused_prefix_tokens_total": 0,
    "recompute_tokens_total": 10652
  }
}