{
  "shadow_kv": {
    "mean_latency_ms": 58.09630337492422,
    "p50_latency_ms": 53.44859910493028,
    "p95_latency_ms": 66.81074888116285,
    "p99_latency_ms": 72.62037921865527,
    "throughput_rps": 137.70239301409657,
    "hit_rate": 0.96875,
    "wasted_compute_ratio": 0.0,
    "reuse_attempts": 62,
    "reuse_successes": 62,
    "store_attempts": 32,
    "store_successes": 62,
    "requests_seen": 64,
    "reused_prefix_tokens_total": 13640,
    "recompute_tokens_total": -2988
  }
}