{
  "no_cache": {
    "mean_latency_ms": 127.8276507344458,
    "p50_latency_ms": 117.60143867569013,
    "p95_latency_ms": 147.00179834461267,
    "p99_latency_ms": 159.78456341805725,
    "throughput_rps": 62.58426838039538,
    "hit_rate": 0.0,
    "wasted_compute_ratio": 0.0,
    "reuse_attempts": 0,
    "reuse_successes": 0,
    "store_attempts": 32,
    "store_successes": 0,
    "requests_seen": 64,
    "reused_prefix_tokens_total": 0,
    "recompute_tokens_total": 10652
  }
}