{
  "reactive_prefix_cache": {
    "mean_latency_ms": 18.606053906269146,
    "p50_latency_ms": 17.117569593767616,
    "p95_latency_ms": 21.396961992209516,
    "p99_latency_ms": 23.257567382836434,
    "throughput_rps": 429.9675815356243,
    "hit_rate": 0.6,
    "wasted_compute_ratio": 0.0,
    "reuse_attempts": 32,
    "reuse_successes": 19,
    "store_attempts": 32,
    "store_successes": 19,
    "requests_seen": 64,
    "reused_prefix_tokens_total": 8448,
    "recompute_tokens_total": 2204
  }
}