{
  "shadow_kv_plus": {
    "mean_latency_ms": 75.81667146874338,
    "p50_latency_ms": 69.75133775124391,
    "p95_latency_ms": 87.18917218905489,
    "p99_latency_ms": 94.77083933592922,
    "throughput_rps": 105.51768951368601,
    "hit_rate": 0.984375,
    "wasted_compute_ratio": 0.0,
    "reuse_attempts": 63,
    "reuse_successes": 63,
    "store_attempts": 32,
    "store_successes": 63,
    "requests_seen": 64,
    "reused_prefix_tokens_total": 13860,
    "recompute_tokens_total": -3208
  }
}