{
  "no_cache": {
    "mean_latency_ms": 65.11487665608229,
    "p50_latency_ms": 59.905686523595705,
    "p95_latency_ms": 74.88210815449463,
    "p99_latency_ms": 81.39359582010286,
    "throughput_rps": 122.85978889668574,
    "hit_rate": 0.0,
    "wasted_compute_ratio": 0.0,
    "reuse_attempts": 0,
    "reuse_successes": 0,
    "store_attempts": 32,
    "store_successes": 0,
    "requests_seen": 64,
    "reused_prefix_tokens_total": 0,
    "recompute_tokens_total": 10652
  }
}