{
  "shadow_kv_plus": {
    "mean_latency_ms": 20.72284339062236,
    "p50_latency_ms": 19.06501591937257,
    "p95_latency_ms": 23.83126989921571,
    "p99_latency_ms": 25.90355423827795,
    "throughput_rps": 386.0474090934941,
    "hit_rate": 0.0,
    "wasted_compute_ratio": 0.0,
    "reuse_attempts": 60,
    "reuse_successes": 0,
    "store_attempts": 32,
    "store_successes": 0,
    "requests_seen": 64,
    "reused_prefix_tokens_total": 0,
    "recompute_tokens_total": 10652
  }
}