{
  "shadow_kv_plus": {
    "mean_latency_ms": 21.611525093742756,
    "p50_latency_ms": 19.882603086243336,
    "p95_latency_ms": 24.853253857804166,
    "p99_latency_ms": 27.014406367178445,
    "throughput_rps": 370.17285755165244,
    "hit_rate": 0.984375,
    "wasted_compute_ratio": 0.0,
    "reuse_attempts": 63,
    "reuse_successes": 63,
    "store_attempts": 32,
    "store_successes": 63,
    "requests_seen": 64,
    "reused_prefix_tokens_total": 13860,
    "recompute_tokens_total": -3208
  }
}