{
  "shadow_kv_plus": {
    "mean_latency_ms": 73.64890551561132,
    "p50_latency_ms": 67.75699307436241,
    "p95_latency_ms": 84.69624134295302,
    "p99_latency_ms": 92.06113189451415,
    "throughput_rps": 108.62347436112604,
    "hit_rate": 0.0,
    "wasted_compute_ratio": 0.0,
    "reuse_attempts": 0,
    "reuse_successes": 0,
    "store_attempts": 32,
    "store_successes": 0,
    "requests_seen": 64,
    "reused_prefix_tokens_total": 0,
    "recompute_tokens_total": 10652
  }
}