{
  "no_cache": {
    "mean_latency_ms": 16.440203421844046,
    "p50_latency_ms": 15.124987148096523,
    "p95_latency_ms": 18.906233935120653,
    "p99_latency_ms": 20.550254277305058,
    "throughput_rps": 486.61198372828073,
    "hit_rate": 0.0,
    "wasted_compute_ratio": 0.0,
    "reuse_attempts": 0,
    "reuse_successes": 0,
    "store_attempts": 32,
    "store_successes": 0,
    "requests_seen": 64,
    "reused_prefix_tokens_total": 0,
    "recompute_tokens_total": 10652
  }
}