{
  "reactive_prefix_cache": {
    "mean_latency_ms": 186.91244199205477,
    "p50_latency_ms": 171.9594466326904,
    "p95_latency_ms": 214.94930829086297,
    "p99_latency_ms": 233.64055249006844,
    "throughput_rps": 42.800789047205654,
    "hit_rate": 0.35,
    "wasted_compute_ratio": 0.003,
    "reuse_attempts": 32,
    "reuse_successes": 11,
    "store_attempts": 32,
    "store_successes": 11,
    "requests_seen": 64,
    "reused_prefix_tokens_total": 4928,
    "recompute_tokens_total": 5724
  }
}