{
  "shadow_kv_plus_lite": {
    "mean_latency_ms": 103.93358100527786,
    "p50_latency_ms": 95.61889452485563,
    "p95_latency_ms": 119.52361815606953,
    "p99_latency_ms": 129.9169762565973,
    "throughput_rps": 76.97223479285056,
    "hit_rate": 0.35,
    "wasted_compute_ratio": 0.0,
    "reuse_attempts": 32,
    "reuse_successes": 11,
    "store_attempts": 32,
    "store_successes": 11,
    "requests_seen": 64,
    "reused_prefix_tokens_total": 4928,
    "recompute_tokens_total": 5724
  }
}