{
  "no_cache": {
    "mean_latency_ms": 146.37059462503998,
    "p50_latency_ms": 134.6609470550368,
    "p95_latency_ms": 168.32618381879598,
    "p99_latency_ms": 182.96324328129998,
    "throughput_rps": 54.655786706979875,
    "hit_rate": 0.0,
    "wasted_compute_ratio": 0.0,
    "reuse_attempts": 0,
    "reuse_successes": 0,
    "store_attempts": 32,
    "store_successes": 0,
    "requests_seen": 64,
    "reused_prefix_tokens_total": 0,
    "recompute_tokens_total": 10652
  }
}