{
  "greedy_prefix_cache": {
    "mean_latency_ms": 76.2140027479523,
    "p50_latency_ms": 70.11688252811612,
    "p95_latency_ms": 87.64610316014515,
    "p99_latency_ms": 95.26750343494038,
    "throughput_rps": 104.96758747151542,
    "hit_rate": 0.0,
    "wasted_compute_ratio": 0.0,
    "reuse_attempts": 32,
    "reuse_successes": 0,
    "store_attempts": 32,
    "store_successes": 0,
    "requests_seen": 64,
    "reused_prefix_tokens_total": 0,
    "recompute_tokens_total": 10652
  }
}