{
  "no_cache": {
    "mean_latency_ms": 125.22196815609732,
    "p50_latency_ms": 115.20421070360953,
    "p95_latency_ms": 144.00526337951192,
    "p99_latency_ms": 156.52746019512165,
    "throughput_rps": 63.88655375570747,
    "hit_rate": 0.0,
    "wasted_compute_ratio": 0.0,
    "reuse_attempts": 0,
    "reuse_successes": 0,
    "store_attempts": 32,
    "store_successes": 0,
    "requests_seen": 64,
    "reused_prefix_tokens_total": 0,
    "recompute_tokens_total": 10652
  }
}