{
  "shadow_kv_plus": {
    "mean_latency_ms": 164.4829489530082,
    "p50_latency_ms": 151.32431303676753,
    "p95_latency_ms": 189.1553912959594,
    "p99_latency_ms": 205.60368619126024,
    "throughput_rps": 48.63726028091552,
    "hit_rate": 0.9672131147540983,
    "wasted_compute_ratio": 0.0,
    "reuse_attempts": 59,
    "reuse_successes": 62,
    "store_attempts": 32,
    "store_successes": 62,
    "requests_seen": 64,
    "reused_prefix_tokens_total": 13618,
    "recompute_tokens_total": -2966
  }
}