{
  "shadow_kv": {
    "mean_latency_ms": 193.25502025006358,
    "p50_latency_ms": 177.7946186300585,
    "p95_latency_ms": 222.2432732875731,
    "p99_latency_ms": 241.56877531257948,
    "throughput_rps": 41.39607855800252,
    "hit_rate": 0.921875,
    "wasted_compute_ratio": 0.0,
    "reuse_attempts": 59,
    "reuse_successes": 59,
    "store_attempts": 32,
    "store_successes": 59,
    "requests_seen": 64,
    "reused_prefix_tokens_total": 12980,
    "recompute_tokens_total": -2328
  }
}