{
  "strict_reactive_prefix_cache": {
    "mean_latency_ms": 16.17913947920139,
    "p50_latency_ms": 14.884808320865279,
    "p95_latency_ms": 18.606010401081594,
    "p99_latency_ms": 20.223924349001734,
    "throughput_rps": 494.46387493501504,
    "hit_rate": 0.35,
    "wasted_compute_ratio": 0.0,
    "reuse_attempts": 32,
    "reuse_successes": 11,
    "store_attempts": 32,
    "store_successes": 11,
    "requests_seen": 64,
    "reused_prefix_tokens_total": 4928,
    "recompute_tokens_total": 5724
  }
}