{
  "no_cache": {
    "mean_latency_ms": 48.929605375050755,
    "p50_latency_ms": 45.015236945046695,
    "p95_latency_ms": 56.26904618130836,
    "p99_latency_ms": 61.162006718813444,
    "throughput_rps": 163.50019458933153,
    "hit_rate": 0.0,
    "wasted_compute_ratio": 0.0,
    "reuse_attempts": 0,
    "reuse_successes": 0,
    "store_attempts": 32,
    "store_successes": 0,
    "requests_seen": 64,
    "reused_prefix_tokens_total": 0,
    "recompute_tokens_total": 10652
  }
}