{
  "strict_reactive_prefix_cache": {
    "mean_latency_ms": 21.302136979157986,
    "p50_latency_ms": 19.597966020825346,
    "p95_latency_ms": 24.49745752603168,
    "p99_latency_ms": 26.62767122394748,
    "throughput_rps": 375.54917649000197,
    "hit_rate": 0.0,
    "wasted_compute_ratio": 0.035,
    "reuse_attempts": 32,
    "reuse_successes": 0,
    "store_attempts": 32,
    "store_successes": 0,
    "requests_seen": 64,
    "reused_prefix_tokens_total": 0,
    "recompute_tokens_total": 10652
  }
}