{
  "greedy_prefix_cache": {
    "mean_latency_ms": 76.38269724369555,
    "p50_latency_ms": 70.2720814641999,
    "p95_latency_ms": 87.84010183024986,
    "p99_latency_ms": 95.47837155461943,
    "throughput_rps": 104.7357620074133,
    "hit_rate": 0.35,
    "wasted_compute_ratio": 0.0,
    "reuse_attempts": 32,
    "reuse_successes": 11,
    "store_attempts": 32,
    "store_successes": 11,
    "requests_seen": 64,
    "reused_prefix_tokens_total": 4928,
    "recompute_tokens_total": 5724
  }
}