{
  "shadow_kv_plus": {
    "mean_latency_ms": 77.14719806253356,
    "p50_latency_ms": 70.97542221753088,
    "p95_latency_ms": 88.7192777719136,
    "p99_latency_ms": 96.43399757816695,
    "throughput_rps": 103.69786850217687,
    "hit_rate": 0.0,
    "wasted_compute_ratio": 0.0,
    "reuse_attempts": 0,
    "reuse_successes": 0,
    "store_attempts": 32,
    "store_successes": 0,
    "requests_seen": 64,
    "reused_prefix_tokens_total": 0,
    "recompute_tokens_total": 10652
  }
}