{
  "shadow_kv_plus_lite": {
    "mean_latency_ms": 62.31854992637074,
    "p50_latency_ms": 57.333065932261086,
    "p95_latency_ms": 71.66633241532635,
    "p99_latency_ms": 77.89818740796343,
    "throughput_rps": 128.37269174992014,
    "hit_rate": 0.6,
    "wasted_compute_ratio": 0.0,
    "reuse_attempts": 32,
    "reuse_successes": 19,
    "store_attempts": 32,
    "store_successes": 19,
    "requests_seen": 64,
    "reused_prefix_tokens_total": 8448,
    "recompute_tokens_total": 2204
  }
}