{
  "shadow_kv": {
    "mean_latency_ms": 89.77691971875856,
    "p50_latency_ms": 82.59476614125788,
    "p95_latency_ms": 103.24345767657233,
    "p99_latency_ms": 112.2211496484482,
    "throughput_rps": 89.1097625654941,
    "hit_rate": 0.984375,
    "wasted_compute_ratio": 0.0,
    "reuse_attempts": 63,
    "reuse_successes": 63,
    "store_attempts": 32,
    "store_successes": 63,
    "requests_seen": 64,
    "reused_prefix_tokens_total": 13860,
    "recompute_tokens_total": -3208
  }
}