{
  "reactive_prefix_cache": {
    "mean_latency_ms": 268.877130131367,
    "p50_latency_ms": 247.36695972085764,
    "p95_latency_ms": 309.208699651072,
    "p99_latency_ms": 336.09641266420874,
    "throughput_rps": 29.753367257718757,
    "hit_rate": 0.6,
    "wasted_compute_ratio": 0.0,
    "reuse_attempts": 32,
    "reuse_successes": 19,
    "store_attempts": 32,
    "store_successes": 19,
    "requests_seen": 64,
    "reused_prefix_tokens_total": 8448,
    "recompute_tokens_total": 2204
  }
}