{
  "strict_reactive_prefix_cache": {
    "mean_latency_ms": 19.646014722213398,
    "p50_latency_ms": 18.07433354443633,
    "p95_latency_ms": 22.592916930545407,
    "p99_latency_ms": 24.557518402766746,
    "throughput_rps": 407.20726891009315,
    "hit_rate": 0.35,
    "wasted_compute_ratio": 0.0,
    "reuse_attempts": 32,
    "reuse_successes": 11,
    "store_attempts": 32,
    "store_successes": 11,
    "requests_seen": 64,
    "reused_prefix_tokens_total": 4928,
    "recompute_tokens_total": 5724
  }
}