{
  "greedy_prefix_cache": {
    "mean_latency_ms": 172.87351723846797,
    "p50_latency_ms": 159.04363585939055,
    "p95_latency_ms": 198.80454482423815,
    "p99_latency_ms": 216.09189654808495,
    "throughput_rps": 46.27660805306871,
    "hit_rate": 0.6,
    "wasted_compute_ratio": 0.0,
    "reuse_attempts": 32,
    "reuse_successes": 19,
    "store_attempts": 32,
    "store_successes": 19,
    "requests_seen": 64,
    "reused_prefix_tokens_total": 8448,
    "recompute_tokens_total": 2204
  }
}