{
  "shadow_kv_plus": {
    "mean_latency_ms": 150.60407228124006,
    "p50_latency_ms": 138.55574649874086,
    "p95_latency_ms": 173.19468312342607,
    "p99_latency_ms": 188.25509035155008,
    "throughput_rps": 53.11941356446652,
    "hit_rate": 0.0,
    "wasted_compute_ratio": 1.0,
    "reuse_attempts": 0,
    "reuse_successes": 0,
    "store_attempts": 32,
    "store_successes": 0,
    "requests_seen": 64,
    "reused_prefix_tokens_total": 0,
    "recompute_tokens_total": 10652
  }
}