{
  "shadow_kv_plus": {
    "mean_latency_ms": 15.38318943754291,
    "p50_latency_ms": 14.152534282539477,
    "p95_latency_ms": 17.690667853174347,
    "p99_latency_ms": 19.228986796928638,
    "throughput_rps": 520.0482014786788,
    "hit_rate": 0.0,
    "wasted_compute_ratio": 0.0,
    "reuse_attempts": 0,
    "reuse_successes": 0,
    "store_attempts": 32,
    "store_successes": 0,
    "requests_seen": 64,
    "reused_prefix_tokens_total": 0,
    "recompute_tokens_total": 10652
  }
}