{
  "greedy_prefix_cache": {
    "mean_latency_ms": 69.4850376580523,
    "p50_latency_ms": 63.92623464540812,
    "p95_latency_ms": 79.90779330676014,
    "p99_latency_ms": 86.85629707256538,
    "throughput_rps": 115.13270006946476,
    "hit_rate": 0.35,
    "wasted_compute_ratio": 0.0,
    "reuse_attempts": 32,
    "reuse_successes": 11,
    "store_attempts": 32,
    "store_successes": 11,
    "requests_seen": 64,
    "reused_prefix_tokens_total": 4928,
    "recompute_tokens_total": 5724
  }
}