{
  "shadow_kv_plus_lite": {
    "mean_latency_ms": 157.3302219668783,
    "p50_latency_ms": 144.74380420952804,
    "p95_latency_ms": 180.92975526191003,
    "p99_latency_ms": 196.66277745859787,
    "throughput_rps": 50.848463187728726,
    "hit_rate": 0.6,
    "wasted_compute_ratio": 0.0,
    "reuse_attempts": 32,
    "reuse_successes": 19,
    "store_attempts": 32,
    "store_successes": 19,
    "requests_seen": 64,
    "reused_prefix_tokens_total": 8448,
    "recompute_tokens_total": 2204
  }
}