{
  "shadow_kv": {
    "mean_latency_ms": 124.68812406240204,
    "p50_latency_ms": 114.71307413740988,
    "p95_latency_ms": 143.39134267176235,
    "p99_latency_ms": 155.86015507800255,
    "throughput_rps": 64.16007988055286,
    "hit_rate": 0.96875,
    "wasted_compute_ratio": 0.0,
    "reuse_attempts": 62,
    "reuse_successes": 62,
    "store_attempts": 32,
    "store_successes": 62,
    "requests_seen": 64,
    "reused_prefix_tokens_total": 13640,
    "recompute_tokens_total": -2988
  }
}