{
  "shadow_kv": {
    "mean_latency_ms": 289.3527495312185,
    "p50_latency_ms": 266.204529568721,
    "p95_latency_ms": 332.75566196090125,
    "p99_latency_ms": 361.6909369140231,
    "throughput_rps": 27.647914225666877,
    "hit_rate": 0.984375,
    "wasted_compute_ratio": 0.0,
    "reuse_attempts": 63,
    "reuse_successes": 63,
    "store_attempts": 32,
    "store_successes": 63,
    "requests_seen": 64,
    "reused_prefix_tokens_total": 13860,
    "recompute_tokens_total": -3208
  }
}