{
  "greedy_prefix_cache": {
    "mean_latency_ms": 209.9907854281283,
    "p50_latency_ms": 193.19152259387806,
    "p95_latency_ms": 241.48940324234752,
    "p99_latency_ms": 262.4884817851604,
    "throughput_rps": 38.09690974625212,
    "hit_rate": 0.6,
    "wasted_compute_ratio": 0.0,
    "reuse_attempts": 32,
    "reuse_successes": 19,
    "store_attempts": 32,
    "store_successes": 19,
    "requests_seen": 64,
    "reused_prefix_tokens_total": 8448,
    "recompute_tokens_total": 2204
  }
}