{
  "shadow_kv_plus_lite": {
    "mean_latency_ms": 347.75770062527926,
    "p50_latency_ms": 319.9370845752569,
    "p95_latency_ms": 399.92135571907113,
    "p99_latency_ms": 434.6971257815991,
    "throughput_rps": 23.004522935410918,
    "hit_rate": 0.6,
    "wasted_compute_ratio": 0.0,
    "reuse_attempts": 32,
    "reuse_successes": 19,
    "store_attempts": 32,
    "store_successes": 19,
    "requests_seen": 64,
    "reused_prefix_tokens_total": 8448,
    "recompute_tokens_total": 2204
  }
}