{
  "shadow_kv_plus": {
    "mean_latency_ms": 69.36109942196822,
    "p50_latency_ms": 63.81221146821076,
    "p95_latency_ms": 79.76526433526345,
    "p99_latency_ms": 86.70137427746027,
    "throughput_rps": 115.33842552481543,
    "hit_rate": 0.9672131147540983,
    "wasted_compute_ratio": 0.0,
    "reuse_attempts": 59,
    "reuse_successes": 62,
    "store_attempts": 32,
    "store_successes": 62,
    "requests_seen": 64,
    "reused_prefix_tokens_total": 13618,
    "recompute_tokens_total": -2966
  }
}