{
  "greedy_prefix_cache": {
    "mean_latency_ms": 93.72178793888884,
    "p50_latency_ms": 86.22404490377774,
    "p95_latency_ms": 107.78005612972215,
    "p99_latency_ms": 117.15223492361105,
    "throughput_rps": 85.35902030823813,
    "hit_rate": 0.35,
    "wasted_compute_ratio": 0.0,
    "reuse_attempts": 32,
    "reuse_successes": 11,
    "store_attempts": 32,
    "store_successes": 11,
    "requests_seen": 64,
    "reused_prefix_tokens_total": 4928,
    "recompute_tokens_total": 5724
  }
}