{
  "greedy_prefix_cache": {
    "mean_latency_ms": 23.23274501403261,
    "p50_latency_ms": 21.37412541291,
    "p95_latency_ms": 26.717656766137498,
    "p99_latency_ms": 29.040931267540763,
    "throughput_rps": 344.341574582254,
    "hit_rate": 0.35,
    "wasted_compute_ratio": 0.0,
    "reuse_attempts": 32,
    "reuse_successes": 11,
    "store_attempts": 32,
    "store_successes": 11,
    "requests_seen": 64,
    "reused_prefix_tokens_total": 4928,
    "recompute_tokens_total": 5724
  }
}