{
  "shadow_kv": {
    "mean_latency_ms": 69.30576734387728,
    "p50_latency_ms": 63.761305956367096,
    "p95_latency_ms": 79.70163244545887,
    "p99_latency_ms": 86.6322091798466,
    "throughput_rps": 115.43050898356078,
    "hit_rate": 0.90625,
    "wasted_compute_ratio": 0.0,
    "reuse_attempts": 58,
    "reuse_successes": 58,
    "store_attempts": 32,
    "store_successes": 58,
    "requests_seen": 64,
    "reused_prefix_tokens_total": 12760,
    "recompute_tokens_total": -2108
  }
}