{
  "reactive_prefix_cache": {
    "mean_latency_ms": 98.02826390270525,
    "p50_latency_ms": 90.18600279048883,
    "p95_latency_ms": 112.73250348811102,
    "p99_latency_ms": 122.53532987838156,
    "throughput_rps": 81.6091164068777,
    "hit_rate": 0.35,
    "wasted_compute_ratio": 0.003,
    "reuse_attempts": 32,
    "reuse_successes": 11,
    "store_attempts": 32,
    "store_successes": 11,
    "requests_seen": 64,
    "reused_prefix_tokens_total": 4928,
    "recompute_tokens_total": 5724
  }
}