{
  "shadow_kv_plus": {
    "mean_latency_ms": 136.70722137510438,
    "p50_latency_ms": 125.77064366509603,
    "p95_latency_ms": 157.21330458137004,
    "p99_latency_ms": 170.88402671888048,
    "throughput_rps": 58.51922026890726,
    "hit_rate": 0.984375,
    "wasted_compute_ratio": 0.0,
    "reuse_attempts": 63,
    "reuse_successes": 63,
    "store_attempts": 32,
    "store_successes": 63,
    "requests_seen": 64,
    "reused_prefix_tokens_total": 13860,
    "recompute_tokens_total": -3208
  }
}