{
  "no_cache": {
    "mean_latency_ms": 110.81907187505635,
    "p50_latency_ms": 101.95354612505184,
    "p95_latency_ms": 127.44193265631479,
    "p99_latency_ms": 138.52383984382044,
    "throughput_rps": 72.18974012902444,
    "hit_rate": 0.0,
    "wasted_compute_ratio": 0.0,
    "reuse_attempts": 0,
    "reuse_successes": 0,
    "store_attempts": 32,
    "store_successes": 0,
    "requests_seen": 64,
    "reused_prefix_tokens_total": 0,
    "recompute_tokens_total": 10652
  }
}