{
  "no_cache": {
    "mean_latency_ms": 132.11581315619014,
    "p50_latency_ms": 121.54654810369493,
    "p95_latency_ms": 151.93318512961866,
    "p99_latency_ms": 165.14476644523768,
    "throughput_rps": 60.55293313406949,
    "hit_rate": 0.0,
    "wasted_compute_ratio": 0.0,
    "reuse_attempts": 0,
    "reuse_successes": 0,
    "store_attempts": 32,
    "store_successes": 0,
    "requests_seen": 64,
    "reused_prefix_tokens_total": 0,
    "recompute_tokens_total": 10652
  }
}