{
  "reactive_prefix_cache": {
    "mean_latency_ms": 129.57696249998207,
    "p50_latency_ms": 119.21080549998351,
    "p95_latency_ms": 149.01350687497938,
    "p99_latency_ms": 161.9712031249776,
    "throughput_rps": 61.73936975873398,
    "hit_rate": 0.0,
    "wasted_compute_ratio": 0.108,
    "reuse_attempts": 32,
    "reuse_successes": 0,
    "store_attempts": 32,
    "store_successes": 0,
    "requests_seen": 64,
    "reused_prefix_tokens_total": 0,
    "recompute_tokens_total": 10652
  }
}