{
  "reactive_prefix_cache": {
    "mean_latency_ms": 18.012507517366,
    "p50_latency_ms": 16.57150691597672,
    "p95_latency_ms": 20.714383644970898,
    "p99_latency_ms": 22.5156343967075,
    "throughput_rps": 444.13583129873155,
    "hit_rate": 0.0,
    "wasted_compute_ratio": 0.108,
    "reuse_attempts": 32,
    "reuse_successes": 0,
    "store_attempts": 32,
    "store_successes": 0,
    "requests_seen": 64,
    "reused_prefix_tokens_total": 0,
    "recompute_tokens_total": 10652
  }
}