{
  "shadow_kv_plus_lite": {
    "mean_latency_ms": 77.10315700364009,
    "p50_latency_ms": 70.93490444334888,
    "p95_latency_ms": 88.6686305541861,
    "p99_latency_ms": 96.37894625455012,
    "throughput_rps": 103.75710036908495,
    "hit_rate": 0.6,
    "wasted_compute_ratio": 0.0,
    "reuse_attempts": 32,
    "reuse_successes": 19,
    "store_attempts": 32,
    "store_successes": 19,
    "requests_seen": 64,
    "reused_prefix_tokens_total": 8448,
    "recompute_tokens_total": 2204
  }
}