{
  "shadow_kv_plus": {
    "mean_latency_ms": 61.21740103111506,
    "p50_latency_ms": 56.320008948625855,
    "p95_latency_ms": 70.40001118578232,
    "p99_latency_ms": 76.52175128889382,
    "throughput_rps": 130.68179741792417,
    "hit_rate": 0.9833333333333333,
    "wasted_compute_ratio": 0.0,
    "reuse_attempts": 59,
    "reuse_successes": 63,
    "store_attempts": 32,
    "store_successes": 63,
    "requests_seen": 64,
    "reused_prefix_tokens_total": 13845,
    "recompute_tokens_total": -3193
  }
}