{
  "shadow_kv_plus": {
    "mean_latency_ms": 102.46119067176096,
    "p50_latency_ms": 94.26429541802008,
    "p95_latency_ms": 117.83036927252509,
    "p99_latency_ms": 128.0764883397012,
    "throughput_rps": 78.07834310288625,
    "hit_rate": 0.0,
    "wasted_compute_ratio": 0.0,
    "reuse_attempts": 0,
    "reuse_successes": 0,
    "store_attempts": 32,
    "store_successes": 0,
    "requests_seen": 64,
    "reused_prefix_tokens_total": 0,
    "recompute_tokens_total": 10652
  }
}