{
  "reactive_prefix_cache": {
    "mean_latency_ms": 24.46923769533785,
    "p50_latency_ms": 22.511698679710822,
    "p95_latency_ms": 28.139623349638523,
    "p99_latency_ms": 30.586547119172312,
    "throughput_rps": 326.9411209129841,
    "hit_rate": 0.35,
    "wasted_compute_ratio": 0.003,
    "reuse_attempts": 32,
    "reuse_successes": 11,
    "store_attempts": 32,
    "store_successes": 11,
    "requests_seen": 64,
    "reused_prefix_tokens_total": 4928,
    "recompute_tokens_total": 5724
  }
}