{
  "greedy_prefix_cache": {
    "mean_latency_ms": 42.98542116165263,
    "p50_latency_ms": 39.546587468720425,
    "p95_latency_ms": 49.43323433590052,
    "p99_latency_ms": 53.73177645206579,
    "throughput_rps": 186.109610742556,
    "hit_rate": 0.6,
    "wasted_compute_ratio": 0.0,
    "reuse_attempts": 32,
    "reuse_successes": 19,
    "store_attempts": 32,
    "store_successes": 19,
    "requests_seen": 64,
    "reused_prefix_tokens_total": 8448,
    "recompute_tokens_total": 2204
  }
}