{
  "strict_reactive_prefix_cache": {
    "mean_latency_ms": 23.381549915077336,
    "p50_latency_ms": 21.511025921871152,
    "p95_latency_ms": 26.888782402338936,
    "p99_latency_ms": 29.22693739384667,
    "throughput_rps": 342.15011532838065,
    "hit_rate": 0.6,
    "wasted_compute_ratio": 0.0,
    "reuse_attempts": 32,
    "reuse_successes": 19,
    "store_attempts": 32,
    "store_successes": 19,
    "requests_seen": 64,
    "reused_prefix_tokens_total": 8448,
    "recompute_tokens_total": 2204
  }
}