{
  "reactive_prefix_cache": {
    "mean_latency_ms": 266.2426356181736,
    "p50_latency_ms": 244.94322476871972,
    "p95_latency_ms": 306.17903096089964,
    "p99_latency_ms": 332.803294522717,
    "throughput_rps": 30.047779467872438,
    "hit_rate": 0.6,
    "wasted_compute_ratio": 0.0,
    "reuse_attempts": 32,
    "reuse_successes": 19,
    "store_attempts": 32,
    "store_successes": 19,
    "requests_seen": 64,
    "reused_prefix_tokens_total": 8448,
    "recompute_tokens_total": 2204
  }
}