{
  "greedy_prefix_cache": {
    "mean_latency_ms": 338.8278652916311,
    "p50_latency_ms": 311.7216360683006,
    "p95_latency_ms": 389.65204508537573,
    "p99_latency_ms": 423.53483161453886,
    "throughput_rps": 23.61080896671339,
    "hit_rate": 0.35,
    "wasted_compute_ratio": 0.0,
    "reuse_attempts": 32,
    "reuse_successes": 11,
    "store_attempts": 32,
    "store_successes": 11,
    "requests_seen": 64,
    "reused_prefix_tokens_total": 4928,
    "recompute_tokens_total": 5724
  }
}