{
  "no_cache": {
    "mean_latency_ms": 18.3519913124357,
    "p50_latency_ms": 16.883832007440844,
    "p95_latency_ms": 21.104790009301055,
    "p99_latency_ms": 22.939989140544625,
    "throughput_rps": 435.91999711655427,
    "hit_rate": 0.0,
    "wasted_compute_ratio": 0.0,
    "reuse_attempts": 0,
    "reuse_successes": 0,
    "store_attempts": 32,
    "store_successes": 0,
    "requests_seen": 64,
    "reused_prefix_tokens_total": 0,
    "recompute_tokens_total": 10652
  }
}