{
  "shadow_kv_plus_lite": {
    "mean_latency_ms": 44.877734414132675,
    "p50_latency_ms": 41.28751566100206,
    "p95_latency_ms": 51.60939457625257,
    "p99_latency_ms": 56.097168017665844,
    "throughput_rps": 178.2621182739715,
    "hit_rate": 0.0,
    "wasted_compute_ratio": 0.0,
    "reuse_attempts": 32,
    "reuse_successes": 0,
    "store_attempts": 32,
    "store_successes": 0,
    "requests_seen": 64,
    "reused_prefix_tokens_total": 0,
    "recompute_tokens_total": 10652
  }
}