{
  "shadow_kv_plus": {
    "mean_latency_ms": 20.07551360939175,
    "p50_latency_ms": 18.46947252064041,
    "p95_latency_ms": 23.086840650800507,
    "p99_latency_ms": 25.094392011739686,
    "throughput_rps": 398.49540866827095,
    "hit_rate": 0.984375,
    "wasted_compute_ratio": 0.0,
    "reuse_attempts": 63,
    "reuse_successes": 63,
    "store_attempts": 32,
    "store_successes": 63,
    "requests_seen": 64,
    "reused_prefix_tokens_total": 13860,
    "recompute_tokens_total": -3208
  }
}