{
  "shadow_kv_plus_lite": {
    "mean_latency_ms": 19.228986796928638,
    "p50_latency_ms": 17.690667853174347,
    "p95_latency_ms": 22.113334816467933,
    "p99_latency_ms": 24.036233496160797,
    "throughput_rps": 416.0385611829431,
    "hit_rate": 0.0,
    "wasted_compute_ratio": 0.0,
    "reuse_attempts": 32,
    "reuse_successes": 0,
    "store_attempts": 32,
    "store_successes": 0,
    "requests_seen": 64,
    "reused_prefix_tokens_total": 0,
    "recompute_tokens_total": 10652
  }
}