{
  "greedy_prefix_cache": {
    "mean_latency_ms": 99.02934028502841,
    "p50_latency_ms": 91.10699306222614,
    "p95_latency_ms": 113.88374132778266,
    "p99_latency_ms": 123.78667535628551,
    "throughput_rps": 80.78413909427474,
    "hit_rate": 0.6,
    "wasted_compute_ratio": 0.0,
    "reuse_attempts": 32,
    "reuse_successes": 19,
    "store_attempts": 32,
    "store_successes": 19,
    "requests_seen": 64,
    "reused_prefix_tokens_total": 8448,
    "recompute_tokens_total": 2204
  }
}