{
  "reactive_prefix_cache": {
    "mean_latency_ms": 58.849327534586685,
    "p50_latency_ms": 54.14138133181975,
    "p95_latency_ms": 67.67672666477468,
    "p99_latency_ms": 73.56165941823336,
    "throughput_rps": 135.94038088707595,
    "hit_rate": 0.0,
    "wasted_compute_ratio": 0.108,
    "reuse_attempts": 32,
    "reuse_successes": 0,
    "store_attempts": 32,
    "store_successes": 0,
    "requests_seen": 64,
    "reused_prefix_tokens_total": 0,
    "recompute_tokens_total": 10652
  }
}