{
  "shadow_kv": {
    "mean_latency_ms": 128.70828082809282,
    "p50_latency_ms": 118.4116183618454,
    "p95_latency_ms": 148.01452295230675,
    "p99_latency_ms": 160.88535103511603,
    "throughput_rps": 62.15606290853246,
    "hit_rate": 0.921875,
    "wasted_compute_ratio": 0.0,
    "reuse_attempts": 59,
    "reuse_successes": 59,
    "store_attempts": 32,
    "store_successes": 59,
    "requests_seen": 64,
    "reused_prefix_tokens_total": 12980,
    "recompute_tokens_total": -2328
  }
}