{
  "greedy_prefix_cache": {
    "mean_latency_ms": 115.02847493209569,
    "p50_latency_ms": 105.82619693752804,
    "p95_latency_ms": 132.28274617191002,
    "p99_latency_ms": 143.78559366511962,
    "throughput_rps": 69.5479967436116,
    "hit_rate": 0.6,
    "wasted_compute_ratio": 0.0,
    "reuse_attempts": 32,
    "reuse_successes": 19,
    "store_attempts": 32,
    "store_successes": 19,
    "requests_seen": 64,
    "reused_prefix_tokens_total": 8448,
    "recompute_tokens_total": 2204
  }
}