{
  "shadow_kv_plus": {
    "mean_latency_ms": 105.82619693752804,
    "p50_latency_ms": 97.3601011825258,
    "p95_latency_ms": 121.70012647815723,
    "p99_latency_ms": 132.28274617191005,
    "throughput_rps": 75.59564863436043,
    "hit_rate": 0.984375,
    "wasted_compute_ratio": 0.0,
    "reuse_attempts": 63,
    "reuse_successes": 63,
    "store_attempts": 32,
    "store_successes": 63,
    "requests_seen": 64,
    "reused_prefix_tokens_total": 13860,
    "recompute_tokens_total": -3208
  }
}