{
  "no_cache": {
    "mean_latency_ms": 103.02339474995392,
    "p50_latency_ms": 94.78152316995761,
    "p95_latency_ms": 118.476903962447,
    "p99_latency_ms": 128.7792434374424,
    "throughput_rps": 77.65226548219115,
    "hit_rate": 0.0,
    "wasted_compute_ratio": 0.0,
    "reuse_attempts": 0,
    "reuse_successes": 0,
    "store_attempts": 32,
    "store_successes": 0,
    "requests_seen": 64,
    "reused_prefix_tokens_total": 0,
    "recompute_tokens_total": 10652
  }
}