{
  "shadow_kv_plus": {
    "mean_latency_ms": 301.55680010955166,
    "p50_latency_ms": 277.4322561007875,
    "p95_latency_ms": 346.7903201259844,
    "p99_latency_ms": 376.9460001369396,
    "throughput_rps": 26.528998839003812,
    "hit_rate": 0.0,
    "wasted_compute_ratio": 0.0,
    "reuse_attempts": 60,
    "reuse_successes": 0,
    "store_attempts": 32,
    "store_successes": 0,
    "requests_seen": 64,
    "reused_prefix_tokens_total": 0,
    "recompute_tokens_total": 10652
  }
}