{
  "strict_reactive_prefix_cache": {
    "mean_latency_ms": 57.249161909677724,
    "p50_latency_ms": 52.66922895690351,
    "p95_latency_ms": 65.83653619612937,
    "p99_latency_ms": 71.56145238709715,
    "throughput_rps": 139.74003693925928,
    "hit_rate": 0.35,
    "wasted_compute_ratio": 0.0,
    "reuse_attempts": 32,
    "reuse_successes": 11,
    "store_attempts": 32,
    "store_successes": 11,
    "requests_seen": 64,
    "reused_prefix_tokens_total": 4928,
    "recompute_tokens_total": 5724
  }
}