{
  "no_cache": {
    "mean_latency_ms": 19.7992122188424,
    "p50_latency_ms": 18.215275241335007,
    "p95_latency_ms": 22.76909405166876,
    "p99_latency_ms": 24.749015273553,
    "throughput_rps": 404.0564802061471,
    "hit_rate": 0.0,
    "wasted_compute_ratio": 0.0,
    "reuse_attempts": 0,
    "reuse_successes": 0,
    "store_attempts": 32,
    "store_successes": 0,
    "requests_seen": 64,
    "reused_prefix_tokens_total": 0,
    "recompute_tokens_total": 10652
  }
}