{
  "no_cache": {
    "mean_latency_ms": 18.47412970311524,
    "p50_latency_ms": 16.99619932686602,
    "p95_latency_ms": 21.245249158582524,
    "p99_latency_ms": 23.092662128894048,
    "throughput_rps": 433.03799034446445,
    "hit_rate": 0.0,
    "wasted_compute_ratio": 0.0,
    "reuse_attempts": 0,
    "reuse_successes": 0,
    "store_attempts": 32,
    "store_successes": 0,
    "requests_seen": 64,
    "reused_prefix_tokens_total": 0,
    "recompute_tokens_total": 10652
  }
}