{
  "reactive_prefix_cache": {
    "mean_latency_ms": 72.58462185745884,
    "p50_latency_ms": 66.77785210886213,
    "p95_latency_ms": 83.47231513607767,
    "p99_latency_ms": 90.73077732182355,
    "throughput_rps": 110.21618347355094,
    "hit_rate": 0.0,
    "wasted_compute_ratio": 0.108,
    "reuse_attempts": 32,
    "reuse_successes": 0,
    "store_attempts": 32,
    "store_successes": 0,
    "requests_seen": 64,
    "reused_prefix_tokens_total": 0,
    "recompute_tokens_total": 10652
  }
}