{
  "strict_reactive_prefix_cache": {
    "mean_latency_ms": 53.247788860802004,
    "p50_latency_ms": 48.98796575193784,
    "p95_latency_ms": 61.2349571899223,
    "p99_latency_ms": 66.55973607600251,
    "throughput_rps": 150.24098035156433,
    "hit_rate": 0.0,
    "wasted_compute_ratio": 0.035,
    "reuse_attempts": 32,
    "reuse_successes": 0,
    "store_attempts": 32,
    "store_successes": 0,
    "requests_seen": 64,
    "reused_prefix_tokens_total": 0,
    "recompute_tokens_total": 10652
  }
}