{
  "shadow_kv_plus_lite": {
    "mean_latency_ms": 20.894533925770453,
    "p50_latency_ms": 19.222971211708817,
    "p95_latency_ms": 24.02871401463602,
    "p99_latency_ms": 26.118167407213065,
    "throughput_rps": 382.87525476378926,
    "hit_rate": 0.0,
    "wasted_compute_ratio": 0.0,
    "reuse_attempts": 32,
    "reuse_successes": 0,
    "store_attempts": 32,
    "store_successes": 0,
    "requests_seen": 64,
    "reused_prefix_tokens_total": 0,
    "recompute_tokens_total": 10652
  }
}