{
  "reactive_prefix_cache": {
    "mean_latency_ms": 24.444347638489944,
    "p50_latency_ms": 22.488799827410748,
    "p95_latency_ms": 28.110999784263434,
    "p99_latency_ms": 30.55543454811243,
    "throughput_rps": 327.2740233575815,
    "hit_rate": 0.6,
    "wasted_compute_ratio": 0.0,
    "reuse_attempts": 32,
    "reuse_successes": 19,
    "store_attempts": 32,
    "store_successes": 19,
    "requests_seen": 64,
    "reused_prefix_tokens_total": 8448,
    "recompute_tokens_total": 2204
  }
}