{
  "no_cache": {
    "mean_latency_ms": 234.53132050022418,
    "p50_latency_ms": 215.76881486020625,
    "p95_latency_ms": 269.7110185752578,
    "p99_latency_ms": 293.16415062528023,
    "throughput_rps": 34.11058268438118,
    "hit_rate": 0.0,
    "wasted_compute_ratio": 0.0,
    "reuse_attempts": 0,
    "reuse_successes": 0,
    "store_attempts": 32,
    "store_successes": 0,
    "requests_seen": 64,
    "reused_prefix_tokens_total": 0,
    "recompute_tokens_total": 10652
  }
}