{
  "shadow_kv_plus": {
    "mean_latency_ms": 22.377550390586975,
    "p50_latency_ms": 20.587346359340017,
    "p95_latency_ms": 25.73418294917502,
    "p99_latency_ms": 27.97193798823372,
    "throughput_rps": 357.50115005283004,
    "hit_rate": 0.984375,
    "wasted_compute_ratio": 0.0,
    "reuse_attempts": 63,
    "reuse_successes": 63,
    "store_attempts": 32,
    "store_successes": 63,
    "requests_seen": 64,
    "reused_prefix_tokens_total": 13860,
    "recompute_tokens_total": -3208
  }
}