{
  "reactive_prefix_cache": {
    "mean_latency_ms": 18.92763381945094,
    "p50_latency_ms": 17.413423113894865,
    "p95_latency_ms": 21.766778892368578,
    "p99_latency_ms": 23.659542274313672,
    "throughput_rps": 422.66244562375346,
    "hit_rate": 0.0,
    "wasted_compute_ratio": 0.108,
    "reuse_attempts": 32,
    "reuse_successes": 0,
    "store_attempts": 32,
    "store_successes": 0,
    "requests_seen": 64,
    "reused_prefix_tokens_total": 0,
    "recompute_tokens_total": 10652
  }
}