{
  "strict_reactive_prefix_cache": {
    "mean_latency_ms": 59.21884499323661,
    "p50_latency_ms": 54.48133739377768,
    "p95_latency_ms": 68.1016717422221,
    "p99_latency_ms": 74.02355624154576,
    "throughput_rps": 135.09213158266903,
    "hit_rate": 0.0,
    "wasted_compute_ratio": 0.035,
    "reuse_attempts": 32,
    "reuse_successes": 0,
    "store_attempts": 32,
    "store_successes": 0,
    "requests_seen": 64,
    "reused_prefix_tokens_total": 0,
    "recompute_tokens_total": 10652
  }
}