{
  "strict_reactive_prefix_cache": {
    "mean_latency_ms": 22.52159664926978,
    "p50_latency_ms": 20.7198689173282,
    "p95_latency_ms": 25.899836146660245,
    "p99_latency_ms": 28.151995811587227,
    "throughput_rps": 355.2146024362524,
    "hit_rate": 0.35,
    "wasted_compute_ratio": 0.0,
    "reuse_attempts": 32,
    "reuse_successes": 11,
    "store_attempts": 32,
    "store_successes": 11,
    "requests_seen": 64,
    "reused_prefix_tokens_total": 4928,
    "recompute_tokens_total": 5724
  }
}