{
  "reactive_prefix_cache": {
    "mean_latency_ms": 170.1705978818858,
    "p50_latency_ms": 156.55695005133495,
    "p95_latency_ms": 195.69618756416867,
    "p99_latency_ms": 212.71324735235726,
    "throughput_rps": 47.01164654514961,
    "hit_rate": 0.0,
    "wasted_compute_ratio": 0.108,
    "reuse_attempts": 32,
    "reuse_successes": 0,
    "store_attempts": 32,
    "store_successes": 0,
    "requests_seen": 64,
    "reused_prefix_tokens_total": 0,
    "recompute_tokens_total": 10652
  }
}