{
  "greedy_prefix_cache": {
    "mean_latency_ms": 60.87861469095175,
    "p50_latency_ms": 56.008325515675615,
    "p95_latency_ms": 70.01040689459451,
    "p99_latency_ms": 76.09826836368968,
    "throughput_rps": 131.40903485750673,
    "hit_rate": 0.0,
    "wasted_compute_ratio": 0.0,
    "reuse_attempts": 32,
    "reuse_successes": 0,
    "store_attempts": 32,
    "store_successes": 0,
    "requests_seen": 64,
    "reused_prefix_tokens_total": 0,
    "recompute_tokens_total": 10652
  }
}