{
  "no_cache": {
    "mean_latency_ms": 117.05926462471439,
    "p50_latency_ms": 107.69452345473724,
    "p95_latency_ms": 134.61815431842155,
    "p99_latency_ms": 146.32408078089298,
    "throughput_rps": 68.34145102181841,
    "hit_rate": 0.0,
    "wasted_compute_ratio": 0.0,
    "reuse_attempts": 0,
    "reuse_successes": 0,
    "store_attempts": 32,
    "store_successes": 0,
    "requests_seen": 64,
    "reused_prefix_tokens_total": 0,
    "recompute_tokens_total": 10652
  }
}