{
  "reactive_prefix_cache": {
    "mean_latency_ms": 21.98138586807137,
    "p50_latency_ms": 20.222874998625663,
    "p95_latency_ms": 25.278593748282074,
    "p99_latency_ms": 27.476732335089213,
    "throughput_rps": 363.94429577892276,
    "hit_rate": 0.0,
    "wasted_compute_ratio": 0.108,
    "reuse_attempts": 32,
    "reuse_successes": 0,
    "store_attempts": 32,
    "store_successes": 0,
    "requests_seen": 64,
    "reused_prefix_tokens_total": 0,
    "recompute_tokens_total": 10652
  }
}