{
  "strict_reactive_prefix_cache": {
    "mean_latency_ms": 70.2431824427021,
    "p50_latency_ms": 64.62372784728593,
    "p95_latency_ms": 80.77965980910741,
    "p99_latency_ms": 87.80397805337763,
    "throughput_rps": 113.89005625600264,
    "hit_rate": 0.0,
    "wasted_compute_ratio": 0.035,
    "reuse_attempts": 32,
    "reuse_successes": 0,
    "store_attempts": 32,
    "store_successes": 0,
    "requests_seen": 64,
    "reused_prefix_tokens_total": 0,
    "recompute_tokens_total": 10652
  }
}