{
  "shadow_kv_plus": {
    "mean_latency_ms": 21.44651460937297,
    "p50_latency_ms": 19.73079344062313,
    "p95_latency_ms": 24.66349180077891,
    "p99_latency_ms": 26.80814326171621,
    "throughput_rps": 373.02098479459625,
    "hit_rate": 0.0,
    "wasted_compute_ratio": 0.0,
    "reuse_attempts": 60,
    "reuse_successes": 0,
    "store_attempts": 32,
    "store_successes": 0,
    "requests_seen": 64,
    "reused_prefix_tokens_total": 0,
    "recompute_tokens_total": 10652
  }
}