{
  "greedy_prefix_cache": {
    "mean_latency_ms": 79.84555244026494,
    "p50_latency_ms": 73.45790824504375,
    "p95_latency_ms": 91.82238530630467,
    "p99_latency_ms": 99.80694055033118,
    "throughput_rps": 100.19343289014202,
    "hit_rate": 0.35,
    "wasted_compute_ratio": 0.0,
    "reuse_attempts": 32,
    "reuse_successes": 11,
    "store_attempts": 32,
    "store_successes": 11,
    "requests_seen": 64,
    "reused_prefix_tokens_total": 4928,
    "recompute_tokens_total": 5724
  }
}