{
  "strict_reactive_prefix_cache": {
    "mean_latency_ms": 95.92561983687321,
    "p50_latency_ms": 88.25157024992336,
    "p95_latency_ms": 110.31446281240419,
    "p99_latency_ms": 119.90702479609152,
    "throughput_rps": 83.39794951134472,
    "hit_rate": 0.6,
    "wasted_compute_ratio": 0.0,
    "reuse_attempts": 32,
    "reuse_successes": 19,
    "store_attempts": 32,
    "store_successes": 19,
    "requests_seen": 64,
    "reused_prefix_tokens_total": 8448,
    "recompute_tokens_total": 2204
  }
}