{
  "shadow_kv": {
    "mean_latency_ms": 136.96896101556888,
    "p50_latency_ms": 126.01144413432337,
    "p95_latency_ms": 157.5143051679042,
    "p99_latency_ms": 171.2112012694611,
    "throughput_rps": 58.407393475742744,
    "hit_rate": 0.90625,
    "wasted_compute_ratio": 0.0,
    "reuse_attempts": 58,
    "reuse_successes": 58,
    "store_attempts": 32,
    "store_successes": 58,
    "requests_seen": 64,
    "reused_prefix_tokens_total": 12760,
    "recompute_tokens_total": -2108
  }
}