{
  "no_cache": {
    "mean_latency_ms": 14.119737531267162,
    "p50_latency_ms": 12.99015852876579,
    "p95_latency_ms": 16.237698160957237,
    "p99_latency_ms": 17.649671914083953,
    "throughput_rps": 566.5827698485588,
    "hit_rate": 0.0,
    "wasted_compute_ratio": 0.0,
    "reuse_attempts": 0,
    "reuse_successes": 0,
    "store_attempts": 32,
    "store_successes": 0,
    "requests_seen": 64,
    "reused_prefix_tokens_total": 0,
    "recompute_tokens_total": 10652
  }
}