{
  "strict_reactive_prefix_cache": {
    "mean_latency_ms": 59.7466697397427,
    "p50_latency_ms": 54.966936160563286,
    "p95_latency_ms": 68.7086702007041,
    "p99_latency_ms": 74.68333717467837,
    "throughput_rps": 133.89867644252152,
    "hit_rate": 0.35,
    "wasted_compute_ratio": 0.0,
    "reuse_attempts": 32,
    "reuse_successes": 11,
    "store_attempts": 32,
    "store_successes": 11,
    "requests_seen": 64,
    "reused_prefix_tokens_total": 4928,
    "recompute_tokens_total": 5724
  }
}