{
  "shadow_kv": {
    "mean_latency_ms": 123.95747268745794,
    "p50_latency_ms": 114.0408748724613,
    "p95_latency_ms": 142.5510935905766,
    "p99_latency_ms": 154.94684085932244,
    "throughput_rps": 64.53826321686086,
    "hit_rate": 0.0,
    "wasted_compute_ratio": 1.0,
    "reuse_attempts": 62,
    "reuse_successes": 0,
    "store_attempts": 32,
    "store_successes": 0,
    "requests_seen": 64,
    "reused_prefix_tokens_total": 0,
    "recompute_tokens_total": 10652
  }
}