{
  "shadow_kv_plus_lite": {
    "mean_latency_ms": 145.50017349440816,
    "p50_latency_ms": 133.86015961485552,
    "p95_latency_ms": 167.32519951856938,
    "p99_latency_ms": 181.8752168680102,
    "throughput_rps": 54.9827523079033,
    "hit_rate": 0.35,
    "wasted_compute_ratio": 0.0,
    "reuse_attempts": 32,
    "reuse_successes": 11,
    "store_attempts": 32,
    "store_successes": 11,
    "requests_seen": 64,
    "reused_prefix_tokens_total": 4928,
    "recompute_tokens_total": 5724
  }
}