{
  "greedy_prefix_cache": {
    "mean_latency_ms": 23.817038038785327,
    "p50_latency_ms": 21.911674995682503,
    "p95_latency_ms": 27.389593744603125,
    "p99_latency_ms": 29.77129754848166,
    "throughput_rps": 335.893992652329,
    "hit_rate": 0.0,
    "wasted_compute_ratio": 0.0,
    "reuse_attempts": 32,
    "reuse_successes": 0,
    "store_attempts": 32,
    "store_successes": 0,
    "requests_seen": 64,
    "reused_prefix_tokens_total": 0,
    "recompute_tokens_total": 10652
  }
}