{
  "no_cache": {
    "mean_latency_ms": 52.39192987474439,
    "p50_latency_ms": 48.20057548476484,
    "p95_latency_ms": 60.25071935595604,
    "p99_latency_ms": 65.48991234343049,
    "throughput_rps": 152.69527232774092,
    "hit_rate": 0.0,
    "wasted_compute_ratio": 0.0,
    "reuse_attempts": 0,
    "reuse_successes": 0,
    "store_attempts": 32,
    "store_successes": 0,
    "requests_seen": 64,
    "reused_prefix_tokens_total": 0,
    "recompute_tokens_total": 10652
  }
}