{
  "strict_reactive_prefix_cache": {
    "mean_latency_ms": 112.36655971118893,
    "p50_latency_ms": 103.37723493429382,
    "p95_latency_ms": 129.22154366786725,
    "p99_latency_ms": 140.45819963898617,
    "throughput_rps": 71.19555871926724,
    "hit_rate": 0.0,
    "wasted_compute_ratio": 0.035,
    "reuse_attempts": 32,
    "reuse_successes": 0,
    "store_attempts": 32,
    "store_successes": 0,
    "requests_seen": 64,
    "reused_prefix_tokens_total": 0,
    "recompute_tokens_total": 10652
  }
}