{
  "shadow_kv_plus": {
    "mean_latency_ms": 83.41239126561106,
    "p50_latency_ms": 76.73939996436218,
    "p95_latency_ms": 95.92424995545271,
    "p99_latency_ms": 104.26548908201383,
    "throughput_rps": 95.90901158229003,
    "hit_rate": 0.0,
    "wasted_compute_ratio": 0.0,
    "reuse_attempts": 60,
    "reuse_successes": 0,
    "store_attempts": 32,
    "store_successes": 0,
    "requests_seen": 64,
    "reused_prefix_tokens_total": 0,
    "recompute_tokens_total": 10652
  }
}