{
  "strict_reactive_prefix_cache": {
    "mean_latency_ms": 22.642978515610338,
    "p50_latency_ms": 20.831540234361512,
    "p95_latency_ms": 26.039425292951886,
    "p99_latency_ms": 28.303723144512922,
    "throughput_rps": 353.31040898549213,
    "hit_rate": 0.6,
    "wasted_compute_ratio": 0.0,
    "reuse_attempts": 32,
    "reuse_successes": 19,
    "store_attempts": 32,
    "store_successes": 19,
    "requests_seen": 64,
    "reused_prefix_tokens_total": 8448,
    "recompute_tokens_total": 2204
  }
}