{
  "no_cache": {
    "mean_latency_ms": 106.91086960915186,
    "p50_latency_ms": 98.35800004041971,
    "p95_latency_ms": 122.94750005052462,
    "p99_latency_ms": 133.63858701143982,
    "throughput_rps": 74.82868701046633,
    "hit_rate": 0.0,
    "wasted_compute_ratio": 0.0,
    "reuse_attempts": 0,
    "reuse_successes": 0,
    "store_attempts": 32,
    "store_successes": 0,
    "requests_seen": 64,
    "reused_prefix_tokens_total": 0,
    "recompute_tokens_total": 10652
  }
}