{
  "shadow_kv": {
    "mean_latency_ms": 17.13843703124951,
    "p50_latency_ms": 15.767362068749549,
    "p95_latency_ms": 19.709202585936936,
    "p99_latency_ms": 21.423046289061887,
    "throughput_rps": 466.7870229597445,
    "hit_rate": 0.875,
    "wasted_compute_ratio": 0.0,
    "reuse_attempts": 56,
    "reuse_successes": 56,
    "store_attempts": 32,
    "store_successes": 56,
    "requests_seen": 64,
    "reused_prefix_tokens_total": 12320,
    "recompute_tokens_total": -1668
  }
}