{
  "strict_reactive_prefix_cache": {
    "mean_latency_ms": 58.87076640623968,
    "p50_latency_ms": 54.16110509374051,
    "p95_latency_ms": 67.70138136717563,
    "p99_latency_ms": 73.5884580077996,
    "throughput_rps": 135.89087569874212,
    "hit_rate": 0.6,
    "wasted_compute_ratio": 0.0,
    "reuse_attempts": 32,
    "reuse_successes": 19,
    "store_attempts": 32,
    "store_successes": 19,
    "requests_seen": 64,
    "reused_prefix_tokens_total": 8448,
    "recompute_tokens_total": 2204
  }
}