{
  "shadow_kv_plus": {
    "mean_latency_ms": 18.350027500005694,
    "p50_latency_ms": 16.88202530000524,
    "p95_latency_ms": 21.10253162500655,
    "p99_latency_ms": 22.937534375007118,
    "throughput_rps": 435.96664909616715,
    "hit_rate": 0.0,
    "wasted_compute_ratio": 0.0,
    "reuse_attempts": 60,
    "reuse_successes": 0,
    "store_attempts": 32,
    "store_successes": 0,
    "requests_seen": 64,
    "reused_prefix_tokens_total": 0,
    "recompute_tokens_total": 10652
  }
}