{
  "reactive_prefix_cache": {
    "mean_latency_ms": 134.6659103647596,
    "p50_latency_ms": 123.89263753557884,
    "p95_latency_ms": 154.86579691947355,
    "p99_latency_ms": 168.3323879559495,
    "throughput_rps": 59.40627422583036,
    "hit_rate": 0.0,
    "wasted_compute_ratio": 0.108,
    "reuse_attempts": 32,
    "reuse_successes": 0,
    "store_attempts": 32,
    "store_successes": 0,
    "requests_seen": 64,
    "reused_prefix_tokens_total": 0,
    "recompute_tokens_total": 10652
  }
}