{
  "strict_reactive_prefix_cache": {
    "mean_latency_ms": 148.59480584250474,
    "p50_latency_ms": 136.70722137510435,
    "p95_latency_ms": 170.88402671888045,
    "p99_latency_ms": 185.7435073031309,
    "throughput_rps": 53.837682647394686,
    "hit_rate": 0.6,
    "wasted_compute_ratio": 0.0,
    "reuse_attempts": 32,
    "reuse_successes": 19,
    "store_attempts": 32,
    "store_successes": 19,
    "requests_seen": 64,
    "reused_prefix_tokens_total": 8448,
    "recompute_tokens_total": 2204
  }
}