{
  "shadow_kv": {
    "mean_latency_ms": 59.59392864065194,
    "p50_latency_ms": 54.82641434939978,
    "p95_latency_ms": 68.53301793674973,
    "p99_latency_ms": 74.49241080081492,
    "throughput_rps": 134.2418629293523,
    "hit_rate": 0.96875,
    "wasted_compute_ratio": 1.0,
    "reuse_attempts": 62,
    "reuse_successes": 62,
    "store_attempts": 32,
    "store_successes": 62,
    "requests_seen": 64,
    "reused_prefix_tokens_total": 13640,
    "recompute_tokens_total": -2988
  }
}