{
  "shadow_kv_plus_lite": {
    "mean_latency_ms": 83.44264629138169,
    "p50_latency_ms": 76.76723458807116,
    "p95_latency_ms": 95.95904323508894,
    "p99_latency_ms": 104.30330786422712,
    "throughput_rps": 95.87423644336498,
    "hit_rate": 0.35,
    "wasted_compute_ratio": 0.0,
    "reuse_attempts": 32,
    "reuse_successes": 11,
    "store_attempts": 32,
    "store_successes": 11,
    "requests_seen": 64,
    "reused_prefix_tokens_total": 4928,
    "recompute_tokens_total": 5724
  }
}