{
  "no_cache": {
    "mean_latency_ms": 123.37169603136999,
    "p50_latency_ms": 113.5019603488604,
    "p95_latency_ms": 141.8774504360755,
    "p99_latency_ms": 154.2146200392125,
    "throughput_rps": 64.84469499362173,
    "hit_rate": 0.0,
    "wasted_compute_ratio": 0.0,
    "reuse_attempts": 0,
    "reuse_successes": 0,
    "store_attempts": 32,
    "store_successes": 0,
    "requests_seen": 64,
    "reused_prefix_tokens_total": 0,
    "recompute_tokens_total": 10652
  }
}