{
  "no_cache": {
    "mean_latency_ms": 17.918878999985566,
    "p50_latency_ms": 16.48536867998672,
    "p95_latency_ms": 20.6067108499834,
    "p99_latency_ms": 22.398598749981957,
    "throughput_rps": 446.45649987404033,
    "hit_rate": 0.0,
    "wasted_compute_ratio": 0.0,
    "reuse_attempts": 0,
    "reuse_successes": 0,
    "store_attempts": 32,
    "store_successes": 0,
    "requests_seen": 64,
    "reused_prefix_tokens_total": 0,
    "recompute_tokens_total": 10652
  }
}