{
  "greedy_prefix_cache": {
    "mean_latency_ms": 52.476209249259576,
    "p50_latency_ms": 48.27811250931881,
    "p95_latency_ms": 60.34764063664851,
    "p99_latency_ms": 65.59526156157447,
    "throughput_rps": 152.45003620593798,
    "hit_rate": 0.0,
    "wasted_compute_ratio": 0.0,
    "reuse_attempts": 32,
    "reuse_successes": 0,
    "store_attempts": 32,
    "store_successes": 0,
    "requests_seen": 64,
    "reused_prefix_tokens_total": 0,
    "recompute_tokens_total": 10652
  }
}