{
  "reactive_prefix_cache": {
    "mean_latency_ms": 84.24643213766296,
    "p50_latency_ms": 77.50671756664993,
    "p95_latency_ms": 96.8833969583124,
    "p99_latency_ms": 105.3080401720787,
    "throughput_rps": 94.95951100846138,
    "hit_rate": 0.6,
    "wasted_compute_ratio": 0.0,
    "reuse_attempts": 32,
    "reuse_successes": 19,
    "store_attempts": 32,
    "store_successes": 19,
    "requests_seen": 64,
    "reused_prefix_tokens_total": 8448,
    "recompute_tokens_total": 2204
  }
}