{
  "shadow_kv_plus_lite": {
    "mean_latency_ms": 103.81479073805075,
    "p50_latency_ms": 95.50960747900669,
    "p95_latency_ms": 119.38700934875835,
    "p99_latency_ms": 129.76848842256342,
    "throughput_rps": 77.06031041555428,
    "hit_rate": 0.35,
    "wasted_compute_ratio": 0.0,
    "reuse_attempts": 32,
    "reuse_successes": 11,
    "store_attempts": 32,
    "store_successes": 11,
    "requests_seen": 64,
    "reused_prefix_tokens_total": 4928,
    "recompute_tokens_total": 5724
  }
}