{
  "shadow_kv_plus_lite": {
    "mean_latency_ms": 287.25932640629276,
    "p50_latency_ms": 264.27858029378933,
    "p95_latency_ms": 330.34822536723664,
    "p99_latency_ms": 359.07415800786595,
    "throughput_rps": 27.8494004009638,
    "hit_rate": 0.0,
    "wasted_compute_ratio": 0.0,
    "reuse_attempts": 32,
    "reuse_successes": 0,
    "store_attempts": 32,
    "store_successes": 0,
    "requests_seen": 64,
    "reused_prefix_tokens_total": 0,
    "recompute_tokens_total": 10652
  }
}