{
  "reactive_prefix_cache": {
    "mean_latency_ms": 22.25341855465695,
    "p50_latency_ms": 20.473145070284396,
    "p95_latency_ms": 25.59143133785549,
    "p99_latency_ms": 27.816773193321186,
    "throughput_rps": 359.4953278909073,
    "hit_rate": 0.6,
    "wasted_compute_ratio": 0.0,
    "reuse_attempts": 32,
    "reuse_successes": 19,
    "store_attempts": 32,
    "store_successes": 19,
    "requests_seen": 64,
    "reused_prefix_tokens_total": 8448,
    "recompute_tokens_total": 2204
  }
}