{
  "shadow_kv_plus_lite": {
    "mean_latency_ms": 21.55431628905191,
    "p50_latency_ms": 19.82997098592776,
    "p95_latency_ms": 24.787463732409694,
    "p99_latency_ms": 26.94289536131489,
    "throughput_rps": 371.1553589878164,
    "hit_rate": 0.0,
    "wasted_compute_ratio": 0.0,
    "reuse_attempts": 32,
    "reuse_successes": 0,
    "store_attempts": 32,
    "store_successes": 0,
    "requests_seen": 64,
    "reused_prefix_tokens_total": 0,
    "recompute_tokens_total": 10652
  }
}