{
  "shadow_kv_plus": {
    "mean_latency_ms": 81.57762109379973,
    "p50_latency_ms": 75.05141140629576,
    "p95_latency_ms": 93.81426425786968,
    "p99_latency_ms": 101.97202636724967,
    "throughput_rps": 98.06611044469444,
    "hit_rate": 0.967741935483871,
    "wasted_compute_ratio": 0.0,
    "reuse_attempts": 60,
    "reuse_successes": 62,
    "store_attempts": 32,
    "store_successes": 62,
    "requests_seen": 64,
    "reused_prefix_tokens_total": 13625,
    "recompute_tokens_total": -2973
  }
}