{
  "shadow_kv_plus_lite": {
    "mean_latency_ms": 177.9379458821495,
    "p50_latency_ms": 163.70291021157755,
    "p95_latency_ms": 204.6286377644719,
    "p99_latency_ms": 222.42243235268688,
    "throughput_rps": 44.95949394233481,
    "hit_rate": 0.6,
    "wasted_compute_ratio": 0.0,
    "reuse_attempts": 32,
    "reuse_successes": 19,
    "store_attempts": 32,
    "store_successes": 19,
    "requests_seen": 64,
    "reused_prefix_tokens_total": 8448,
    "recompute_tokens_total": 2204
  }
}