{
  "shadow_kv": {
    "mean_latency_ms": 337.69232987481246,
    "p50_latency_ms": 310.67694348482746,
    "p95_latency_ms": 388.34617935603427,
    "p99_latency_ms": 422.1154123435156,
    "throughput_rps": 23.69020345521534,
    "hit_rate": 0.0,
    "wasted_compute_ratio": 1.0,
    "reuse_attempts": 62,
    "reuse_successes": 0,
    "store_attempts": 32,
    "store_successes": 0,
    "requests_seen": 64,
    "reused_prefix_tokens_total": 0,
    "recompute_tokens_total": 10652
  }
}