{
  "reactive_prefix_cache": {
    "mean_latency_ms": 152.26562780533794,
    "p50_latency_ms": 140.0843775809109,
    "p95_latency_ms": 175.10547197613863,
    "p99_latency_ms": 190.33203475667244,
    "throughput_rps": 52.53976301353775,
    "hit_rate": 0.6,
    "wasted_compute_ratio": 0.0,
    "reuse_attempts": 32,
    "reuse_successes": 19,
    "store_attempts": 32,
    "store_successes": 19,
    "requests_seen": 64,
    "reused_prefix_tokens_total": 8448,
    "recompute_tokens_total": 2204
  }
}