{
  "greedy_prefix_cache": {
    "mean_latency_ms": 56.54803675270931,
    "p50_latency_ms": 52.02419381249256,
    "p95_latency_ms": 65.0302422656157,
    "p99_latency_ms": 70.68504594088664,
    "throughput_rps": 141.47263918259208,
    "hit_rate": 0.6,
    "wasted_compute_ratio": 0.0,
    "reuse_attempts": 32,
    "reuse_successes": 19,
    "store_attempts": 32,
    "store_successes": 19,
    "requests_seen": 64,
    "reused_prefix_tokens_total": 8448,
    "recompute_tokens_total": 2204
  }
}