{
  "greedy_prefix_cache": {
    "mean_latency_ms": 67.99859820401431,
    "p50_latency_ms": 62.55871034769317,
    "p95_latency_ms": 78.19838793461645,
    "p99_latency_ms": 84.9982477550179,
    "throughput_rps": 117.64948412609655,
    "hit_rate": 0.0,
    "wasted_compute_ratio": 0.0,
    "reuse_attempts": 32,
    "reuse_successes": 0,
    "store_attempts": 32,
    "store_successes": 0,
    "requests_seen": 64,
    "reused_prefix_tokens_total": 0,
    "recompute_tokens_total": 10652
  }
}