{
  "no_cache": {
    "mean_latency_ms": 15.913349906256258,
    "p50_latency_ms": 14.640281913755757,
    "p95_latency_ms": 18.300352392194696,
    "p99_latency_ms": 19.891687382820322,
    "throughput_rps": 502.7225598084058,
    "hit_rate": 0.0,
    "wasted_compute_ratio": 0.0,
    "reuse_attempts": 0,
    "reuse_successes": 0,
    "store_attempts": 32,
    "store_successes": 0,
    "requests_seen": 64,
    "reused_prefix_tokens_total": 0,
    "recompute_tokens_total": 10652
  }
}