{
  "shadow_kv_plus_lite": {
    "mean_latency_ms": 82.20591013650136,
    "p50_latency_ms": 75.62943732558125,
    "p95_latency_ms": 94.53679665697655,
    "p99_latency_ms": 102.7573876706267,
    "throughput_rps": 97.31660396090928,
    "hit_rate": 0.0,
    "wasted_compute_ratio": 0.0,
    "reuse_attempts": 32,
    "reuse_successes": 0,
    "store_attempts": 32,
    "store_successes": 0,
    "requests_seen": 64,
    "reused_prefix_tokens_total": 0,
    "recompute_tokens_total": 10652
  }
}