{
  "shadow_kv": {
    "mean_latency_ms": 230.14347924979006,
    "p50_latency_ms": 211.73200090980686,
    "p95_latency_ms": 264.66500113725857,
    "p99_latency_ms": 287.6793490622376,
    "throughput_rps": 34.76092403781324,
    "hit_rate": 0.0,
    "wasted_compute_ratio": 1.0,
    "reuse_attempts": 62,
    "reuse_successes": 0,
    "store_attempts": 32,
    "store_successes": 0,
    "requests_seen": 64,
    "reused_prefix_tokens_total": 0,
    "recompute_tokens_total": 10652
  }
}