{
  "shadow_kv": {
    "mean_latency_ms": 235.13378342187252,
    "p50_latency_ms": 216.32308074812272,
    "p95_latency_ms": 270.4038509351534,
    "p99_latency_ms": 293.91722927734065,
    "throughput_rps": 34.02318409365512,
    "hit_rate": 0.921875,
    "wasted_compute_ratio": 0.0,
    "reuse_attempts": 59,
    "reuse_successes": 59,
    "store_attempts": 32,
    "store_successes": 59,
    "requests_seen": 64,
    "reused_prefix_tokens_total": 12980,
    "recompute_tokens_total": -2328
  }
}