{
  "shadow_kv_plus": {
    "mean_latency_ms": 68.284209312651,
    "p50_latency_ms": 62.82147256763892,
    "p95_latency_ms": 78.52684070954865,
    "p99_latency_ms": 85.35526164081375,
    "throughput_rps": 117.15739378881322,
    "hit_rate": 0.9833333333333333,
    "wasted_compute_ratio": 0.0,
    "reuse_attempts": 59,
    "reuse_successes": 63,
    "store_attempts": 32,
    "store_successes": 63,
    "requests_seen": 64,
    "reused_prefix_tokens_total": 13845,
    "recompute_tokens_total": -3193
  }
}