{
  "greedy_prefix_cache": {
    "mean_latency_ms": 143.84327586203432,
    "p50_latency_ms": 132.33581379307157,
    "p95_latency_ms": 165.41976724133946,
    "p99_latency_ms": 179.80409482754288,
    "throughput_rps": 55.61608599398912,
    "hit_rate": 0.0,
    "wasted_compute_ratio": 0.0,
    "reuse_attempts": 32,
    "reuse_successes": 0,
    "store_attempts": 32,
    "store_successes": 0,
    "requests_seen": 64,
    "reused_prefix_tokens_total": 0,
    "recompute_tokens_total": 10652
  }
}