{
  "reactive_prefix_cache": {
    "mean_latency_ms": 20.919944353666025,
    "p50_latency_ms": 19.246348805372744,
    "p95_latency_ms": 24.057936006715927,
    "p99_latency_ms": 26.149930442082532,
    "throughput_rps": 382.4101950155558,
    "hit_rate": 0.6,
    "wasted_compute_ratio": 0.0,
    "reuse_attempts": 32,
    "reuse_successes": 19,
    "store_attempts": 32,
    "store_successes": 19,
    "requests_seen": 64,
    "reused_prefix_tokens_total": 8448,
    "recompute_tokens_total": 2204
  }
}