{
  "no_cache": {
    "mean_latency_ms": 33.75396317181867,
    "p50_latency_ms": 31.053646118073175,
    "p95_latency_ms": 38.81705764759147,
    "p99_latency_ms": 42.192453964773335,
    "throughput_rps": 237.0092056828229,
    "hit_rate": 0.0,
    "wasted_compute_ratio": 0.0,
    "reuse_attempts": 0,
    "reuse_successes": 0,
    "store_attempts": 32,
    "store_successes": 0,
    "requests_seen": 64,
    "reused_prefix_tokens_total": 0,
    "recompute_tokens_total": 10652
  }
}