{
  "no_cache": {
    "mean_latency_ms": 138.38267181267838,
    "p50_latency_ms": 127.31205806766411,
    "p95_latency_ms": 159.14007258458014,
    "p99_latency_ms": 172.97833976584798,
    "throughput_rps": 57.810706320435806,
    "hit_rate": 0.0,
    "wasted_compute_ratio": 0.0,
    "reuse_attempts": 0,
    "reuse_successes": 0,
    "store_attempts": 32,
    "store_successes": 0,
    "requests_seen": 64,
    "reused_prefix_tokens_total": 0,
    "recompute_tokens_total": 10652
  }
}