{
  "no_cache": {
    "mean_latency_ms": 278.6738097655359,
    "p50_latency_ms": 256.37990498429303,
    "p95_latency_ms": 320.4748812303663,
    "p99_latency_ms": 348.3422622069199,
    "throughput_rps": 28.707398110826613,
    "hit_rate": 0.0,
    "wasted_compute_ratio": 0.0,
    "reuse_attempts": 0,
    "reuse_successes": 0,
    "store_attempts": 32,
    "store_successes": 0,
    "requests_seen": 64,
    "reused_prefix_tokens_total": 0,
    "recompute_tokens_total": 10652
  }
}