{
  "no_cache": {
    "mean_latency_ms": 192.49437993761376,
    "p50_latency_ms": 177.09482954260466,
    "p95_latency_ms": 221.3685369282558,
    "p99_latency_ms": 240.6179749220172,
    "throughput_rps": 41.559654897939105,
    "hit_rate": 0.0,
    "wasted_compute_ratio": 0.0,
    "reuse_attempts": 0,
    "reuse_successes": 0,
    "store_attempts": 32,
    "store_successes": 0,
    "requests_seen": 64,
    "reused_prefix_tokens_total": 0,
    "recompute_tokens_total": 10652
  }
}