{
  "shadow_kv_plus": {
    "mean_latency_ms": 104.5009005314057,
    "p50_latency_ms": 96.14082848889325,
    "p95_latency_ms": 120.17603561111655,
    "p99_latency_ms": 130.62612566425713,
    "throughput_rps": 76.55436421426585,
    "hit_rate": 0.0,
    "wasted_compute_ratio": 0.0,
    "reuse_attempts": 0,
    "reuse_successes": 0,
    "store_attempts": 32,
    "store_successes": 0,
    "requests_seen": 64,
    "reused_prefix_tokens_total": 0,
    "recompute_tokens_total": 10652
  }
}