{
  "shadow_kv_plus_lite": {
    "mean_latency_ms": 22.59230420955138,
    "p50_latency_ms": 20.78491987278727,
    "p95_latency_ms": 25.981149840984084,
    "p99_latency_ms": 28.240380261939222,
    "throughput_rps": 354.1028806002811,
    "hit_rate": 0.6,
    "wasted_compute_ratio": 0.0,
    "reuse_attempts": 32,
    "reuse_successes": 19,
    "store_attempts": 32,
    "store_successes": 19,
    "requests_seen": 64,
    "reused_prefix_tokens_total": 8448,
    "recompute_tokens_total": 2204
  }
}