{
  "shadow_kv": {
    "mean_latency_ms": 278.48498701553126,
    "p50_latency_ms": 256.20618805428876,
    "p95_latency_ms": 320.25773506786095,
    "p99_latency_ms": 348.1062337694141,
    "throughput_rps": 28.726862750248852,
    "hit_rate": 0.0,
    "wasted_compute_ratio": 1.0,
    "reuse_attempts": 62,
    "reuse_successes": 0,
    "store_attempts": 32,
    "store_successes": 0,
    "requests_seen": 64,
    "reused_prefix_tokens_total": 0,
    "recompute_tokens_total": 10652
  }
}