{
  "shadow_kv_plus": {
    "mean_latency_ms": 18.504068140604346,
    "p50_latency_ms": 17.023742689356,
    "p95_latency_ms": 21.279678361694998,
    "p99_latency_ms": 23.130085175755433,
    "throughput_rps": 432.3373616661746,
    "hit_rate": 0.0,
    "wasted_compute_ratio": 0.0,
    "reuse_attempts": 0,
    "reuse_successes": 0,
    "store_attempts": 32,
    "store_successes": 0,
    "requests_seen": 64,
    "reused_prefix_tokens_total": 0,
    "recompute_tokens_total": 10652
  }
}