{
  "strict_reactive_prefix_cache": {
    "mean_latency_ms": 68.71298168407394,
    "p50_latency_ms": 63.21594314934803,
    "p95_latency_ms": 79.01992893668502,
    "p99_latency_ms": 85.89122710509243,
    "throughput_rps": 116.4263259129419,
    "hit_rate": 0.35,
    "wasted_compute_ratio": 0.0,
    "reuse_attempts": 32,
    "reuse_successes": 11,
    "store_attempts": 32,
    "store_successes": 11,
    "requests_seen": 64,
    "reused_prefix_tokens_total": 4928,
    "recompute_tokens_total": 5724
  }
}