{
  "shadow_kv_plus": {
    "mean_latency_ms": 34.73669889062592,
    "p50_latency_ms": 31.957762979375843,
    "p95_latency_ms": 39.947203724219804,
    "p99_latency_ms": 43.420873613282396,
    "throughput_rps": 230.30397981078417,
    "hit_rate": 0.0,
    "wasted_compute_ratio": 0.0,
    "reuse_attempts": 0,
    "reuse_successes": 0,
    "store_attempts": 32,
    "store_successes": 0,
    "requests_seen": 64,
    "reused_prefix_tokens_total": 0,
    "recompute_tokens_total": 10652
  }
}