{
  "shadow_kv_plus_lite": {
    "mean_latency_ms": 75.30431121075765,
    "p50_latency_ms": 69.27996631389703,
    "p95_latency_ms": 86.5999578923713,
    "p99_latency_ms": 94.13038901344706,
    "throughput_rps": 106.23561747494152,
    "hit_rate": 0.0,
    "wasted_compute_ratio": 0.0,
    "reuse_attempts": 32,
    "reuse_successes": 0,
    "store_attempts": 32,
    "store_successes": 0,
    "requests_seen": 64,
    "reused_prefix_tokens_total": 0,
    "recompute_tokens_total": 10652
  }
}