{
  "shadow_kv_plus_lite": {
    "mean_latency_ms": 113.8968384226706,
    "p50_latency_ms": 104.78509134885695,
    "p95_latency_ms": 130.98136418607118,
    "p99_latency_ms": 142.37104802833824,
    "throughput_rps": 70.238999701748,
    "hit_rate": 0.35,
    "wasted_compute_ratio": 0.0,
    "reuse_attempts": 32,
    "reuse_successes": 11,
    "store_attempts": 32,
    "store_successes": 11,
    "requests_seen": 64,
    "reused_prefix_tokens_total": 4928,
    "recompute_tokens_total": 5724
  }
}