{
  "reactive_prefix_cache": {
    "mean_latency_ms": 72.41991022554986,
    "p50_latency_ms": 66.62631740750587,
    "p95_latency_ms": 83.28289675938233,
    "p99_latency_ms": 90.52488778193732,
    "throughput_rps": 110.46685883873945,
    "hit_rate": 0.0,
    "wasted_compute_ratio": 0.108,
    "reuse_attempts": 32,
    "reuse_successes": 0,
    "store_attempts": 32,
    "store_successes": 0,
    "requests_seen": 64,
    "reused_prefix_tokens_total": 0,
    "recompute_tokens_total": 10652
  }
}