{
  "strict_reactive_prefix_cache": {
    "mean_latency_ms": 150.94338739588565,
    "p50_latency_ms": 138.8679164042148,
    "p95_latency_ms": 173.5848955052685,
    "p99_latency_ms": 188.67923424485707,
    "throughput_rps": 53.000003100619836,
    "hit_rate": 0.35,
    "wasted_compute_ratio": 0.0,
    "reuse_attempts": 32,
    "reuse_successes": 11,
    "store_attempts": 32,
    "store_successes": 11,
    "requests_seen": 64,
    "reused_prefix_tokens_total": 4928,
    "recompute_tokens_total": 5724
  }
}