{
  "no_cache": {
    "mean_latency_ms": 179.57837431248436,
    "p50_latency_ms": 165.2121043674856,
    "p95_latency_ms": 206.51513045935698,
    "p99_latency_ms": 224.47296789060545,
    "throughput_rps": 44.54879397715896,
    "hit_rate": 0.0,
    "wasted_compute_ratio": 0.0,
    "reuse_attempts": 0,
    "reuse_successes": 0,
    "store_attempts": 32,
    "store_successes": 0,
    "requests_seen": 64,
    "reused_prefix_tokens_total": 0,
    "recompute_tokens_total": 10652
  }
}