{
  "greedy_prefix_cache": {
    "mean_latency_ms": 257.18682012565534,
    "p50_latency_ms": 236.61187451560292,
    "p95_latency_ms": 295.76484314450363,
    "p99_latency_ms": 321.48352515706915,
    "throughput_rps": 31.105793042160524,
    "hit_rate": 0.6,
    "wasted_compute_ratio": 0.0,
    "reuse_attempts": 32,
    "reuse_successes": 19,
    "store_attempts": 32,
    "store_successes": 19,
    "requests_seen": 64,
    "reused_prefix_tokens_total": 8448,
    "recompute_tokens_total": 2204
  }
}