{
  "greedy_prefix_cache": {
    "mean_latency_ms": 83.98311066581182,
    "p50_latency_ms": 77.26446181254688,
    "p95_latency_ms": 96.58057726568359,
    "p99_latency_ms": 104.97888833226477,
    "throughput_rps": 95.25724799399067,
    "hit_rate": 0.6,
    "wasted_compute_ratio": 0.0,
    "reuse_attempts": 32,
    "reuse_successes": 19,
    "store_attempts": 32,
    "store_successes": 19,
    "requests_seen": 64,
    "reused_prefix_tokens_total": 8448,
    "recompute_tokens_total": 2204
  }
}