{
  "shadow_kv_plus": {
    "mean_latency_ms": 106.93530821882291,
    "p50_latency_ms": 98.38048356131708,
    "p95_latency_ms": 122.97560445164633,
    "p99_latency_ms": 133.66913527352864,
    "throughput_rps": 74.81158593221157,
    "hit_rate": 0.984375,
    "wasted_compute_ratio": 0.0,
    "reuse_attempts": 63,
    "reuse_successes": 63,
    "store_attempts": 32,
    "store_successes": 63,
    "requests_seen": 64,
    "reused_prefix_tokens_total": 13860,
    "recompute_tokens_total": -3208
  }
}