{
  "reactive_prefix_cache": {
    "mean_latency_ms": 21.822112020589397,
    "p50_latency_ms": 20.076343058942246,
    "p95_latency_ms": 25.095428823677807,
    "p99_latency_ms": 27.277640025736748,
    "throughput_rps": 366.6006293273499,
    "hit_rate": 0.6,
    "wasted_compute_ratio": 0.0,
    "reuse_attempts": 32,
    "reuse_successes": 19,
    "store_attempts": 32,
    "store_successes": 19,
    "requests_seen": 64,
    "reused_prefix_tokens_total": 8448,
    "recompute_tokens_total": 2204
  }
}