{
  "shadow_kv_plus": {
    "mean_latency_ms": 72.87509595292363,
    "p50_latency_ms": 67.04508827668974,
    "p95_latency_ms": 83.80636034586217,
    "p99_latency_ms": 91.09386994115454,
    "throughput_rps": 109.77687089658032,
    "hit_rate": 0.9836065573770492,
    "wasted_compute_ratio": 0.0,
    "reuse_attempts": 60,
    "reuse_successes": 63,
    "store_attempts": 32,
    "store_successes": 63,
    "requests_seen": 64,
    "reused_prefix_tokens_total": 13849,
    "recompute_tokens_total": -3197
  }
}