{
  "shadow_kv_plus_lite": {
    "mean_latency_ms": 158.2574335662243,
    "p50_latency_ms": 145.59683888092636,
    "p95_latency_ms": 181.99604860115795,
    "p99_latency_ms": 197.8217919577804,
    "throughput_rps": 50.55054805152217,
    "hit_rate": 0.6,
    "wasted_compute_ratio": 0.0,
    "reuse_attempts": 32,
    "reuse_successes": 19,
    "store_attempts": 32,
    "store_successes": 19,
    "requests_seen": 64,
    "reused_prefix_tokens_total": 8448,
    "recompute_tokens_total": 2204
  }
}