{
  "shadow_kv_plus_lite": {
    "mean_latency_ms": 17.019645900730627,
    "p50_latency_ms": 15.658074228672177,
    "p95_latency_ms": 19.572592785840218,
    "p99_latency_ms": 21.274557375913282,
    "throughput_rps": 470.04503188027974,
    "hit_rate": 0.6,
    "wasted_compute_ratio": 0.0,
    "reuse_attempts": 32,
    "reuse_successes": 19,
    "store_attempts": 32,
    "store_successes": 19,
    "requests_seen": 64,
    "reused_prefix_tokens_total": 8448,
    "recompute_tokens_total": 2204
  }
}