{
  "greedy_prefix_cache": {
    "mean_latency_ms": 154.45466985598802,
    "p50_latency_ms": 142.09829626750897,
    "p95_latency_ms": 177.6228703343862,
    "p99_latency_ms": 193.068337319985,
    "throughput_rps": 51.79513191449064,
    "hit_rate": 0.35,
    "wasted_compute_ratio": 0.0,
    "reuse_attempts": 32,
    "reuse_successes": 11,
    "store_attempts": 32,
    "store_successes": 11,
    "requests_seen": 64,
    "reused_prefix_tokens_total": 4928,
    "recompute_tokens_total": 5724
  }
}