{
  "reactive_prefix_cache": {
    "mean_latency_ms": 23.54868567116177,
    "p50_latency_ms": 21.66479081746883,
    "p95_latency_ms": 27.080988521836034,
    "p99_latency_ms": 29.43585708895221,
    "throughput_rps": 339.7217200022748,
    "hit_rate": 0.35,
    "wasted_compute_ratio": 0.003,
    "reuse_attempts": 32,
    "reuse_successes": 11,
    "store_attempts": 32,
    "store_successes": 11,
    "requests_seen": 64,
    "reused_prefix_tokens_total": 4928,
    "recompute_tokens_total": 5724
  }
}