{
  "shadow_kv_plus_lite": {
    "mean_latency_ms": 19.002101171858854,
    "p50_latency_ms": 17.481933078110146,
    "p95_latency_ms": 21.852416347637682,
    "p99_latency_ms": 23.752626464823567,
    "throughput_rps": 421.0060733624339,
    "hit_rate": 0.0,
    "wasted_compute_ratio": 0.0,
    "reuse_attempts": 32,
    "reuse_successes": 0,
    "store_attempts": 32,
    "store_successes": 0,
    "requests_seen": 64,
    "reused_prefix_tokens_total": 0,
    "recompute_tokens_total": 10652
  }
}