{
  "no_cache": {
    "mean_latency_ms": 83.08866356287581,
    "p50_latency_ms": 76.44157047784574,
    "p95_latency_ms": 95.55196309730717,
    "p99_latency_ms": 103.86082945359476,
    "throughput_rps": 96.28268956265192,
    "hit_rate": 0.0,
    "wasted_compute_ratio": 0.0,
    "reuse_attempts": 0,
    "reuse_successes": 0,
    "store_attempts": 32,
    "store_successes": 0,
    "requests_seen": 64,
    "reused_prefix_tokens_total": 0,
    "recompute_tokens_total": 10652
  }
}