{
  "strict_reactive_prefix_cache": {
    "mean_latency_ms": 121.7965691493027,
    "p50_latency_ms": 112.05284361735849,
    "p95_latency_ms": 140.06605452169808,
    "p99_latency_ms": 152.24571143662837,
    "throughput_rps": 65.68329515253674,
    "hit_rate": 0.35,
    "wasted_compute_ratio": 0.0,
    "reuse_attempts": 32,
    "reuse_successes": 11,
    "store_attempts": 32,
    "store_successes": 11,
    "requests_seen": 64,
    "reused_prefix_tokens_total": 4928,
    "recompute_tokens_total": 5724
  }
}