{
  "shadow_kv": {
    "mean_latency_ms": 22.653793968714808,
    "p50_latency_ms": 20.841490451217624,
    "p95_latency_ms": 26.051863064022026,
    "p99_latency_ms": 28.31724246089351,
    "throughput_rps": 353.14173030125136,
    "hit_rate": 0.96875,
    "wasted_compute_ratio": 0.0,
    "reuse_attempts": 62,
    "reuse_successes": 62,
    "store_attempts": 32,
    "store_successes": 62,
    "requests_seen": 64,
    "reused_prefix_tokens_total": 13640,
    "recompute_tokens_total": -2988
  }
}