{
  "shadow_kv_plus_lite": {
    "mean_latency_ms": 24.91222055721569,
    "p50_latency_ms": 22.919242912638435,
    "p95_latency_ms": 28.64905364079804,
    "p99_latency_ms": 31.140275696519613,
    "throughput_rps": 321.1275358463717,
    "hit_rate": 0.35,
    "wasted_compute_ratio": 0.0,
    "reuse_attempts": 32,
    "reuse_successes": 11,
    "store_attempts": 32,
    "store_successes": 11,
    "requests_seen": 64,
    "reused_prefix_tokens_total": 4928,
    "recompute_tokens_total": 5724
  }
}