{
  "greedy_prefix_cache": {
    "mean_latency_ms": 135.22359513255347,
    "p50_latency_ms": 124.4057075219492,
    "p95_latency_ms": 155.5071344024365,
    "p99_latency_ms": 169.02949391569183,
    "throughput_rps": 59.16127279531333,
    "hit_rate": 0.0,
    "wasted_compute_ratio": 0.0,
    "reuse_attempts": 32,
    "reuse_successes": 0,
    "store_attempts": 32,
    "store_successes": 0,
    "requests_seen": 64,
    "reused_prefix_tokens_total": 0,
    "recompute_tokens_total": 10652
  }
}