{
  "greedy_prefix_cache": {
    "mean_latency_ms": 180.28071627450282,
    "p50_latency_ms": 165.85825897254261,
    "p95_latency_ms": 207.32282371567823,
    "p99_latency_ms": 225.3508953431285,
    "throughput_rps": 44.37523971126713,
    "hit_rate": 0.35,
    "wasted_compute_ratio": 0.0,
    "reuse_attempts": 32,
    "reuse_successes": 11,
    "store_attempts": 32,
    "store_successes": 11,
    "requests_seen": 64,
    "reused_prefix_tokens_total": 4928,
    "recompute_tokens_total": 5724
  }
}