{
  "reactive_prefix_cache": {
    "mean_latency_ms": 67.754451458168,
    "p50_latency_ms": 62.33409534151457,
    "p95_latency_ms": 77.9176191768932,
    "p99_latency_ms": 84.69306432271,
    "throughput_rps": 118.07342289442408,
    "hit_rate": 0.0,
    "wasted_compute_ratio": 0.108,
    "reuse_attempts": 32,
    "reuse_successes": 0,
    "store_attempts": 32,
    "store_successes": 0,
    "requests_seen": 64,
    "reused_prefix_tokens_total": 0,
    "recompute_tokens_total": 10652
  }
}