{
  "reactive_prefix_cache": {
    "mean_latency_ms": 69.20844451392504,
    "p50_latency_ms": 63.67176895281104,
    "p95_latency_ms": 79.58971119101379,
    "p99_latency_ms": 86.5105556424063,
    "throughput_rps": 115.59283055972114,
    "hit_rate": 0.0,
    "wasted_compute_ratio": 0.108,
    "reuse_attempts": 32,
    "reuse_successes": 0,
    "store_attempts": 32,
    "store_successes": 0,
    "requests_seen": 64,
    "reused_prefix_tokens_total": 0,
    "recompute_tokens_total": 10652
  }
}