{
  "shadow_kv": {
    "mean_latency_ms": 152.08948310930737,
    "p50_latency_ms": 139.92232446056278,
    "p95_latency_ms": 174.90290557570347,
    "p99_latency_ms": 190.1118538866342,
    "throughput_rps": 52.600612721198914,
    "hit_rate": 0.921875,
    "wasted_compute_ratio": 0.0,
    "reuse_attempts": 59,
    "reuse_successes": 59,
    "store_attempts": 32,
    "store_successes": 59,
    "requests_seen": 64,
    "reused_prefix_tokens_total": 12980,
    "recompute_tokens_total": -2328
  }
}