{
  "no_cache": {
    "mean_latency_ms": 35.64138071875789,
    "p50_latency_ms": 32.790070261257256,
    "p95_latency_ms": 40.98758782657157,
    "p99_latency_ms": 44.55172589844736,
    "throughput_rps": 224.45819546462292,
    "hit_rate": 0.0,
    "wasted_compute_ratio": 0.0,
    "reuse_attempts": 0,
    "reuse_successes": 0,
    "store_attempts": 32,
    "store_successes": 0,
    "requests_seen": 64,
    "reused_prefix_tokens_total": 0,
    "recompute_tokens_total": 10652
  }
}