{
  "shadow_kv_plus_lite": {
    "mean_latency_ms": 92.19998266535656,
    "p50_latency_ms": 84.82398405212804,
    "p95_latency_ms": 106.02998006516003,
    "p99_latency_ms": 115.2499783316957,
    "throughput_rps": 86.7679121918744,
    "hit_rate": 0.6,
    "wasted_compute_ratio": 0.0,
    "reuse_attempts": 32,
    "reuse_successes": 19,
    "store_attempts": 32,
    "store_successes": 19,
    "requests_seen": 64,
    "reused_prefix_tokens_total": 8448,
    "recompute_tokens_total": 2204
  }
}