{
  "shadow_kv_plus_lite": {
    "mean_latency_ms": 24.209927466107064,
    "p50_latency_ms": 22.2731332688185,
    "p95_latency_ms": 27.841416586023122,
    "p99_latency_ms": 30.26240933263383,
    "throughput_rps": 330.44295614679896,
    "hit_rate": 0.35,
    "wasted_compute_ratio": 0.0,
    "reuse_attempts": 32,
    "reuse_successes": 11,
    "store_attempts": 32,
    "store_successes": 11,
    "requests_seen": 64,
    "reused_prefix_tokens_total": 4928,
    "recompute_tokens_total": 5724
  }
}