{
  "strict_reactive_prefix_cache": {
    "mean_latency_ms": 104.48234373330382,
    "p50_latency_ms": 96.12375623463952,
    "p95_latency_ms": 120.15469529329938,
    "p99_latency_ms": 130.6029296666298,
    "throughput_rps": 76.56796080704682,
    "hit_rate": 0.0,
    "wasted_compute_ratio": 0.035,
    "reuse_attempts": 32,
    "reuse_successes": 0,
    "store_attempts": 32,
    "store_successes": 0,
    "requests_seen": 64,
    "reused_prefix_tokens_total": 0,
    "recompute_tokens_total": 10652
  }
}