{
  "strict_reactive_prefix_cache": {
    "mean_latency_ms": 418.5869763195645,
    "p50_latency_ms": 385.10001821399936,
    "p95_latency_ms": 481.3750227674991,
    "p99_latency_ms": 523.2337203994556,
    "throughput_rps": 19.111918078149927,
    "hit_rate": 0.35,
    "wasted_compute_ratio": 0.0,
    "reuse_attempts": 32,
    "reuse_successes": 11,
    "store_attempts": 32,
    "store_successes": 11,
    "requests_seen": 64,
    "reused_prefix_tokens_total": 4928,
    "recompute_tokens_total": 5724
  }
}