{
  "greedy_prefix_cache": {
    "mean_latency_ms": 134.85128735943474,
    "p50_latency_ms": 124.06318437067996,
    "p95_latency_ms": 155.07898046334992,
    "p99_latency_ms": 168.56410919929343,
    "throughput_rps": 59.3246097731101,
    "hit_rate": 0.35,
    "wasted_compute_ratio": 0.0,
    "reuse_attempts": 32,
    "reuse_successes": 11,
    "store_attempts": 32,
    "store_successes": 11,
    "requests_seen": 64,
    "reused_prefix_tokens_total": 4928,
    "recompute_tokens_total": 5724
  }
}