{
  "strict_reactive_prefix_cache": {
    "mean_latency_ms": 125.67028902866616,
    "p50_latency_ms": 115.61666590637287,
    "p95_latency_ms": 144.52083238296606,
    "p99_latency_ms": 157.0878612858327,
    "throughput_rps": 63.65864248291138,
    "hit_rate": 0.6,
    "wasted_compute_ratio": 0.0,
    "reuse_attempts": 32,
    "reuse_successes": 19,
    "store_attempts": 32,
    "store_successes": 19,
    "requests_seen": 64,
    "reused_prefix_tokens_total": 8448,
    "recompute_tokens_total": 2204
  }
}