{
  "strict_reactive_prefix_cache": {
    "mean_latency_ms": 156.83793637432217,
    "p50_latency_ms": 144.2909014643764,
    "p95_latency_ms": 180.36362683047048,
    "p99_latency_ms": 196.04742046790273,
    "throughput_rps": 51.008067212173394,
    "hit_rate": 0.0,
    "wasted_compute_ratio": 0.035,
    "reuse_attempts": 32,
    "reuse_successes": 0,
    "store_attempts": 32,
    "store_successes": 0,
    "requests_seen": 64,
    "reused_prefix_tokens_total": 0,
    "recompute_tokens_total": 10652
  }
}