{
  "reactive_prefix_cache": {
    "mean_latency_ms": 16.89075659720787,
    "p50_latency_ms": 15.53949606943124,
    "p95_latency_ms": 19.424370086789047,
    "p99_latency_ms": 21.113445746509836,
    "throughput_rps": 473.6318325327382,
    "hit_rate": 0.0,
    "wasted_compute_ratio": 0.108,
    "reuse_attempts": 32,
    "reuse_successes": 0,
    "store_attempts": 32,
    "store_successes": 0,
    "requests_seen": 64,
    "reused_prefix_tokens_total": 0,
    "recompute_tokens_total": 10652
  }
}