{
  "shadow_kv_plus_lite": {
    "mean_latency_ms": 87.2198356248746,
    "p50_latency_ms": 80.24224877488464,
    "p95_latency_ms": 100.30281096860578,
    "p99_latency_ms": 109.02479453109325,
    "throughput_rps": 91.72225495135473,
    "hit_rate": 0.6,
    "wasted_compute_ratio": 0.0,
    "reuse_attempts": 32,
    "reuse_successes": 19,
    "store_attempts": 32,
    "store_successes": 19,
    "requests_seen": 64,
    "reused_prefix_tokens_total": 8448,
    "recompute_tokens_total": 2204
  }
}