{
  "reactive_prefix_cache": {
    "mean_latency_ms": 23.08641205615429,
    "p50_latency_ms": 21.239499091661948,
    "p95_latency_ms": 26.549373864577433,
    "p99_latency_ms": 28.858015070192863,
    "throughput_rps": 346.52417970108047,
    "hit_rate": 0.35,
    "wasted_compute_ratio": 0.003,
    "reuse_attempts": 32,
    "reuse_successes": 11,
    "store_attempts": 32,
    "store_successes": 11,
    "requests_seen": 64,
    "reused_prefix_tokens_total": 4928,
    "recompute_tokens_total": 5724
  }
}