{
  "greedy_prefix_cache": {
    "mean_latency_ms": 150.30294459413443,
    "p50_latency_ms": 138.27870902660368,
    "p95_latency_ms": 172.84838628325457,
    "p99_latency_ms": 187.87868074266805,
    "throughput_rps": 53.225836803148034,
    "hit_rate": 0.0,
    "wasted_compute_ratio": 0.0,
    "reuse_attempts": 32,
    "reuse_successes": 0,
    "store_attempts": 32,
    "store_successes": 0,
    "requests_seen": 64,
    "reused_prefix_tokens_total": 0,
    "recompute_tokens_total": 10652
  }
}