{
  "shadow_kv_plus_lite": {
    "mean_latency_ms": 83.87984233798674,
    "p50_latency_ms": 77.16945495094781,
    "p95_latency_ms": 96.46181868868474,
    "p99_latency_ms": 104.84980292248343,
    "throughput_rps": 95.37452356866237,
    "hit_rate": 0.35,
    "wasted_compute_ratio": 0.0,
    "reuse_attempts": 32,
    "reuse_successes": 11,
    "store_attempts": 32,
    "store_successes": 11,
    "requests_seen": 64,
    "reused_prefix_tokens_total": 4928,
    "recompute_tokens_total": 5724
  }
}