{
  "shadow_kv_plus_lite": {
    "mean_latency_ms": 64.75252432230116,
    "p50_latency_ms": 59.572322376517064,
    "p95_latency_ms": 74.46540297064632,
    "p99_latency_ms": 80.94065540287644,
    "throughput_rps": 123.54730697726254,
    "hit_rate": 0.35,
    "wasted_compute_ratio": 0.0,
    "reuse_attempts": 32,
    "reuse_successes": 11,
    "store_attempts": 32,
    "store_successes": 11,
    "requests_seen": 64,
    "reused_prefix_tokens_total": 4928,
    "recompute_tokens_total": 5724
  }
}