{
  "reactive_prefix_cache": {
    "mean_latency_ms": 16.439430699569357,
    "p50_latency_ms": 15.12427624360381,
    "p95_latency_ms": 18.90534530450476,
    "p99_latency_ms": 20.549288374461696,
    "throughput_rps": 486.6348565348778,
    "hit_rate": 0.6,
    "wasted_compute_ratio": 0.0,
    "reuse_attempts": 32,
    "reuse_successes": 19,
    "store_attempts": 32,
    "store_successes": 19,
    "requests_seen": 64,
    "reused_prefix_tokens_total": 8448,
    "recompute_tokens_total": 2204
  }
}