{
  "shadow_kv_plus_lite": {
    "mean_latency_ms": 57.06787755856978,
    "p50_latency_ms": 52.5024473538842,
    "p95_latency_ms": 65.62805919235525,
    "p99_latency_ms": 71.33484694821223,
    "throughput_rps": 140.18394133879357,
    "hit_rate": 0.0,
    "wasted_compute_ratio": 0.0,
    "reuse_attempts": 32,
    "reuse_successes": 0,
    "store_attempts": 32,
    "store_successes": 0,
    "requests_seen": 64,
    "reused_prefix_tokens_total": 0,
    "recompute_tokens_total": 10652
  }
}