{
  "shadow_kv_plus": {
    "mean_latency_ms": 121.19931932828365,
    "p50_latency_ms": 111.50337378202096,
    "p95_latency_ms": 139.3792172275262,
    "p99_latency_ms": 151.49914916035456,
    "throughput_rps": 66.00697136203372,
    "hit_rate": 0.0,
    "wasted_compute_ratio": 0.0,
    "reuse_attempts": 0,
    "reuse_successes": 0,
    "store_attempts": 32,
    "store_successes": 0,
    "requests_seen": 64,
    "reused_prefix_tokens_total": 0,
    "recompute_tokens_total": 10652
  }
}