{
  "strict_reactive_prefix_cache": {
    "mean_latency_ms": 281.8629113019079,
    "p50_latency_ms": 259.3138783977553,
    "p95_latency_ms": 324.14234799719407,
    "p99_latency_ms": 352.32863912738486,
    "throughput_rps": 28.382591959504282,
    "hit_rate": 0.35,
    "wasted_compute_ratio": 0.0,
    "reuse_attempts": 32,
    "reuse_successes": 11,
    "store_attempts": 32,
    "store_successes": 11,
    "requests_seen": 64,
    "reused_prefix_tokens_total": 4928,
    "recompute_tokens_total": 5724
  }
}