{
  "shadow_kv": {
    "mean_latency_ms": 82.4711822500035,
    "p50_latency_ms": 75.87348767000321,
    "p95_latency_ms": 94.841859587504,
    "p99_latency_ms": 103.08897781250437,
    "throughput_rps": 97.00358090840466,
    "hit_rate": 0.96875,
    "wasted_compute_ratio": 0.0,
    "reuse_attempts": 62,
    "reuse_successes": 62,
    "store_attempts": 32,
    "store_successes": 62,
    "requests_seen": 64,
    "reused_prefix_tokens_total": 13640,
    "recompute_tokens_total": -2988
  }
}