{
  "shadow_kv": {
    "mean_latency_ms": 75.90233160939874,
    "p50_latency_ms": 69.83014508064684,
    "p95_latency_ms": 87.28768135080855,
    "p99_latency_ms": 94.87791451174843,
    "throughput_rps": 105.39860674068392,
    "hit_rate": 0.90625,
    "wasted_compute_ratio": 0.0,
    "reuse_attempts": 58,
    "reuse_successes": 58,
    "store_attempts": 32,
    "store_successes": 58,
    "requests_seen": 64,
    "reused_prefix_tokens_total": 12760,
    "recompute_tokens_total": -2108
  }
}