{
  "shadow_kv_plus": {
    "mean_latency_ms": 49.80411526561568,
    "p50_latency_ms": 45.819786044366424,
    "p95_latency_ms": 57.27473255545802,
    "p99_latency_ms": 62.2551440820196,
    "throughput_rps": 160.6292965417484,
    "hit_rate": 0.9672131147540983,
    "wasted_compute_ratio": 0.0,
    "reuse_attempts": 59,
    "reuse_successes": 62,
    "store_attempts": 32,
    "store_successes": 62,
    "requests_seen": 64,
    "reused_prefix_tokens_total": 13618,
    "recompute_tokens_total": -2966
  }
}