{
  "strict_reactive_prefix_cache": {
    "mean_latency_ms": 51.00712343763555,
    "p50_latency_ms": 46.926553562624704,
    "p95_latency_ms": 58.65819195328088,
    "p99_latency_ms": 63.75890429704444,
    "throughput_rps": 156.84083831508931,
    "hit_rate": 0.0,
    "wasted_compute_ratio": 0.035,
    "reuse_attempts": 32,
    "reuse_successes": 0,
    "store_attempts": 32,
    "store_successes": 0,
    "requests_seen": 64,
    "reused_prefix_tokens_total": 0,
    "recompute_tokens_total": 10652
  }
}