{
  "reactive_prefix_cache": {
    "mean_latency_ms": 61.07340362217041,
    "p50_latency_ms": 56.18753133239678,
    "p95_latency_ms": 70.23441416549596,
    "p99_latency_ms": 76.34175452771301,
    "throughput_rps": 130.9899158313145,
    "hit_rate": 0.35,
    "wasted_compute_ratio": 0.003,
    "reuse_attempts": 32,
    "reuse_successes": 11,
    "store_attempts": 32,
    "store_successes": 11,
    "requests_seen": 64,
    "reused_prefix_tokens_total": 4928,
    "recompute_tokens_total": 5724
  }
}