{
  "reactive_prefix_cache": {
    "mean_latency_ms": 60.55338279478533,
    "p50_latency_ms": 55.709112171202506,
    "p95_latency_ms": 69.63639021400313,
    "p99_latency_ms": 75.69172849348166,
    "throughput_rps": 132.11483208315383,
    "hit_rate": 0.6,
    "wasted_compute_ratio": 0.0,
    "reuse_attempts": 32,
    "reuse_successes": 19,
    "store_attempts": 32,
    "store_successes": 19,
    "requests_seen": 64,
    "reused_prefix_tokens_total": 8448,
    "recompute_tokens_total": 2204
  }
}