{
  "no_cache": {
    "mean_latency_ms": 129.0895318124683,
    "p50_latency_ms": 118.76236926747083,
    "p95_latency_ms": 148.45296158433854,
    "p99_latency_ms": 161.36191476558537,
    "throughput_rps": 61.97249217405023,
    "hit_rate": 0.0,
    "wasted_compute_ratio": 0.0,
    "reuse_attempts": 0,
    "reuse_successes": 0,
    "store_attempts": 32,
    "store_successes": 0,
    "requests_seen": 64,
    "reused_prefix_tokens_total": 0,
    "recompute_tokens_total": 10652
  }
}