{
  "no_cache": {
    "mean_latency_ms": 119.72149090630069,
    "p50_latency_ms": 110.14377163379663,
    "p95_latency_ms": 137.6797145422458,
    "p99_latency_ms": 149.65186363287586,
    "throughput_rps": 66.82175388428091,
    "hit_rate": 0.0,
    "wasted_compute_ratio": 0.0,
    "reuse_attempts": 0,
    "reuse_successes": 0,
    "store_attempts": 32,
    "store_successes": 0,
    "requests_seen": 64,
    "reused_prefix_tokens_total": 0,
    "recompute_tokens_total": 10652
  }
}