{
  "shadow_kv": {
    "mean_latency_ms": 19.49073142186819,
    "p50_latency_ms": 17.931472908118735,
    "p95_latency_ms": 22.41434113514842,
    "p99_latency_ms": 24.363414277335238,
    "throughput_rps": 410.45150265752306,
    "hit_rate": 0.0,
    "wasted_compute_ratio": 0.0,
    "reuse_attempts": 62,
    "reuse_successes": 0,
    "store_attempts": 32,
    "store_successes": 0,
    "requests_seen": 64,
    "reused_prefix_tokens_total": 0,
    "recompute_tokens_total": 10652
  }
}