{
  "reactive_prefix_cache": {
    "mean_latency_ms": 78.62509273805848,
    "p50_latency_ms": 72.33508531901381,
    "p95_latency_ms": 90.41885664876725,
    "p99_latency_ms": 98.2813659225731,
    "throughput_rps": 101.74868761875048,
    "hit_rate": 0.6,
    "wasted_compute_ratio": 0.0,
    "reuse_attempts": 32,
    "reuse_successes": 19,
    "store_attempts": 32,
    "store_successes": 19,
    "requests_seen": 64,
    "reused_prefix_tokens_total": 8448,
    "recompute_tokens_total": 2204
  }
}