{
  "shadow_kv_plus_lite": {
    "mean_latency_ms": 69.79697605467905,
    "p50_latency_ms": 64.21321797030473,
    "p95_latency_ms": 80.2665224628809,
    "p99_latency_ms": 87.2462200683488,
    "throughput_rps": 114.61814611757376,
    "hit_rate": 0.0,
    "wasted_compute_ratio": 0.0,
    "reuse_attempts": 32,
    "reuse_successes": 0,
    "store_attempts": 32,
    "store_successes": 0,
    "requests_seen": 64,
    "reused_prefix_tokens_total": 0,
    "recompute_tokens_total": 10652
  }
}