{
  "greedy_prefix_cache": {
    "mean_latency_ms": 179.6214626189396,
    "p50_latency_ms": 165.25174560942443,
    "p95_latency_ms": 206.56468201178052,
    "p99_latency_ms": 224.5268282736745,
    "throughput_rps": 44.538107436368605,
    "hit_rate": 0.6,
    "wasted_compute_ratio": 0.0,
    "reuse_attempts": 32,
    "reuse_successes": 19,
    "store_attempts": 32,
    "store_successes": 19,
    "requests_seen": 64,
    "reused_prefix_tokens_total": 8448,
    "recompute_tokens_total": 2204
  }
}