{
  "shadow_kv_plus_lite": {
    "mean_latency_ms": 28.340163164024545,
    "p50_latency_ms": 26.072950110902582,
    "p95_latency_ms": 32.59118763862823,
    "p99_latency_ms": 35.42520395503068,
    "throughput_rps": 282.2848955984603,
    "hit_rate": 0.0,
    "wasted_compute_ratio": 0.0,
    "reuse_attempts": 32,
    "reuse_successes": 0,
    "store_attempts": 32,
    "store_successes": 0,
    "requests_seen": 64,
    "reused_prefix_tokens_total": 0,
    "recompute_tokens_total": 10652
  }
}