{
  "strict_reactive_prefix_cache": {
    "mean_latency_ms": 110.03007683128271,
    "p50_latency_ms": 101.2276706847801,
    "p95_latency_ms": 126.53458835597512,
    "p99_latency_ms": 137.5375960391034,
    "throughput_rps": 72.70739265471016,
    "hit_rate": 0.0,
    "wasted_compute_ratio": 0.035,
    "reuse_attempts": 32,
    "reuse_successes": 0,
    "store_attempts": 32,
    "store_successes": 0,
    "requests_seen": 64,
    "reused_prefix_tokens_total": 0,
    "recompute_tokens_total": 10652
  }
}