{
  "greedy_prefix_cache": {
    "mean_latency_ms": 63.299507453357805,
    "p50_latency_ms": 58.23554685708918,
    "p95_latency_ms": 72.79443357136147,
    "p99_latency_ms": 79.12438431669726,
    "throughput_rps": 126.3832898841242,
    "hit_rate": 0.0,
    "wasted_compute_ratio": 0.0,
    "reuse_attempts": 32,
    "reuse_successes": 0,
    "store_attempts": 32,
    "store_successes": 0,
    "requests_seen": 64,
    "reused_prefix_tokens_total": 0,
    "recompute_tokens_total": 10652
  }
}