{
  "shadow_kv_plus": {
    "mean_latency_ms": 23.039330296889204,
    "p50_latency_ms": 21.196183873138068,
    "p95_latency_ms": 26.49522984142258,
    "p99_latency_ms": 28.799162871111506,
    "throughput_rps": 347.2323152153502,
    "hit_rate": 0.984375,
    "wasted_compute_ratio": 0.0,
    "reuse_attempts": 63,
    "reuse_successes": 63,
    "store_attempts": 32,
    "store_successes": 63,
    "requests_seen": 64,
    "reused_prefix_tokens_total": 13860,
    "recompute_tokens_total": -3208
  }
}