{
  "reactive_prefix_cache": {
    "mean_latency_ms": 331.6216005502652,
    "p50_latency_ms": 305.091872506244,
    "p95_latency_ms": 381.36484063280494,
    "p99_latency_ms": 414.5270006878315,
    "throughput_rps": 24.123880913443116,
    "hit_rate": 0.6,
    "wasted_compute_ratio": 0.0,
    "reuse_attempts": 32,
    "reuse_successes": 19,
    "store_attempts": 32,
    "store_successes": 19,
    "requests_seen": 64,
    "reused_prefix_tokens_total": 8448,
    "recompute_tokens_total": 2204
  }
}