{
  "shadow_kv": {
    "mean_latency_ms": 40.300482109401514,
    "p50_latency_ms": 37.07644354064939,
    "p95_latency_ms": 46.345554425811734,
    "p99_latency_ms": 50.37560263675189,
    "throughput_rps": 198.50879148995878,
    "hit_rate": 0.90625,
    "wasted_compute_ratio": 0.0,
    "reuse_attempts": 58,
    "reuse_successes": 58,
    "store_attempts": 32,
    "store_successes": 58,
    "requests_seen": 64,
    "reused_prefix_tokens_total": 12760,
    "recompute_tokens_total": -2108
  }
}