{
  "shadow_kv_plus_lite": {
    "mean_latency_ms": 20.519387265647282,
    "p50_latency_ms": 18.8778362843955,
    "p95_latency_ms": 23.59729535549437,
    "p99_latency_ms": 25.649234082059102,
    "throughput_rps": 389.87518956734505,
    "hit_rate": 0.0,
    "wasted_compute_ratio": 0.0,
    "reuse_attempts": 32,
    "reuse_successes": 0,
    "store_attempts": 32,
    "store_successes": 0,
    "requests_seen": 64,
    "reused_prefix_tokens_total": 0,
    "recompute_tokens_total": 10652
  }
}