{
  "shadow_kv_plus": {
    "mean_latency_ms": 64.99758107827347,
    "p50_latency_ms": 59.79777459201159,
    "p95_latency_ms": 74.74721824001449,
    "p99_latency_ms": 81.24697634784184,
    "throughput_rps": 123.08150345419753,
    "hit_rate": 0.984375,
    "wasted_compute_ratio": 0.0,
    "reuse_attempts": 63,
    "reuse_successes": 63,
    "store_attempts": 32,
    "store_successes": 63,
    "requests_seen": 64,
    "reused_prefix_tokens_total": 13860,
    "recompute_tokens_total": -3208
  }
}