{
  "greedy_prefix_cache": {
    "mean_latency_ms": 25.215570855971357,
    "p50_latency_ms": 23.19832518749365,
    "p95_latency_ms": 28.997906484367057,
    "p99_latency_ms": 31.519463569964195,
    "throughput_rps": 317.2642826805367,
    "hit_rate": 0.6,
    "wasted_compute_ratio": 0.0,
    "reuse_attempts": 32,
    "reuse_successes": 19,
    "store_attempts": 32,
    "store_successes": 19,
    "requests_seen": 64,
    "reused_prefix_tokens_total": 8448,
    "recompute_tokens_total": 2204
  }
}