{
  "shadow_kv": {
    "mean_latency_ms": 292.8791904064383,
    "p50_latency_ms": 269.4488551739232,
    "p95_latency_ms": 336.811068967404,
    "p99_latency_ms": 366.09898800804785,
    "throughput_rps": 27.31501677841342,
    "hit_rate": 0.90625,
    "wasted_compute_ratio": 0.0,
    "reuse_attempts": 58,
    "reuse_successes": 58,
    "store_attempts": 32,
    "store_successes": 58,
    "requests_seen": 64,
    "reused_prefix_tokens_total": 12760,
    "recompute_tokens_total": -2108
  }
}