{
  "strict_reactive_prefix_cache": {
    "mean_latency_ms": 71.68178074589841,
    "p50_latency_ms": 65.94723828622654,
    "p95_latency_ms": 82.43404785778316,
    "p99_latency_ms": 89.60222593237302,
    "throughput_rps": 111.60437027030409,
    "hit_rate": 0.0,
    "wasted_compute_ratio": 0.035,
    "reuse_attempts": 32,
    "reuse_successes": 0,
    "store_attempts": 32,
    "store_successes": 0,
    "requests_seen": 64,
    "reused_prefix_tokens_total": 0,
    "recompute_tokens_total": 10652
  }
}