{
  "strict_reactive_prefix_cache": {
    "mean_latency_ms": 126.06534184012871,
    "p50_latency_ms": 115.98011449291842,
    "p95_latency_ms": 144.97514311614802,
    "p99_latency_ms": 157.5816773001609,
    "throughput_rps": 63.45915446090883,
    "hit_rate": 0.35,
    "wasted_compute_ratio": 0.0,
    "reuse_attempts": 32,
    "reuse_successes": 11,
    "store_attempts": 32,
    "store_successes": 11,
    "requests_seen": 64,
    "reused_prefix_tokens_total": 4928,
    "recompute_tokens_total": 5724
  }
}