{
  "strict_reactive_prefix_cache": {
    "mean_latency_ms": 104.48517592407056,
    "p50_latency_ms": 96.12636185014492,
    "p95_latency_ms": 120.15795231268113,
    "p99_latency_ms": 130.6064699050882,
    "throughput_rps": 76.565885344478,
    "hit_rate": 0.0,
    "wasted_compute_ratio": 0.035,
    "reuse_attempts": 32,
    "reuse_successes": 0,
    "store_attempts": 32,
    "store_successes": 0,
    "requests_seen": 64,
    "reused_prefix_tokens_total": 0,
    "recompute_tokens_total": 10652
  }
}