{
  "shadow_kv": {
    "mean_latency_ms": 18.96359326563868,
    "p50_latency_ms": 17.446505804387584,
    "p95_latency_ms": 21.80813225548448,
    "p99_latency_ms": 23.704491582048348,
    "throughput_rps": 421.86097792424715,
    "hit_rate": 0.96875,
    "wasted_compute_ratio": 0.0,
    "reuse_attempts": 62,
    "reuse_successes": 62,
    "store_attempts": 32,
    "store_successes": 62,
    "requests_seen": 64,
    "reused_prefix_tokens_total": 13640,
    "recompute_tokens_total": -2988
  }
}