{
  "shadow_kv": {
    "mean_latency_ms": 162.361416874937,
    "p50_latency_ms": 149.37250352494203,
    "p95_latency_ms": 186.71562940617753,
    "p99_latency_ms": 202.95177109367125,
    "throughput_rps": 49.27279001366564,
    "hit_rate": 0.984375,
    "wasted_compute_ratio": 0.0,
    "reuse_attempts": 63,
    "reuse_successes": 63,
    "store_attempts": 32,
    "store_successes": 63,
    "requests_seen": 64,
    "reused_prefix_tokens_total": 13860,
    "recompute_tokens_total": -3208
  }
}