{
  "reactive_prefix_cache": {
    "mean_latency_ms": 80.55500767047167,
    "p50_latency_ms": 74.11060705683394,
    "p95_latency_ms": 92.63825882104241,
    "p99_latency_ms": 100.69375958808959,
    "throughput_rps": 99.31102027481388,
    "hit_rate": 0.35,
    "wasted_compute_ratio": 0.003,
    "reuse_attempts": 32,
    "reuse_successes": 11,
    "store_attempts": 32,
    "store_successes": 11,
    "requests_seen": 64,
    "reused_prefix_tokens_total": 4928,
    "recompute_tokens_total": 5724
  }
}