{
  "shadow_kv_plus_lite": {
    "mean_latency_ms": 42.402944726394054,
    "p50_latency_ms": 39.01070914828253,
    "p95_latency_ms": 48.763386435353155,
    "p99_latency_ms": 53.00368090799257,
    "throughput_rps": 188.6661422130038,
    "hit_rate": 0.0,
    "wasted_compute_ratio": 0.0,
    "reuse_attempts": 32,
    "reuse_successes": 0,
    "store_attempts": 32,
    "store_successes": 0,
    "requests_seen": 64,
    "reused_prefix_tokens_total": 0,
    "recompute_tokens_total": 10652
  }
}