{
  "shadow_kv": {
    "mean_latency_ms": 104.22824762525806,
    "p50_latency_ms": 95.88998781523742,
    "p95_latency_ms": 119.86248476904676,
    "p99_latency_ms": 130.28530953157258,
    "throughput_rps": 76.75462441586063,
    "hit_rate": 0.96875,
    "wasted_compute_ratio": 0.0,
    "reuse_attempts": 62,
    "reuse_successes": 62,
    "store_attempts": 32,
    "store_successes": 62,
    "requests_seen": 64,
    "reused_prefix_tokens_total": 13640,
    "recompute_tokens_total": -2988
  }
}