{
  "shadow_kv_plus": {
    "mean_latency_ms": 77.26446181254687,
    "p50_latency_ms": 71.08330486754312,
    "p95_latency_ms": 88.8541310844289,
    "p99_latency_ms": 96.58057726568359,
    "throughput_rps": 103.54048694998987,
    "hit_rate": 0.984375,
    "wasted_compute_ratio": 0.0,
    "reuse_attempts": 63,
    "reuse_successes": 63,
    "store_attempts": 32,
    "store_successes": 63,
    "requests_seen": 64,
    "reused_prefix_tokens_total": 13860,
    "recompute_tokens_total": -3208
  }
}