{
  "shadow_kv_plus_lite": {
    "mean_latency_ms": 26.725661066151094,
    "p50_latency_ms": 24.587608180859007,
    "p95_latency_ms": 30.734510226073755,
    "p99_latency_ms": 33.40707633268887,
    "throughput_rps": 299.33777803282317,
    "hit_rate": 0.6,
    "wasted_compute_ratio": 0.0,
    "reuse_attempts": 32,
    "reuse_successes": 19,
    "store_attempts": 32,
    "store_successes": 19,
    "requests_seen": 64,
    "reused_prefix_tokens_total": 8448,
    "recompute_tokens_total": 2204
  }
}