{
  "shadow_kv_plus": {
    "mean_latency_ms": 72.72604814062333,
    "p50_latency_ms": 66.90796428937347,
    "p95_latency_ms": 83.63495536171683,
    "p99_latency_ms": 90.90756017577917,
    "throughput_rps": 110.00185221849499,
    "hit_rate": 0.0,
    "wasted_compute_ratio": 0.0,
    "reuse_attempts": 0,
    "reuse_successes": 0,
    "store_attempts": 32,
    "store_successes": 0,
    "requests_seen": 64,
    "reused_prefix_tokens_total": 0,
    "recompute_tokens_total": 10652
  }
}