{
  "shadow_kv_plus_lite": {
    "mean_latency_ms": 76.81811263180968,
    "p50_latency_ms": 70.67266362126492,
    "p95_latency_ms": 88.34082952658113,
    "p99_latency_ms": 96.02264078976211,
    "throughput_rps": 104.14210563001092,
    "hit_rate": 0.35,
    "wasted_compute_ratio": 0.0,
    "reuse_attempts": 32,
    "reuse_successes": 11,
    "store_attempts": 32,
    "store_successes": 11,
    "requests_seen": 64,
    "reused_prefix_tokens_total": 4928,
    "recompute_tokens_total": 5724
  }
}