{
  "reactive_prefix_cache": {
    "mean_latency_ms": 23.496753480101162,
    "p50_latency_ms": 21.61701320169307,
    "p95_latency_ms": 27.021266502116333,
    "p99_latency_ms": 29.370941850126453,
    "throughput_rps": 340.47256812627364,
    "hit_rate": 0.35,
    "wasted_compute_ratio": 0.003,
    "reuse_attempts": 32,
    "reuse_successes": 11,
    "store_attempts": 32,
    "store_successes": 11,
    "requests_seen": 64,
    "reused_prefix_tokens_total": 4928,
    "recompute_tokens_total": 5724
  }
}