{
  "reactive_prefix_cache": {
    "mean_latency_ms": 21.020989719486042,
    "p50_latency_ms": 19.33931054192716,
    "p95_latency_ms": 24.174138177408945,
    "p99_latency_ms": 26.276237149357552,
    "throughput_rps": 380.5719952654826,
    "hit_rate": 0.35,
    "wasted_compute_ratio": 0.003,
    "reuse_attempts": 32,
    "reuse_successes": 11,
    "store_attempts": 32,
    "store_successes": 11,
    "requests_seen": 64,
    "reused_prefix_tokens_total": 4928,
    "recompute_tokens_total": 5724
  }
}