{
  "no_cache": {
    "mean_latency_ms": 21.028812859370305,
    "p50_latency_ms": 19.34650783062068,
    "p95_latency_ms": 24.183134788275847,
    "p99_latency_ms": 26.28601607421288,
    "throughput_rps": 380.4304148550759,
    "hit_rate": 0.0,
    "wasted_compute_ratio": 0.0,
    "reuse_attempts": 0,
    "reuse_successes": 0,
    "store_attempts": 32,
    "store_successes": 0,
    "requests_seen": 64,
    "reused_prefix_tokens_total": 0,
    "recompute_tokens_total": 10652
  }
}