{
  "reactive_prefix_cache": {
    "mean_latency_ms": 92.36414078113992,
    "p50_latency_ms": 84.97500951864873,
    "p95_latency_ms": 106.2187618983109,
    "p99_latency_ms": 115.4551759764249,
    "throughput_rps": 86.6137002124697,
    "hit_rate": 0.0,
    "wasted_compute_ratio": 0.108,
    "reuse_attempts": 32,
    "reuse_successes": 0,
    "store_attempts": 32,
    "store_successes": 0,
    "requests_seen": 64,
    "reused_prefix_tokens_total": 0,
    "recompute_tokens_total": 10652
  }
}