{
  "no_cache": {
    "mean_latency_ms": 152.997047375095,
    "p50_latency_ms": 140.7572835850874,
    "p95_latency_ms": 175.94660448135926,
    "p99_latency_ms": 191.24630921886876,
    "throughput_rps": 52.28859077513314,
    "hit_rate": 0.0,
    "wasted_compute_ratio": 0.0,
    "reuse_attempts": 0,
    "reuse_successes": 0,
    "store_attempts": 32,
    "store_successes": 0,
    "requests_seen": 64,
    "reused_prefix_tokens_total": 0,
    "recompute_tokens_total": 10652
  }
}