{
  "greedy_prefix_cache": {
    "mean_latency_ms": 60.88599011590166,
    "p50_latency_ms": 56.01511090662953,
    "p95_latency_ms": 70.0188886332869,
    "p99_latency_ms": 76.10748764487708,
    "throughput_rps": 131.3931166229098,
    "hit_rate": 0.35,
    "wasted_compute_ratio": 0.0,
    "reuse_attempts": 32,
    "reuse_successes": 11,
    "store_attempts": 32,
    "store_successes": 11,
    "requests_seen": 64,
    "reused_prefix_tokens_total": 4928,
    "recompute_tokens_total": 5724
  }
}