{
  "no_cache": {
    "mean_latency_ms": 285.9695579062702,
    "p50_latency_ms": 263.0919932737686,
    "p95_latency_ms": 328.86499159221074,
    "p99_latency_ms": 357.46194738283776,
    "throughput_rps": 27.97500565644855,
    "hit_rate": 0.0,
    "wasted_compute_ratio": 0.0,
    "reuse_attempts": 0,
    "reuse_successes": 0,
    "store_attempts": 32,
    "store_successes": 0,
    "requests_seen": 64,
    "reused_prefix_tokens_total": 0,
    "recompute_tokens_total": 10652
  }
}