{
  "no_cache": {
    "mean_latency_ms": 14.592833687572693,
    "p50_latency_ms": 13.425406992566877,
    "p95_latency_ms": 16.781758740708597,
    "p99_latency_ms": 18.241042109465866,
    "throughput_rps": 548.214292801324,
    "hit_rate": 0.0,
    "wasted_compute_ratio": 0.0,
    "reuse_attempts": 0,
    "reuse_successes": 0,
    "store_attempts": 32,
    "store_successes": 0,
    "requests_seen": 64,
    "reused_prefix_tokens_total": 0,
    "recompute_tokens_total": 10652
  }
}