{
  "no_cache": {
    "mean_latency_ms": 120.43824965650174,
    "p50_latency_ms": 110.8031896839816,
    "p95_latency_ms": 138.503987104977,
    "p99_latency_ms": 150.54781207062717,
    "throughput_rps": 66.4240805791894,
    "hit_rate": 0.0,
    "wasted_compute_ratio": 0.0,
    "reuse_attempts": 0,
    "reuse_successes": 0,
    "store_attempts": 32,
    "store_successes": 0,
    "requests_seen": 64,
    "reused_prefix_tokens_total": 0,
    "recompute_tokens_total": 10652
  }
}