{
  "reactive_prefix_cache": {
    "mean_latency_ms": 19.789993483711818,
    "p50_latency_ms": 18.206794005014874,
    "p95_latency_ms": 22.75849250626859,
    "p99_latency_ms": 24.73749185463977,
    "throughput_rps": 404.24470106998325,
    "hit_rate": 0.35,
    "wasted_compute_ratio": 0.003,
    "reuse_attempts": 32,
    "reuse_successes": 11,
    "store_attempts": 32,
    "store_successes": 11,
    "requests_seen": 64,
    "reused_prefix_tokens_total": 4928,
    "recompute_tokens_total": 5724
  }
}