{
  "no_cache": {
    "mean_latency_ms": 88.00070151556838,
    "p50_latency_ms": 80.96064539432291,
    "p95_latency_ms": 101.20080674290362,
    "p99_latency_ms": 110.00087689446048,
    "throughput_rps": 90.90836620870238,
    "hit_rate": 0.0,
    "wasted_compute_ratio": 0.0,
    "reuse_attempts": 0,
    "reuse_successes": 0,
    "store_attempts": 32,
    "store_successes": 0,
    "requests_seen": 64,
    "reused_prefix_tokens_total": 0,
    "recompute_tokens_total": 10652
  }
}