{
  "shadow_kv_plus_lite": {
    "mean_latency_ms": 303.8493794615917,
    "p50_latency_ms": 279.54142910466436,
    "p95_latency_ms": 349.42678638083044,
    "p99_latency_ms": 379.81172432698963,
    "throughput_rps": 26.32883441847294,
    "hit_rate": 0.35,
    "wasted_compute_ratio": 0.0,
    "reuse_attempts": 32,
    "reuse_successes": 11,
    "store_attempts": 32,
    "store_successes": 11,
    "requests_seen": 64,
    "reused_prefix_tokens_total": 4928,
    "recompute_tokens_total": 5724
  }
}