{
  "strict_reactive_prefix_cache": {
    "mean_latency_ms": 68.01933447901673,
    "p50_latency_ms": 62.5777877206954,
    "p95_latency_ms": 78.22223465086924,
    "p99_latency_ms": 85.02416809877091,
    "throughput_rps": 117.61361767613174,
    "hit_rate": 0.35,
    "wasted_compute_ratio": 0.0,
    "reuse_attempts": 32,
    "reuse_successes": 11,
    "store_attempts": 32,
    "store_successes": 11,
    "requests_seen": 64,
    "reused_prefix_tokens_total": 4928,
    "recompute_tokens_total": 5724
  }
}