{
  "shadow_kv_plus_lite": {
    "mean_latency_ms": 71.36275805715037,
    "p50_latency_ms": 65.65373741257835,
    "p95_latency_ms": 82.06717176572292,
    "p99_latency_ms": 89.20344757143796,
    "throughput_rps": 112.10329053696685,
    "hit_rate": 0.35,
    "wasted_compute_ratio": 0.0,
    "reuse_attempts": 32,
    "reuse_successes": 11,
    "store_attempts": 32,
    "store_successes": 11,
    "requests_seen": 64,
    "reused_prefix_tokens_total": 4928,
    "recompute_tokens_total": 5724
  }
}