{
  "strict_reactive_prefix_cache": {
    "mean_latency_ms": 137.69619709343087,
    "p50_latency_ms": 126.6805013259564,
    "p95_latency_ms": 158.35062665744547,
    "p99_latency_ms": 172.1202463667886,
    "throughput_rps": 58.09891753634828,
    "hit_rate": 0.0,
    "wasted_compute_ratio": 0.035,
    "reuse_attempts": 32,
    "reuse_successes": 0,
    "store_attempts": 32,
    "store_successes": 0,
    "requests_seen": 64,
    "reused_prefix_tokens_total": 0,
    "recompute_tokens_total": 10652
  }
}