{
  "shadow_kv_plus_lite": {
    "mean_latency_ms": 20.56358970591532,
    "p50_latency_ms": 18.918502529442094,
    "p95_latency_ms": 23.648128161802614,
    "p99_latency_ms": 25.70448713239415,
    "throughput_rps": 389.0371338083409,
    "hit_rate": 0.6,
    "wasted_compute_ratio": 0.0,
    "reuse_attempts": 32,
    "reuse_successes": 19,
    "store_attempts": 32,
    "store_successes": 19,
    "requests_seen": 64,
    "reused_prefix_tokens_total": 8448,
    "recompute_tokens_total": 2204
  }
}