{
  "greedy_prefix_cache": {
    "mean_latency_ms": 76.56927805318651,
    "p50_latency_ms": 70.44373580893159,
    "p95_latency_ms": 88.05466976116448,
    "p99_latency_ms": 95.71159756648314,
    "throughput_rps": 104.48054628963648,
    "hit_rate": 0.0,
    "wasted_compute_ratio": 0.0,
    "reuse_attempts": 32,
    "reuse_successes": 0,
    "store_attempts": 32,
    "store_successes": 0,
    "requests_seen": 64,
    "reused_prefix_tokens_total": 0,
    "recompute_tokens_total": 10652
  }
}