{
  "no_cache": {
    "mean_latency_ms": 45.686278906266864,
    "p50_latency_ms": 42.031376593765515,
    "p95_latency_ms": 52.539220742206886,
    "p99_latency_ms": 57.10784863283358,
    "throughput_rps": 175.10727928648674,
    "hit_rate": 0.0,
    "wasted_compute_ratio": 0.0,
    "reuse_attempts": 0,
    "reuse_successes": 0,
    "store_attempts": 32,
    "store_successes": 0,
    "requests_seen": 64,
    "reused_prefix_tokens_total": 0,
    "recompute_tokens_total": 10652
  }
}