{
  "strict_reactive_prefix_cache": {
    "mean_latency_ms": 280.2166499479123,
    "p50_latency_ms": 257.7993179520793,
    "p95_latency_ms": 322.2491474400991,
    "p99_latency_ms": 350.27081243489033,
    "throughput_rps": 28.549338526055,
    "hit_rate": 0.35,
    "wasted_compute_ratio": 0.0,
    "reuse_attempts": 32,
    "reuse_successes": 11,
    "store_attempts": 32,
    "store_successes": 11,
    "requests_seen": 64,
    "reused_prefix_tokens_total": 4928,
    "recompute_tokens_total": 5724
  }
}