{
  "shadow_kv_plus": {
    "mean_latency_ms": 66.3934207028376,
    "p50_latency_ms": 61.081947046610594,
    "p95_latency_ms": 76.35243380826324,
    "p99_latency_ms": 82.991775878547,
    "throughput_rps": 120.49386694212137,
    "hit_rate": 0.0,
    "wasted_compute_ratio": 0.0,
    "reuse_attempts": 0,
    "reuse_successes": 0,
    "store_attempts": 32,
    "store_successes": 0,
    "requests_seen": 64,
    "reused_prefix_tokens_total": 0,
    "recompute_tokens_total": 10652
  }
}