{
  "greedy_prefix_cache": {
    "mean_latency_ms": 50.99660407608699,
    "p50_latency_ms": 46.91687575000003,
    "p95_latency_ms": 58.64609468750003,
    "p99_latency_ms": 63.745755095108734,
    "throughput_rps": 156.87319077293836,
    "hit_rate": 0.6,
    "wasted_compute_ratio": 0.0,
    "reuse_attempts": 32,
    "reuse_successes": 19,
    "store_attempts": 32,
    "store_successes": 19,
    "requests_seen": 64,
    "reused_prefix_tokens_total": 8448,
    "recompute_tokens_total": 2204
  }
}