{
  "shadow_kv_plus_lite": {
    "mean_latency_ms": 83.33007011710691,
    "p50_latency_ms": 76.66366450773836,
    "p95_latency_ms": 95.82958063467294,
    "p99_latency_ms": 104.16258764638364,
    "throughput_rps": 96.00375937230457,
    "hit_rate": 0.0,
    "wasted_compute_ratio": 0.0,
    "reuse_attempts": 32,
    "reuse_successes": 0,
    "store_attempts": 32,
    "store_successes": 0,
    "requests_seen": 64,
    "reused_prefix_tokens_total": 0,
    "recompute_tokens_total": 10652
  }
}