{
  "reactive_prefix_cache": {
    "mean_latency_ms": 17.17453024304976,
    "p50_latency_ms": 15.800567823605778,
    "p95_latency_ms": 19.750709779507222,
    "p99_latency_ms": 21.4681628038122,
    "throughput_rps": 465.80604457798574,
    "hit_rate": 0.0,
    "wasted_compute_ratio": 0.108,
    "reuse_attempts": 32,
    "reuse_successes": 0,
    "store_attempts": 32,
    "store_successes": 0,
    "requests_seen": 64,
    "reused_prefix_tokens_total": 0,
    "recompute_tokens_total": 10652
  }
}