{
  "shadow_kv_plus": {
    "mean_latency_ms": 20.720823093743235,
    "p50_latency_ms": 19.063157246243776,
    "p95_latency_ms": 23.828946557804716,
    "p99_latency_ms": 25.901028867179043,
    "throughput_rps": 386.08504902566557,
    "hit_rate": 0.0,
    "wasted_compute_ratio": 0.0,
    "reuse_attempts": 0,
    "reuse_successes": 0,
    "store_attempts": 32,
    "store_successes": 0,
    "requests_seen": 64,
    "reused_prefix_tokens_total": 0,
    "recompute_tokens_total": 10652
  }
}