{
  "strict_reactive_prefix_cache": {
    "mean_latency_ms": 13.317320329302296,
    "p50_latency_ms": 12.251934702958113,
    "p95_latency_ms": 15.314918378697639,
    "p99_latency_ms": 16.64665041162787,
    "throughput_rps": 600.7214516269825,
    "hit_rate": 0.0,
    "wasted_compute_ratio": 0.035,
    "reuse_attempts": 32,
    "reuse_successes": 0,
    "store_attempts": 32,
    "store_successes": 0,
    "requests_seen": 64,
    "reused_prefix_tokens_total": 0,
    "recompute_tokens_total": 10652
  }
}