{
  "shadow_kv_plus_lite": {
    "mean_latency_ms": 45.032466472211595,
    "p50_latency_ms": 41.42986915443467,
    "p95_latency_ms": 51.78733644304333,
    "p99_latency_ms": 56.29058309026449,
    "throughput_rps": 177.64960764333438,
    "hit_rate": 0.35,
    "wasted_compute_ratio": 0.0,
    "reuse_attempts": 32,
    "reuse_successes": 11,
    "store_attempts": 32,
    "store_successes": 11,
    "requests_seen": 64,
    "reused_prefix_tokens_total": 4928,
    "recompute_tokens_total": 5724
  }
}