{
  "shadow_kv_plus": {
    "mean_latency_ms": 133.73068867184656,
    "p50_latency_ms": 123.03223357809884,
    "p95_latency_ms": 153.79029197262355,
    "p99_latency_ms": 167.1633608398082,
    "throughput_rps": 59.821721397327906,
    "hit_rate": 0.984375,
    "wasted_compute_ratio": 0.0,
    "reuse_attempts": 63,
    "reuse_successes": 63,
    "store_attempts": 32,
    "store_successes": 63,
    "requests_seen": 64,
    "reused_prefix_tokens_total": 13860,
    "recompute_tokens_total": -3208
  }
}