{
  "shadow_kv_plus_lite": {
    "mean_latency_ms": 23.336116308594335,
    "p50_latency_ms": 21.469227003906788,
    "p95_latency_ms": 26.836533754883483,
    "p99_latency_ms": 29.17014538574292,
    "throughput_rps": 342.81625503613566,
    "hit_rate": 0.0,
    "wasted_compute_ratio": 0.0,
    "reuse_attempts": 32,
    "reuse_successes": 0,
    "store_attempts": 32,
    "store_successes": 0,
    "requests_seen": 64,
    "reused_prefix_tokens_total": 0,
    "recompute_tokens_total": 10652
  }
}