{
  "no_cache": {
    "mean_latency_ms": 103.89751393741165,
    "p50_latency_ms": 95.58571282241871,
    "p95_latency_ms": 119.48214102802338,
    "p99_latency_ms": 129.87189242176456,
    "throughput_rps": 76.99895499731821,
    "hit_rate": 0.0,
    "wasted_compute_ratio": 0.0,
    "reuse_attempts": 0,
    "reuse_successes": 0,
    "store_attempts": 32,
    "store_successes": 0,
    "requests_seen": 64,
    "reused_prefix_tokens_total": 0,
    "recompute_tokens_total": 10652
  }
}