{
  "reactive_prefix_cache": {
    "mean_latency_ms": 19.977459303936612,
    "p50_latency_ms": 18.379262559621683,
    "p95_latency_ms": 22.974078199527103,
    "p99_latency_ms": 24.971824129920766,
    "throughput_rps": 400.45132257752005,
    "hit_rate": 0.35,
    "wasted_compute_ratio": 0.003,
    "reuse_attempts": 32,
    "reuse_successes": 11,
    "store_attempts": 32,
    "store_successes": 11,
    "requests_seen": 64,
    "reused_prefix_tokens_total": 4928,
    "recompute_tokens_total": 5724
  }
}