{
  "shadow_kv": {
    "mean_latency_ms": 53.245454281210414,
    "p50_latency_ms": 48.98581793871358,
    "p95_latency_ms": 61.23227242339197,
    "p99_latency_ms": 66.55681785151302,
    "throughput_rps": 150.24756775947142,
    "hit_rate": 0.96875,
    "wasted_compute_ratio": 0.0,
    "reuse_attempts": 62,
    "reuse_successes": 62,
    "store_attempts": 32,
    "store_successes": 62,
    "requests_seen": 64,
    "reused_prefix_tokens_total": 13640,
    "recompute_tokens_total": -2988
  }
}