{
  "strict_reactive_prefix_cache": {
    "mean_latency_ms": 297.9156148519353,
    "p50_latency_ms": 274.0823656637805,
    "p95_latency_ms": 342.60295707972557,
    "p99_latency_ms": 372.3945185649191,
    "throughput_rps": 26.853241660313834,
    "hit_rate": 0.0,
    "wasted_compute_ratio": 0.035,
    "reuse_attempts": 32,
    "reuse_successes": 0,
    "store_attempts": 32,
    "store_successes": 0,
    "requests_seen": 64,
    "reused_prefix_tokens_total": 0,
    "recompute_tokens_total": 10652
  }
}