{
  "shadow_kv_plus_lite": {
    "mean_latency_ms": 24.50769439336649,
    "p50_latency_ms": 22.54707884189717,
    "p95_latency_ms": 28.183848552371458,
    "p99_latency_ms": 30.63461799170811,
    "throughput_rps": 326.4280952583351,
    "hit_rate": 0.6,
    "wasted_compute_ratio": 0.0,
    "reuse_attempts": 32,
    "reuse_successes": 19,
    "store_attempts": 32,
    "store_successes": 19,
    "requests_seen": 64,
    "reused_prefix_tokens_total": 8448,
    "recompute_tokens_total": 2204
  }
}