{
  "no_cache": {
    "mean_latency_ms": 20.217023765660258,
    "p50_latency_ms": 18.599661864407437,
    "p95_latency_ms": 23.249577330509293,
    "p99_latency_ms": 25.271279707075323,
    "throughput_rps": 395.7061184044531,
    "hit_rate": 0.0,
    "wasted_compute_ratio": 0.0,
    "reuse_attempts": 0,
    "reuse_successes": 0,
    "store_attempts": 32,
    "store_successes": 0,
    "requests_seen": 64,
    "reused_prefix_tokens_total": 0,
    "recompute_tokens_total": 10652
  }
}