{
  "greedy_prefix_cache": {
    "mean_latency_ms": 207.8533782688072,
    "p50_latency_ms": 191.22510800730262,
    "p95_latency_ms": 239.03138500912826,
    "p99_latency_ms": 259.81672283600903,
    "throughput_rps": 38.488669593110814,
    "hit_rate": 0.0,
    "wasted_compute_ratio": 0.0,
    "reuse_attempts": 32,
    "reuse_successes": 0,
    "store_attempts": 32,
    "store_successes": 0,
    "requests_seen": 64,
    "reused_prefix_tokens_total": 0,
    "recompute_tokens_total": 10652
  }
}