{
  "no_cache": {
    "mean_latency_ms": 65.74757976537171,
    "p50_latency_ms": 60.487773384141974,
    "p95_latency_ms": 75.60971673017747,
    "p99_latency_ms": 82.18447470671464,
    "throughput_rps": 121.67748270809328,
    "hit_rate": 0.0,
    "wasted_compute_ratio": 0.0,
    "reuse_attempts": 0,
    "reuse_successes": 0,
    "store_attempts": 32,
    "store_successes": 0,
    "requests_seen": 64,
    "reused_prefix_tokens_total": 0,
    "recompute_tokens_total": 10652
  }
}