{
  "shadow_kv_plus": {
    "mean_latency_ms": 20.287642296892727,
    "p50_latency_ms": 18.66463091314131,
    "p95_latency_ms": 23.330788641426633,
    "p99_latency_ms": 25.35955287111591,
    "throughput_rps": 394.32871907571473,
    "hit_rate": 0.0,
    "wasted_compute_ratio": 0.0,
    "reuse_attempts": 60,
    "reuse_successes": 0,
    "store_attempts": 32,
    "store_successes": 0,
    "requests_seen": 64,
    "reused_prefix_tokens_total": 0,
    "recompute_tokens_total": 10652
  }
}