{
  "shadow_kv_plus_lite": {
    "mean_latency_ms": 159.68381265039451,
    "p50_latency_ms": 146.90910763836297,
    "p95_latency_ms": 183.63638454795367,
    "p99_latency_ms": 199.60476581299315,
    "throughput_rps": 50.09900419596623,
    "hit_rate": 0.35,
    "wasted_compute_ratio": 0.0,
    "reuse_attempts": 32,
    "reuse_successes": 11,
    "store_attempts": 32,
    "store_successes": 11,
    "requests_seen": 64,
    "reused_prefix_tokens_total": 4928,
    "recompute_tokens_total": 5724
  }
}