{
  "shadow_kv_plus": {
    "mean_latency_ms": 66.3061823907185,
    "p50_latency_ms": 61.001687799461024,
    "p95_latency_ms": 76.25210974932628,
    "p99_latency_ms": 82.88272798839813,
    "throughput_rps": 120.65239939254646,
    "hit_rate": 0.0,
    "wasted_compute_ratio": 0.0,
    "reuse_attempts": 0,
    "reuse_successes": 0,
    "store_attempts": 32,
    "store_successes": 0,
    "requests_seen": 64,
    "reused_prefix_tokens_total": 0,
    "recompute_tokens_total": 10652
  }
}