{
  "greedy_prefix_cache": {
    "mean_latency_ms": 302.9009168300782,
    "p50_latency_ms": 278.66884348367194,
    "p95_latency_ms": 348.33605435458986,
    "p99_latency_ms": 378.6261460375977,
    "throughput_rps": 26.411276940729277,
    "hit_rate": 0.6,
    "wasted_compute_ratio": 0.0,
    "reuse_attempts": 32,
    "reuse_successes": 19,
    "store_attempts": 32,
    "store_successes": 19,
    "requests_seen": 64,
    "reused_prefix_tokens_total": 8448,
    "recompute_tokens_total": 2204
  }
}