{
  "reactive_prefix_cache": {
    "mean_latency_ms": 56.77799005682518,
    "p50_latency_ms": 52.23575085227917,
    "p95_latency_ms": 65.29468856534895,
    "p99_latency_ms": 70.97248757103148,
    "throughput_rps": 140.8996689032731,
    "hit_rate": 0.6,
    "wasted_compute_ratio": 0.0,
    "reuse_attempts": 32,
    "reuse_successes": 19,
    "store_attempts": 32,
    "store_successes": 19,
    "requests_seen": 64,
    "reused_prefix_tokens_total": 8448,
    "recompute_tokens_total": 2204
  }
}