{
  "shadow_kv": {
    "mean_latency_ms": 16.271723500011603,
    "p50_latency_ms": 14.969985620010675,
    "p95_latency_ms": 18.712482025013344,
    "p99_latency_ms": 20.339654375014504,
    "throughput_rps": 491.6504388729501,
    "hit_rate": 0.0,
    "wasted_compute_ratio": 1.0,
    "reuse_attempts": 62,
    "reuse_successes": 0,
    "store_attempts": 32,
    "store_successes": 0,
    "requests_seen": 64,
    "reused_prefix_tokens_total": 0,
    "recompute_tokens_total": 10652
  }
}