{
  "shadow_kv_plus": {
    "mean_latency_ms": 51.94783296870753,
    "p50_latency_ms": 47.79200633121093,
    "p95_latency_ms": 59.74000791401365,
    "p99_latency_ms": 64.93479121088441,
    "throughput_rps": 154.000649167003,
    "hit_rate": 0.984375,
    "wasted_compute_ratio": 0.0,
    "reuse_attempts": 63,
    "reuse_successes": 63,
    "store_attempts": 32,
    "store_successes": 63,
    "requests_seen": 64,
    "reused_prefix_tokens_total": 13860,
    "recompute_tokens_total": -3208
  }
}