{
  "no_cache": {
    "mean_latency_ms": 73.70127267186888,
    "p50_latency_ms": 67.80517085811937,
    "p95_latency_ms": 84.75646357264921,
    "p99_latency_ms": 92.1265908398361,
    "throughput_rps": 108.54629384240646,
    "hit_rate": 0.0,
    "wasted_compute_ratio": 0.0,
    "reuse_attempts": 0,
    "reuse_successes": 0,
    "store_attempts": 32,
    "store_successes": 0,
    "requests_seen": 64,
    "reused_prefix_tokens_total": 0,
    "recompute_tokens_total": 10652
  }
}