{
  "reactive_prefix_cache": {
    "mean_latency_ms": 147.397745205941,
    "p50_latency_ms": 135.60592558946573,
    "p95_latency_ms": 169.50740698683214,
    "p99_latency_ms": 184.24718150742623,
    "throughput_rps": 54.27491437418239,
    "hit_rate": 0.6,
    "wasted_compute_ratio": 0.0,
    "reuse_attempts": 32,
    "reuse_successes": 19,
    "store_attempts": 32,
    "store_successes": 19,
    "requests_seen": 64,
    "reused_prefix_tokens_total": 8448,
    "recompute_tokens_total": 2204
  }
}