{
  "shadow_kv_plus": {
    "mean_latency_ms": 52.49644334375603,
    "p50_latency_ms": 48.296727876255545,
    "p95_latency_ms": 60.370909845319424,
    "p99_latency_ms": 65.62055417969503,
    "throughput_rps": 152.3912762549375,
    "hit_rate": 0.9833333333333333,
    "wasted_compute_ratio": 0.0,
    "reuse_attempts": 59,
    "reuse_successes": 63,
    "store_attempts": 32,
    "store_successes": 63,
    "requests_seen": 64,
    "reused_prefix_tokens_total": 13845,
    "recompute_tokens_total": -3193
  }
}