{
  "shadow_kv_plus": {
    "mean_latency_ms": 20.269436984342803,
    "p50_latency_ms": 18.64788202559538,
    "p95_latency_ms": 23.30985253199422,
    "p99_latency_ms": 25.336796230428504,
    "throughput_rps": 394.682891595836,
    "hit_rate": 0.0,
    "wasted_compute_ratio": 0.0,
    "reuse_attempts": 60,
    "reuse_successes": 0,
    "store_attempts": 32,
    "store_successes": 0,
    "requests_seen": 64,
    "reused_prefix_tokens_total": 0,
    "recompute_tokens_total": 10652
  }
}