{
  "strict_reactive_prefix_cache": {
    "mean_latency_ms": 136.23598146863202,
    "p50_latency_ms": 125.33710295114146,
    "p95_latency_ms": 156.6713786889268,
    "p99_latency_ms": 170.29497683579,
    "throughput_rps": 58.72163810000502,
    "hit_rate": 0.0,
    "wasted_compute_ratio": 0.035,
    "reuse_attempts": 32,
    "reuse_successes": 0,
    "store_attempts": 32,
    "store_successes": 0,
    "requests_seen": 64,
    "reused_prefix_tokens_total": 0,
    "recompute_tokens_total": 10652
  }
}