{
  "greedy_prefix_cache": {
    "mean_latency_ms": 21.57582127811532,
    "p50_latency_ms": 19.849755575866094,
    "p95_latency_ms": 24.812194469832615,
    "p99_latency_ms": 26.96977659764415,
    "throughput_rps": 370.7854221111166,
    "hit_rate": 0.35,
    "wasted_compute_ratio": 0.0,
    "reuse_attempts": 32,
    "reuse_successes": 11,
    "store_attempts": 32,
    "store_successes": 11,
    "requests_seen": 64,
    "reused_prefix_tokens_total": 4928,
    "recompute_tokens_total": 5724
  }
}