{
  "no_cache": {
    "mean_latency_ms": 79.07417795316007,
    "p50_latency_ms": 72.74824371690727,
    "p95_latency_ms": 90.93530464613409,
    "p99_latency_ms": 98.84272244145009,
    "throughput_rps": 101.17082727990969,
    "hit_rate": 0.0,
    "wasted_compute_ratio": 0.0,
    "reuse_attempts": 0,
    "reuse_successes": 0,
    "store_attempts": 32,
    "store_successes": 0,
    "requests_seen": 64,
    "reused_prefix_tokens_total": 0,
    "recompute_tokens_total": 10652
  }
}