{
  "shadow_kv_plus": {
    "mean_latency_ms": 114.93765276577506,
    "p50_latency_ms": 105.74264054451305,
    "p95_latency_ms": 132.1783006806413,
    "p99_latency_ms": 143.67206595721882,
    "throughput_rps": 69.6029526225209,
    "hit_rate": 0.9833333333333333,
    "wasted_compute_ratio": 0.0,
    "reuse_attempts": 59,
    "reuse_successes": 63,
    "store_attempts": 32,
    "store_successes": 63,
    "requests_seen": 64,
    "reused_prefix_tokens_total": 13845,
    "recompute_tokens_total": -3193
  }
}