{
  "shadow_kv": {
    "mean_latency_ms": 55.716784624920024,
    "p50_latency_ms": 51.25944185492642,
    "p95_latency_ms": 64.07430231865803,
    "p99_latency_ms": 69.64598078115003,
    "throughput_rps": 143.58330355664316,
    "hit_rate": 0.90625,
    "wasted_compute_ratio": 0.0,
    "reuse_attempts": 58,
    "reuse_successes": 58,
    "store_attempts": 32,
    "store_successes": 58,
    "requests_seen": 64,
    "reused_prefix_tokens_total": 12760,
    "recompute_tokens_total": -2108
  }
}