{
  "reactive_prefix_cache": {
    "mean_latency_ms": 42.50447918405737,
    "p50_latency_ms": 39.10412084933278,
    "p95_latency_ms": 48.88015106166597,
    "p99_latency_ms": 53.13059898007171,
    "throughput_rps": 188.21545760759844,
    "hit_rate": 0.0,
    "wasted_compute_ratio": 0.108,
    "reuse_attempts": 32,
    "reuse_successes": 0,
    "store_attempts": 32,
    "store_successes": 0,
    "requests_seen": 64,
    "reused_prefix_tokens_total": 0,
    "recompute_tokens_total": 10652
  }
}