{
  "reactive_prefix_cache": {
    "mean_latency_ms": 139.04849999996648,
    "p50_latency_ms": 127.92461999996917,
    "p95_latency_ms": 159.90577499996144,
    "p99_latency_ms": 173.8106249999581,
    "throughput_rps": 57.533882062747374,
    "hit_rate": 0.0,
    "wasted_compute_ratio": 0.108,
    "reuse_attempts": 32,
    "reuse_successes": 0,
    "store_attempts": 32,
    "store_successes": 0,
    "requests_seen": 64,
    "reused_prefix_tokens_total": 0,
    "recompute_tokens_total": 10652
  }
}