{
  "shadow_kv_plus_lite": {
    "mean_latency_ms": 63.24872692018799,
    "p50_latency_ms": 58.188828766572954,
    "p95_latency_ms": 72.73603595821618,
    "p99_latency_ms": 79.06090865023499,
    "throughput_rps": 126.48475929159812,
    "hit_rate": 0.35,
    "wasted_compute_ratio": 0.0,
    "reuse_attempts": 32,
    "reuse_successes": 11,
    "store_attempts": 32,
    "store_successes": 11,
    "requests_seen": 64,
    "reused_prefix_tokens_total": 4928,
    "recompute_tokens_total": 5724
  }
}