{
  "shadow_kv": {
    "mean_latency_ms": 344.1724228752605,
    "p50_latency_ms": 316.63862904523967,
    "p95_latency_ms": 395.7982863065495,
    "p99_latency_ms": 430.21552859407564,
    "throughput_rps": 23.244163298055593,
    "hit_rate": 0.921875,
    "wasted_compute_ratio": 0.0,
    "reuse_attempts": 59,
    "reuse_successes": 59,
    "store_attempts": 32,
    "store_successes": 59,
    "requests_seen": 64,
    "reused_prefix_tokens_total": 12980,
    "recompute_tokens_total": -2328
  }
}