{
  "reactive_prefix_cache": {
    "mean_latency_ms": 59.031628373531284,
    "p50_latency_ms": 54.309098103648786,
    "p95_latency_ms": 67.88637262956097,
    "p99_latency_ms": 73.7895354669141,
    "throughput_rps": 135.52057126696263,
    "hit_rate": 0.6,
    "wasted_compute_ratio": 0.0,
    "reuse_attempts": 32,
    "reuse_successes": 19,
    "store_attempts": 32,
    "store_successes": 19,
    "requests_seen": 64,
    "reused_prefix_tokens_total": 8448,
    "recompute_tokens_total": 2204
  }
}