{
  "shadow_kv": {
    "mean_latency_ms": 23.862727749957457,
    "p50_latency_ms": 21.95370952996086,
    "p95_latency_ms": 27.442136912451073,
    "p99_latency_ms": 29.828409687446822,
    "throughput_rps": 335.25085999500885,
    "hit_rate": 0.875,
    "wasted_compute_ratio": 0.0,
    "reuse_attempts": 56,
    "reuse_successes": 56,
    "store_attempts": 32,
    "store_successes": 56,
    "requests_seen": 64,
    "reused_prefix_tokens_total": 12320,
    "recompute_tokens_total": -1668
  }
}