{
  "shadow_kv_plus": {
    "mean_latency_ms": 98.07284078127054,
    "p50_latency_ms": 90.2270135187689,
    "p95_latency_ms": 112.78376689846111,
    "p99_latency_ms": 122.59105097658818,
    "throughput_rps": 81.57202275645511,
    "hit_rate": 0.984375,
    "wasted_compute_ratio": 0.0,
    "reuse_attempts": 63,
    "reuse_successes": 63,
    "store_attempts": 32,
    "store_successes": 63,
    "requests_seen": 64,
    "reused_prefix_tokens_total": 13860,
    "recompute_tokens_total": -3208
  }
}