{
  "shadow_kv": {
    "mean_latency_ms": 35.18070884381075,
    "p50_latency_ms": 32.36625213630589,
    "p95_latency_ms": 40.45781517038236,
    "p99_latency_ms": 43.975886054763436,
    "throughput_rps": 227.39735107433515,
    "hit_rate": 0.109375,
    "wasted_compute_ratio": 1.0,
    "reuse_attempts": 62,
    "reuse_successes": 7,
    "store_attempts": 32,
    "store_successes": 7,
    "requests_seen": 64,
    "reused_prefix_tokens_total": 1540,
    "recompute_tokens_total": 9112
  }
}