{
  "shadow_kv_plus_lite": {
    "mean_latency_ms": 141.6203626881355,
    "p50_latency_ms": 130.29073367308465,
    "p95_latency_ms": 162.86341709135579,
    "p99_latency_ms": 177.02545336016937,
    "throughput_rps": 56.48905177299207,
    "hit_rate": 0.35,
    "wasted_compute_ratio": 0.0,
    "reuse_attempts": 32,
    "reuse_successes": 11,
    "store_attempts": 32,
    "store_successes": 11,
    "requests_seen": 64,
    "reused_prefix_tokens_total": 4928,
    "recompute_tokens_total": 5724
  }
}