{
  "shadow_kv": {
    "mean_latency_ms": 166.93191679701158,
    "p50_latency_ms": 153.57736345325065,
    "p95_latency_ms": 191.9717043165633,
    "p99_latency_ms": 208.66489599626448,
    "throughput_rps": 47.92372934726414,
    "hit_rate": 0.984375,
    "wasted_compute_ratio": 0.0,
    "reuse_attempts": 63,
    "reuse_successes": 63,
    "store_attempts": 32,
    "store_successes": 63,
    "requests_seen": 64,
    "reused_prefix_tokens_total": 13860,
    "recompute_tokens_total": -3208
  }
}