{
  "shadow_kv_plus": {
    "mean_latency_ms": 56.472488203127114,
    "p50_latency_ms": 51.954689146876945,
    "p95_latency_ms": 64.94336143359618,
    "p99_latency_ms": 70.59061025390889,
    "throughput_rps": 141.66190041466965,
    "hit_rate": 0.0,
    "wasted_compute_ratio": 0.0,
    "reuse_attempts": 0,
    "reuse_successes": 0,
    "store_attempts": 32,
    "store_successes": 0,
    "requests_seen": 64,
    "reused_prefix_tokens_total": 0,
    "recompute_tokens_total": 10652
  }
}