{
  "reactive_prefix_cache": {
    "mean_latency_ms": 19.475157708354928,
    "p50_latency_ms": 17.917145091686535,
    "p95_latency_ms": 22.396431364608166,
    "p99_latency_ms": 24.34394713544366,
    "throughput_rps": 410.7797287088446,
    "hit_rate": 0.0,
    "wasted_compute_ratio": 0.108,
    "reuse_attempts": 32,
    "reuse_successes": 0,
    "store_attempts": 32,
    "store_successes": 0,
    "requests_seen": 64,
    "reused_prefix_tokens_total": 0,
    "recompute_tokens_total": 10652
  }
}