{
  "shadow_kv_plus_lite": {
    "mean_latency_ms": 121.46401701173204,
    "p50_latency_ms": 111.74689565079348,
    "p95_latency_ms": 139.68361956349185,
    "p99_latency_ms": 151.83002126466505,
    "throughput_rps": 65.86312717804559,
    "hit_rate": 0.0,
    "wasted_compute_ratio": 0.0,
    "reuse_attempts": 32,
    "reuse_successes": 0,
    "store_attempts": 32,
    "store_successes": 0,
    "requests_seen": 64,
    "reused_prefix_tokens_total": 0,
    "recompute_tokens_total": 10652
  }
}