{
  "no_cache": {
    "mean_latency_ms": 20.098037375014144,
    "p50_latency_ms": 18.490194385013012,
    "p95_latency_ms": 23.112742981266262,
    "p99_latency_ms": 25.12254671876768,
    "throughput_rps": 398.04881694297126,
    "hit_rate": 0.0,
    "wasted_compute_ratio": 0.0,
    "reuse_attempts": 0,
    "reuse_successes": 0,
    "store_attempts": 32,
    "store_successes": 0,
    "requests_seen": 64,
    "reused_prefix_tokens_total": 0,
    "recompute_tokens_total": 10652
  }
}