{
  "no_cache": {
    "mean_latency_ms": 20.335836921823613,
    "p50_latency_ms": 18.708969968077724,
    "p95_latency_ms": 23.386212460097152,
    "p99_latency_ms": 25.419796152279517,
    "throughput_rps": 393.39418538583567,
    "hit_rate": 0.0,
    "wasted_compute_ratio": 0.0,
    "reuse_attempts": 0,
    "reuse_successes": 0,
    "store_attempts": 32,
    "store_successes": 0,
    "requests_seen": 64,
    "reused_prefix_tokens_total": 0,
    "recompute_tokens_total": 10652
  }
}