{
  "shadow_kv_plus": {
    "mean_latency_ms": 21.98129774997426,
    "p50_latency_ms": 20.22279392997632,
    "p95_latency_ms": 25.278492412470396,
    "p99_latency_ms": 27.476622187467825,
    "throughput_rps": 363.9457547500519,
    "hit_rate": 0.984375,
    "wasted_compute_ratio": 0.0,
    "reuse_attempts": 63,
    "reuse_successes": 63,
    "store_attempts": 32,
    "store_successes": 63,
    "requests_seen": 64,
    "reused_prefix_tokens_total": 13860,
    "recompute_tokens_total": -3208
  }
}