{
  "no_cache": {
    "mean_latency_ms": 15.42306714064523,
    "p50_latency_ms": 14.189221769393612,
    "p95_latency_ms": 17.736527211742015,
    "p99_latency_ms": 19.278833925806538,
    "throughput_rps": 518.7035708946098,
    "hit_rate": 0.0,
    "wasted_compute_ratio": 0.0,
    "reuse_attempts": 0,
    "reuse_successes": 0,
    "store_attempts": 32,
    "store_successes": 0,
    "requests_seen": 64,
    "reused_prefix_tokens_total": 0,
    "recompute_tokens_total": 10652
  }
}