{
  "no_cache": {
    "mean_latency_ms": 117.0166721718715,
    "p50_latency_ms": 107.65533839812178,
    "p95_latency_ms": 134.56917299765223,
    "p99_latency_ms": 146.27084021483938,
    "throughput_rps": 68.36632636629571,
    "hit_rate": 0.0,
    "wasted_compute_ratio": 0.0,
    "reuse_attempts": 0,
    "reuse_successes": 0,
    "store_attempts": 32,
    "store_successes": 0,
    "requests_seen": 64,
    "reused_prefix_tokens_total": 0,
    "recompute_tokens_total": 10652
  }
}