{
  "shadow_kv_plus_lite": {
    "mean_latency_ms": 23.663887518798354,
    "p50_latency_ms": 21.770776517294486,
    "p95_latency_ms": 27.213470646618106,
    "p99_latency_ms": 29.579859398497945,
    "throughput_rps": 338.0678679124417,
    "hit_rate": 0.35,
    "wasted_compute_ratio": 0.0,
    "reuse_attempts": 32,
    "reuse_successes": 11,
    "store_attempts": 32,
    "store_successes": 11,
    "requests_seen": 64,
    "reused_prefix_tokens_total": 4928,
    "recompute_tokens_total": 5724
  }
}