{
  "shadow_kv": {
    "mean_latency_ms": 90.45165740604943,
    "p50_latency_ms": 83.21552481356548,
    "p95_latency_ms": 104.01940601695684,
    "p99_latency_ms": 113.0645717575618,
    "throughput_rps": 88.4450349437705,
    "hit_rate": 0.96875,
    "wasted_compute_ratio": 1.0,
    "reuse_attempts": 63,
    "reuse_successes": 62,
    "store_attempts": 32,
    "store_successes": 62,
    "requests_seen": 64,
    "reused_prefix_tokens_total": 13640,
    "recompute_tokens_total": -2988
  }
}