{
  "no_cache": {
    "mean_latency_ms": 61.111595281218456,
    "p50_latency_ms": 56.22266765872098,
    "p95_latency_ms": 70.27833457340122,
    "p99_latency_ms": 76.38949410152307,
    "throughput_rps": 130.90805375291285,
    "hit_rate": 0.0,
    "wasted_compute_ratio": 0.0,
    "reuse_attempts": 0,
    "reuse_successes": 0,
    "store_attempts": 32,
    "store_successes": 0,
    "requests_seen": 64,
    "reused_prefix_tokens_total": 0,
    "recompute_tokens_total": 10652
  }
}