{
  "shadow_kv_plus_lite": {
    "mean_latency_ms": 58.78191911765431,
    "p50_latency_ms": 54.07936558824197,
    "p95_latency_ms": 67.59920698530246,
    "p99_latency_ms": 73.47739889706789,
    "throughput_rps": 136.0962710997524,
    "hit_rate": 0.6,
    "wasted_compute_ratio": 0.0,
    "reuse_attempts": 32,
    "reuse_successes": 19,
    "store_attempts": 32,
    "store_successes": 19,
    "requests_seen": 64,
    "reused_prefix_tokens_total": 8448,
    "recompute_tokens_total": 2204
  }
}