{
  "shadow_kv_plus_lite": {
    "mean_latency_ms": 46.436989024753295,
    "p50_latency_ms": 42.72202990277303,
    "p95_latency_ms": 53.402537378466285,
    "p99_latency_ms": 58.04623628094162,
    "throughput_rps": 172.27645822892586,
    "hit_rate": 0.35,
    "wasted_compute_ratio": 0.0,
    "reuse_attempts": 32,
    "reuse_successes": 11,
    "store_attempts": 32,
    "store_successes": 11,
    "requests_seen": 64,
    "reused_prefix_tokens_total": 4928,
    "recompute_tokens_total": 5724
  }
}