{
  "no_cache": {
    "mean_latency_ms": 245.4635404217811,
    "p50_latency_ms": 225.8264571880386,
    "p95_latency_ms": 282.28307148504825,
    "p99_latency_ms": 306.82942552722636,
    "throughput_rps": 32.591398242906315,
    "hit_rate": 0.0,
    "wasted_compute_ratio": 0.0,
    "reuse_attempts": 0,
    "reuse_successes": 0,
    "store_attempts": 32,
    "store_successes": 0,
    "requests_seen": 64,
    "reused_prefix_tokens_total": 0,
    "recompute_tokens_total": 10652
  }
}