{
  "greedy_prefix_cache": {
    "mean_latency_ms": 145.63156639750318,
    "p50_latency_ms": 133.98104108570294,
    "p95_latency_ms": 167.47630135712865,
    "p99_latency_ms": 182.03945799687898,
    "throughput_rps": 54.93314531935954,
    "hit_rate": 0.0,
    "wasted_compute_ratio": 0.0,
    "reuse_attempts": 32,
    "reuse_successes": 0,
    "store_attempts": 32,
    "store_successes": 0,
    "requests_seen": 64,
    "reused_prefix_tokens_total": 0,
    "recompute_tokens_total": 10652
  }
}