{
  "greedy_prefix_cache": {
    "mean_latency_ms": 117.61835799206084,
    "p50_latency_ms": 108.20888935269598,
    "p95_latency_ms": 135.26111169086994,
    "p99_latency_ms": 147.02294749007604,
    "throughput_rps": 68.01659312859984,
    "hit_rate": 0.0,
    "wasted_compute_ratio": 0.0,
    "reuse_attempts": 32,
    "reuse_successes": 0,
    "store_attempts": 32,
    "store_successes": 0,
    "requests_seen": 64,
    "reused_prefix_tokens_total": 0,
    "recompute_tokens_total": 10652
  }
}