{
  "greedy_prefix_cache": {
    "mean_latency_ms": 79.62512357777811,
    "p50_latency_ms": 73.25511369155586,
    "p95_latency_ms": 91.56889211444482,
    "p99_latency_ms": 99.53140447222265,
    "throughput_rps": 100.47080168341053,
    "hit_rate": 0.35,
    "wasted_compute_ratio": 0.0,
    "reuse_attempts": 32,
    "reuse_successes": 11,
    "store_attempts": 32,
    "store_successes": 11,
    "requests_seen": 64,
    "reused_prefix_tokens_total": 4928,
    "recompute_tokens_total": 5724
  }
}