{
  "reactive_prefix_cache": {
    "mean_latency_ms": 190.00302400575012,
    "p50_latency_ms": 174.80278208529012,
    "p95_latency_ms": 218.50347760661262,
    "p99_latency_ms": 237.50378000718766,
    "throughput_rps": 42.10459302878197,
    "hit_rate": 0.35,
    "wasted_compute_ratio": 0.003,
    "reuse_attempts": 32,
    "reuse_successes": 11,
    "store_attempts": 32,
    "store_successes": 11,
    "requests_seen": 64,
    "reused_prefix_tokens_total": 4928,
    "recompute_tokens_total": 5724
  }
}