{
  "strict_reactive_prefix_cache": {
    "mean_latency_ms": 59.71621687501106,
    "p50_latency_ms": 54.93891952501018,
    "p95_latency_ms": 68.67364940626271,
    "p99_latency_ms": 74.64527109376382,
    "throughput_rps": 133.9669593729353,
    "hit_rate": 0.35,
    "wasted_compute_ratio": 0.0,
    "reuse_attempts": 32,
    "reuse_successes": 11,
    "store_attempts": 32,
    "store_successes": 11,
    "requests_seen": 64,
    "reused_prefix_tokens_total": 4928,
    "recompute_tokens_total": 5724
  }
}