{
  "shadow_kv": {
    "mean_latency_ms": 169.18407110969724,
    "p50_latency_ms": 155.64934542092146,
    "p95_latency_ms": 194.5616817761518,
    "p99_latency_ms": 211.48008888712155,
    "throughput_rps": 47.285775472401774,
    "hit_rate": 0.90625,
    "wasted_compute_ratio": 0.0,
    "reuse_attempts": 58,
    "reuse_successes": 58,
    "store_attempts": 32,
    "store_successes": 58,
    "requests_seen": 64,
    "reused_prefix_tokens_total": 12760,
    "recompute_tokens_total": -2108
  }
}