{
  "greedy_prefix_cache": {
    "mean_latency_ms": 330.29029445032495,
    "p50_latency_ms": 303.867070894299,
    "p95_latency_ms": 379.83383861787365,
    "p99_latency_ms": 412.86286806290616,
    "throughput_rps": 24.221117406170666,
    "hit_rate": 0.0,
    "wasted_compute_ratio": 0.0,
    "reuse_attempts": 32,
    "reuse_successes": 0,
    "store_attempts": 32,
    "store_successes": 0,
    "requests_seen": 64,
    "reused_prefix_tokens_total": 0,
    "recompute_tokens_total": 10652
  }
}