{
  "shadow_kv": {
    "mean_latency_ms": 286.29639192200784,
    "p50_latency_ms": 263.3926805682472,
    "p95_latency_ms": 329.240850710309,
    "p99_latency_ms": 357.8704899025098,
    "throughput_rps": 27.943069580071203,
    "hit_rate": 0.0,
    "wasted_compute_ratio": 1.0,
    "reuse_attempts": 62,
    "reuse_successes": 0,
    "store_attempts": 32,
    "store_successes": 0,
    "requests_seen": 64,
    "reused_prefix_tokens_total": 0,
    "recompute_tokens_total": 10652
  }
}