{
  "greedy_prefix_cache": {
    "mean_latency_ms": 41.38982638292108,
    "p50_latency_ms": 38.078640272287394,
    "p95_latency_ms": 47.59830034035924,
    "p99_latency_ms": 51.73728297865135,
    "throughput_rps": 193.28421254990056,
    "hit_rate": 0.0,
    "wasted_compute_ratio": 0.0,
    "reuse_attempts": 32,
    "reuse_successes": 0,
    "store_attempts": 32,
    "store_successes": 0,
    "requests_seen": 64,
    "reused_prefix_tokens_total": 0,
    "recompute_tokens_total": 10652
  }
}