{
  "no_cache": {
    "mean_latency_ms": 72.05027871887637,
    "p50_latency_ms": 66.28625642136626,
    "p95_latency_ms": 82.85782052670783,
    "p99_latency_ms": 90.06284839859546,
    "throughput_rps": 111.03357464048351,
    "hit_rate": 0.0,
    "wasted_compute_ratio": 0.0,
    "reuse_attempts": 0,
    "reuse_successes": 0,
    "store_attempts": 32,
    "store_successes": 0,
    "requests_seen": 64,
    "reused_prefix_tokens_total": 0,
    "recompute_tokens_total": 10652
  }
}