{
  "strict_reactive_prefix_cache": {
    "mean_latency_ms": 223.53008065973904,
    "p50_latency_ms": 205.64767420695992,
    "p95_latency_ms": 257.05959275869986,
    "p99_latency_ms": 279.4126008246738,
    "throughput_rps": 35.789366587209905,
    "hit_rate": 0.35,
    "wasted_compute_ratio": 0.0,
    "reuse_attempts": 32,
    "reuse_successes": 11,
    "store_attempts": 32,
    "store_successes": 11,
    "requests_seen": 64,
    "reused_prefix_tokens_total": 4928,
    "recompute_tokens_total": 5724
  }
}