{
  "shadow_kv_plus": {
    "mean_latency_ms": 56.737839843790994,
    "p50_latency_ms": 52.198812656287714,
    "p95_latency_ms": 65.24851582035964,
    "p99_latency_ms": 70.92229980473874,
    "throughput_rps": 140.99937576096258,
    "hit_rate": 0.984375,
    "wasted_compute_ratio": 0.0,
    "reuse_attempts": 63,
    "reuse_successes": 63,
    "store_attempts": 32,
    "store_successes": 63,
    "requests_seen": 64,
    "reused_prefix_tokens_total": 13860,
    "recompute_tokens_total": -3208
  }
}