{
  "shadow_kv_plus": {
    "mean_latency_ms": 37.68689985938778,
    "p50_latency_ms": 34.67194787063676,
    "p95_latency_ms": 43.339934838295946,
    "p99_latency_ms": 47.108624824234724,
    "throughput_rps": 212.2753537661232,
    "hit_rate": 0.984375,
    "wasted_compute_ratio": 0.0,
    "reuse_attempts": 63,
    "reuse_successes": 63,
    "store_attempts": 32,
    "store_successes": 63,
    "requests_seen": 64,
    "reused_prefix_tokens_total": 13860,
    "recompute_tokens_total": -3208
  }
}