{
  "reactive_prefix_cache": {
    "mean_latency_ms": 214.80658551146934,
    "p50_latency_ms": 197.6220586705518,
    "p95_latency_ms": 247.0275733381897,
    "p99_latency_ms": 268.5082318893367,
    "throughput_rps": 37.242806038518076,
    "hit_rate": 0.6,
    "wasted_compute_ratio": 0.0,
    "reuse_attempts": 32,
    "reuse_successes": 19,
    "store_attempts": 32,
    "store_successes": 19,
    "requests_seen": 64,
    "reused_prefix_tokens_total": 8448,
    "recompute_tokens_total": 2204
  }
}