{
  "reactive_prefix_cache": {
    "mean_latency_ms": 22.959441139868243,
    "p50_latency_ms": 21.122685848678785,
    "p95_latency_ms": 26.403357310848477,
    "p99_latency_ms": 28.699301424835305,
    "throughput_rps": 348.4405370001924,
    "hit_rate": 0.35,
    "wasted_compute_ratio": 0.003,
    "reuse_attempts": 32,
    "reuse_successes": 11,
    "store_attempts": 32,
    "store_successes": 11,
    "requests_seen": 64,
    "reused_prefix_tokens_total": 4928,
    "recompute_tokens_total": 5724
  }
}