{
  "reactive_prefix_cache": {
    "mean_latency_ms": 119.80368538712193,
    "p50_latency_ms": 110.21939055615218,
    "p95_latency_ms": 137.7742381951902,
    "p99_latency_ms": 149.75460673390242,
    "throughput_rps": 66.7759090561328,
    "hit_rate": 0.35,
    "wasted_compute_ratio": 0.003,
    "reuse_attempts": 32,
    "reuse_successes": 11,
    "store_attempts": 32,
    "store_successes": 11,
    "requests_seen": 64,
    "reused_prefix_tokens_total": 4928,
    "recompute_tokens_total": 5724
  }
}