{
  "shadow_kv_plus_lite": {
    "mean_latency_ms": 201.54249982443415,
    "p50_latency_ms": 185.4190998384794,
    "p95_latency_ms": 231.77387479809926,
    "p99_latency_ms": 251.92812478054267,
    "throughput_rps": 39.69386113087258,
    "hit_rate": 0.0,
    "wasted_compute_ratio": 0.0,
    "reuse_attempts": 32,
    "reuse_successes": 0,
    "store_attempts": 32,
    "store_successes": 0,
    "requests_seen": 64,
    "reused_prefix_tokens_total": 0,
    "recompute_tokens_total": 10652
  }
}