{
  "shadow_kv": {
    "mean_latency_ms": 84.97962259369274,
    "p50_latency_ms": 78.18125278619732,
    "p95_latency_ms": 97.72656598274664,
    "p99_latency_ms": 106.22452824211592,
    "throughput_rps": 94.14021568735194,
    "hit_rate": 0.90625,
    "wasted_compute_ratio": 0.0,
    "reuse_attempts": 58,
    "reuse_successes": 58,
    "store_attempts": 32,
    "store_successes": 58,
    "requests_seen": 64,
    "reused_prefix_tokens_total": 12760,
    "recompute_tokens_total": -2108
  }
}