{
  "no_cache": {
    "mean_latency_ms": 49.33925521856963,
    "p50_latency_ms": 45.39211480108406,
    "p95_latency_ms": 56.74014350135507,
    "p99_latency_ms": 61.67406902321204,
    "throughput_rps": 162.1426988421396,
    "hit_rate": 0.0,
    "wasted_compute_ratio": 0.0,
    "reuse_attempts": 0,
    "reuse_successes": 0,
    "store_attempts": 32,
    "store_successes": 0,
    "requests_seen": 64,
    "reused_prefix_tokens_total": 0,
    "recompute_tokens_total": 10652
  }
}