{
  "shadow_kv_plus": {
    "mean_latency_ms": 22.672130531219636,
    "p50_latency_ms": 20.858360088722065,
    "p95_latency_ms": 26.07295011090258,
    "p99_latency_ms": 28.340163164024545,
    "throughput_rps": 352.85611949807543,
    "hit_rate": 0.0,
    "wasted_compute_ratio": 0.0,
    "reuse_attempts": 0,
    "reuse_successes": 0,
    "store_attempts": 32,
    "store_successes": 0,
    "requests_seen": 64,
    "reused_prefix_tokens_total": 0,
    "recompute_tokens_total": 10652
  }
}