{
  "shadow_kv_plus": {
    "mean_latency_ms": 110.21383553124053,
    "p50_latency_ms": 101.39672868874129,
    "p95_latency_ms": 126.7459108609266,
    "p99_latency_ms": 137.76729441405067,
    "throughput_rps": 72.58616816517895,
    "hit_rate": 0.984375,
    "wasted_compute_ratio": 0.0,
    "reuse_attempts": 63,
    "reuse_successes": 63,
    "store_attempts": 32,
    "store_successes": 63,
    "requests_seen": 64,
    "reused_prefix_tokens_total": 13860,
    "recompute_tokens_total": -3208
  }
}