{
  "shadow_kv_plus_lite": {
    "mean_latency_ms": 123.92554817368539,
    "p50_latency_ms": 114.01150431979056,
    "p95_latency_ms": 142.51438039973817,
    "p99_latency_ms": 154.90693521710674,
    "throughput_rps": 64.55488894660978,
    "hit_rate": 0.35,
    "wasted_compute_ratio": 0.0,
    "reuse_attempts": 32,
    "reuse_successes": 11,
    "store_attempts": 32,
    "store_successes": 11,
    "requests_seen": 64,
    "reused_prefix_tokens_total": 4928,
    "recompute_tokens_total": 5724
  }
}