{
  "shadow_kv_plus_lite": {
    "mean_latency_ms": 100.49685694651936,
    "p50_latency_ms": 92.45710839079781,
    "p95_latency_ms": 115.57138548849726,
    "p99_latency_ms": 125.6210711831492,
    "throughput_rps": 79.60447961330073,
    "hit_rate": 0.35,
    "wasted_compute_ratio": 0.0,
    "reuse_attempts": 32,
    "reuse_successes": 11,
    "store_attempts": 32,
    "store_successes": 11,
    "requests_seen": 64,
    "reused_prefix_tokens_total": 4928,
    "recompute_tokens_total": 5724
  }
}