{
  "shadow_kv_plus_lite": {
    "mean_latency_ms": 92.1148363280011,
    "p50_latency_ms": 84.74564942176102,
    "p95_latency_ms": 105.93206177720126,
    "p99_latency_ms": 115.14354541000138,
    "throughput_rps": 86.84811610057822,
    "hit_rate": 0.0,
    "wasted_compute_ratio": 0.0,
    "reuse_attempts": 32,
    "reuse_successes": 0,
    "store_attempts": 32,
    "store_successes": 0,
    "requests_seen": 64,
    "reused_prefix_tokens_total": 0,
    "recompute_tokens_total": 10652
  }
}