{
  "no_cache": {
    "mean_latency_ms": 92.88044204697599,
    "p50_latency_ms": 85.45000668321791,
    "p95_latency_ms": 106.81250835402237,
    "p99_latency_ms": 116.10055255871998,
    "throughput_rps": 86.13223434007618,
    "hit_rate": 0.0,
    "wasted_compute_ratio": 0.0,
    "reuse_attempts": 0,
    "reuse_successes": 0,
    "store_attempts": 32,
    "store_successes": 0,
    "requests_seen": 64,
    "reused_prefix_tokens_total": 0,
    "recompute_tokens_total": 10652
  }
}