{
  "shadow_kv_plus_lite": {
    "mean_latency_ms": 75.01585717234485,
    "p50_latency_ms": 69.01458859855727,
    "p95_latency_ms": 86.26823574819657,
    "p99_latency_ms": 93.76982146543106,
    "throughput_rps": 106.6441190110037,
    "hit_rate": 0.35,
    "wasted_compute_ratio": 0.0,
    "reuse_attempts": 32,
    "reuse_successes": 11,
    "store_attempts": 32,
    "store_successes": 11,
    "requests_seen": 64,
    "reused_prefix_tokens_total": 4928,
    "recompute_tokens_total": 5724
  }
}