{
  "no_cache": {
    "mean_latency_ms": 19.627560624986273,
    "p50_latency_ms": 18.05735577498737,
    "p95_latency_ms": 22.571694718734214,
    "p99_latency_ms": 24.53445078123284,
    "throughput_rps": 407.59013067654683,
    "hit_rate": 0.0,
    "wasted_compute_ratio": 0.0,
    "reuse_attempts": 0,
    "reuse_successes": 0,
    "store_attempts": 32,
    "store_successes": 0,
    "requests_seen": 64,
    "reused_prefix_tokens_total": 0,
    "recompute_tokens_total": 10652
  }
}