{
  "no_cache": {
    "mean_latency_ms": 110.98141221842184,
    "p50_latency_ms": 102.10289924094809,
    "p95_latency_ms": 127.6286240511851,
    "p99_latency_ms": 138.7267652730273,
    "throughput_rps": 72.0841431018669,
    "hit_rate": 0.0,
    "wasted_compute_ratio": 0.0,
    "reuse_attempts": 0,
    "reuse_successes": 0,
    "store_attempts": 32,
    "store_successes": 0,
    "requests_seen": 64,
    "reused_prefix_tokens_total": 0,
    "recompute_tokens_total": 10652
  }
}