{
  "reactive_prefix_cache": {
    "mean_latency_ms": 46.92534841979068,
    "p50_latency_ms": 43.171320546207426,
    "p95_latency_ms": 53.964150682759275,
    "p99_latency_ms": 58.65668552473835,
    "throughput_rps": 170.4835503496446,
    "hit_rate": 0.35,
    "wasted_compute_ratio": 0.003,
    "reuse_attempts": 32,
    "reuse_successes": 11,
    "store_attempts": 32,
    "store_successes": 11,
    "requests_seen": 64,
    "reused_prefix_tokens_total": 4928,
    "recompute_tokens_total": 5724
  }
}