{
  "shadow_kv_plus_lite": {
    "mean_latency_ms": 157.6397087867028,
    "p50_latency_ms": 145.0285320837666,
    "p95_latency_ms": 181.28566510470822,
    "p99_latency_ms": 197.04963598337852,
    "throughput_rps": 50.74863472898533,
    "hit_rate": 0.6,
    "wasted_compute_ratio": 0.0,
    "reuse_attempts": 32,
    "reuse_successes": 19,
    "store_attempts": 32,
    "store_successes": 19,
    "requests_seen": 64,
    "reused_prefix_tokens_total": 8448,
    "recompute_tokens_total": 2204
  }
}