{
  "shadow_kv_plus": {
    "mean_latency_ms": 97.17121360938563,
    "p50_latency_ms": 89.39751652063478,
    "p95_latency_ms": 111.74689565079346,
    "p99_latency_ms": 121.46401701173204,
    "throughput_rps": 82.32890897255699,
    "hit_rate": 0.0,
    "wasted_compute_ratio": 0.0,
    "reuse_attempts": 0,
    "reuse_successes": 0,
    "store_attempts": 32,
    "store_successes": 0,
    "requests_seen": 64,
    "reused_prefix_tokens_total": 0,
    "recompute_tokens_total": 10652
  }
}