{
  "shadow_kv": {
    "mean_latency_ms": 81.80352904665256,
    "p50_latency_ms": 75.25924672292035,
    "p95_latency_ms": 94.07405840365043,
    "p99_latency_ms": 102.2544113083157,
    "throughput_rps": 97.79529188083805,
    "hit_rate": 0.90625,
    "wasted_compute_ratio": 0.0,
    "reuse_attempts": 58,
    "reuse_successes": 58,
    "store_attempts": 32,
    "store_successes": 58,
    "requests_seen": 64,
    "reused_prefix_tokens_total": 12760,
    "recompute_tokens_total": -2108
  }
}