{
  "shadow_kv_plus_lite": {
    "mean_latency_ms": 63.37213007808983,
    "p50_latency_ms": 58.302359671842645,
    "p95_latency_ms": 72.87794958980331,
    "p99_latency_ms": 79.21516259761229,
    "throughput_rps": 126.23845829613207,
    "hit_rate": 0.0,
    "wasted_compute_ratio": 0.0,
    "reuse_attempts": 32,
    "reuse_successes": 0,
    "store_attempts": 32,
    "store_successes": 0,
    "requests_seen": 64,
    "reused_prefix_tokens_total": 0,
    "recompute_tokens_total": 10652
  }
}