{
  "shadow_kv": {
    "mean_latency_ms": 349.05395218746094,
    "p50_latency_ms": 321.12963601246406,
    "p95_latency_ms": 401.41204501558,
    "p99_latency_ms": 436.31744023432617,
    "throughput_rps": 22.91909302234047,
    "hit_rate": 0.96875,
    "wasted_compute_ratio": 0.0,
    "reuse_attempts": 62,
    "reuse_successes": 62,
    "store_attempts": 32,
    "store_successes": 62,
    "requests_seen": 64,
    "reused_prefix_tokens_total": 13640,
    "recompute_tokens_total": -2988
  }
}