{
  "shadow_kv_plus_lite": {
    "mean_latency_ms": 23.618251305166762,
    "p50_latency_ms": 21.72879120075342,
    "p95_latency_ms": 27.160989000941775,
    "p99_latency_ms": 29.522814131458453,
    "throughput_rps": 338.7210973680303,
    "hit_rate": 0.6,
    "wasted_compute_ratio": 0.0,
    "reuse_attempts": 32,
    "reuse_successes": 19,
    "store_attempts": 32,
    "store_successes": 19,
    "requests_seen": 64,
    "reused_prefix_tokens_total": 8448,
    "recompute_tokens_total": 2204
  }
}