{
  "strict_reactive_prefix_cache": {
    "mean_latency_ms": 181.2637047743711,
    "p50_latency_ms": 166.7626083924214,
    "p95_latency_ms": 208.45326049052673,
    "p99_latency_ms": 226.57963096796385,
    "throughput_rps": 44.1345939053714,
    "hit_rate": 0.35,
    "wasted_compute_ratio": 0.0,
    "reuse_attempts": 32,
    "reuse_successes": 11,
    "store_attempts": 32,
    "store_successes": 11,
    "requests_seen": 64,
    "reused_prefix_tokens_total": 4928,
    "recompute_tokens_total": 5724
  }
}