{
  "shadow_kv_plus": {
    "mean_latency_ms": 14.466699015621032,
    "p50_latency_ms": 13.30936309437135,
    "p95_latency_ms": 16.636703867964187,
    "p99_latency_ms": 18.08337376952629,
    "throughput_rps": 552.9941551532703,
    "hit_rate": 0.984375,
    "wasted_compute_ratio": 0.0,
    "reuse_attempts": 63,
    "reuse_successes": 63,
    "store_attempts": 32,
    "store_successes": 63,
    "requests_seen": 64,
    "reused_prefix_tokens_total": 13860,
    "recompute_tokens_total": -3208
  }
}