{
  "reactive_prefix_cache": {
    "mean_latency_ms": 22.827440696104873,
    "p50_latency_ms": 21.001245440416483,
    "p95_latency_ms": 26.2515568005206,
    "p99_latency_ms": 28.53430087013109,
    "throughput_rps": 350.45540612728735,
    "hit_rate": 0.35,
    "wasted_compute_ratio": 0.003,
    "reuse_attempts": 32,
    "reuse_successes": 11,
    "store_attempts": 32,
    "store_successes": 11,
    "requests_seen": 64,
    "reused_prefix_tokens_total": 4928,
    "recompute_tokens_total": 5724
  }
}