{
  "shadow_kv_plus_lite": {
    "mean_latency_ms": 82.10247846386528,
    "p50_latency_ms": 75.53428018675606,
    "p95_latency_ms": 94.41785023344507,
    "p99_latency_ms": 102.6280980798316,
    "throughput_rps": 97.43920219803033,
    "hit_rate": 0.35,
    "wasted_compute_ratio": 0.0,
    "reuse_attempts": 32,
    "reuse_successes": 11,
    "store_attempts": 32,
    "store_successes": 11,
    "requests_seen": 64,
    "reused_prefix_tokens_total": 4928,
    "recompute_tokens_total": 5724
  }
}