{
  "shadow_kv_plus_lite": {
    "mean_latency_ms": 20.982161765863133,
    "p50_latency_ms": 19.303588824594083,
    "p95_latency_ms": 24.1294860307426,
    "p99_latency_ms": 26.227702207328917,
    "throughput_rps": 381.27625214555235,
    "hit_rate": 0.35,
    "wasted_compute_ratio": 0.0,
    "reuse_attempts": 32,
    "reuse_successes": 11,
    "store_attempts": 32,
    "store_successes": 11,
    "requests_seen": 64,
    "reused_prefix_tokens_total": 4928,
    "recompute_tokens_total": 5724
  }
}