{
  "greedy_prefix_cache": {
    "mean_latency_ms": 116.69221386487662,
    "p50_latency_ms": 107.3568367556865,
    "p95_latency_ms": 134.1960459446081,
    "p99_latency_ms": 145.86526733109577,
    "throughput_rps": 68.55641636265102,
    "hit_rate": 0.0,
    "wasted_compute_ratio": 0.0,
    "reuse_attempts": 32,
    "reuse_successes": 0,
    "store_attempts": 32,
    "store_successes": 0,
    "requests_seen": 64,
    "reused_prefix_tokens_total": 0,
    "recompute_tokens_total": 10652
  }
}