{
  "no_cache": {
    "mean_latency_ms": 66.39689685945882,
    "p50_latency_ms": 61.085145110702115,
    "p95_latency_ms": 76.35643138837764,
    "p99_latency_ms": 82.99612107432353,
    "throughput_rps": 120.48755858174312,
    "hit_rate": 0.0,
    "wasted_compute_ratio": 0.0,
    "reuse_attempts": 0,
    "reuse_successes": 0,
    "store_attempts": 32,
    "store_successes": 0,
    "requests_seen": 64,
    "reused_prefix_tokens_total": 0,
    "recompute_tokens_total": 10652
  }
}