{
  "no_cache": {
    "mean_latency_ms": 19.147913140663775,
    "p50_latency_ms": 17.616080089410673,
    "p95_latency_ms": 22.02010011176334,
    "p99_latency_ms": 23.93489142582972,
    "throughput_rps": 417.8000986964303,
    "hit_rate": 0.0,
    "wasted_compute_ratio": 0.0,
    "reuse_attempts": 0,
    "reuse_successes": 0,
    "store_attempts": 32,
    "store_successes": 0,
    "requests_seen": 64,
    "reused_prefix_tokens_total": 0,
    "recompute_tokens_total": 10652
  }
}