{
  "greedy_prefix_cache": {
    "mean_latency_ms": 57.920627021099,
    "p50_latency_ms": 53.286976859411084,
    "p95_latency_ms": 66.60872107426384,
    "p99_latency_ms": 72.40078377637376,
    "throughput_rps": 138.12005172329722,
    "hit_rate": 0.6,
    "wasted_compute_ratio": 0.0,
    "reuse_attempts": 32,
    "reuse_successes": 19,
    "store_attempts": 32,
    "store_successes": 19,
    "requests_seen": 64,
    "reused_prefix_tokens_total": 8448,
    "recompute_tokens_total": 2204
  }
}