{
  "shadow_kv_plus_lite": {
    "mean_latency_ms": 17.91550406623662,
    "p50_latency_ms": 16.48226374093769,
    "p95_latency_ms": 20.60282967617211,
    "p99_latency_ms": 22.394380082795774,
    "throughput_rps": 446.54060362592423,
    "hit_rate": 0.35,
    "wasted_compute_ratio": 0.0,
    "reuse_attempts": 32,
    "reuse_successes": 11,
    "store_attempts": 32,
    "store_successes": 11,
    "requests_seen": 64,
    "reused_prefix_tokens_total": 4928,
    "recompute_tokens_total": 5724
  }
}