{
  "no_cache": {
    "mean_latency_ms": 14.659909140604555,
    "p50_latency_ms": 13.48711640935619,
    "p95_latency_ms": 16.858895511695238,
    "p99_latency_ms": 18.324886425755693,
    "throughput_rps": 545.705974250676,
    "hit_rate": 0.0,
    "wasted_compute_ratio": 0.0,
    "reuse_attempts": 0,
    "reuse_successes": 0,
    "store_attempts": 32,
    "store_successes": 0,
    "requests_seen": 64,
    "reused_prefix_tokens_total": 0,
    "recompute_tokens_total": 10652
  }
}