{
  "shadow_kv_plus": {
    "mean_latency_ms": 199.65041512494963,
    "p50_latency_ms": 183.67838191495366,
    "p95_latency_ms": 229.59797739369205,
    "p99_latency_ms": 249.56301890618704,
    "throughput_rps": 40.07003939858208,
    "hit_rate": 0.984375,
    "wasted_compute_ratio": 0.0,
    "reuse_attempts": 63,
    "reuse_successes": 63,
    "store_attempts": 32,
    "store_successes": 63,
    "requests_seen": 64,
    "reused_prefix_tokens_total": 13860,
    "recompute_tokens_total": -3208
  }
}