{
  "shadow_kv_plus": {
    "mean_latency_ms": 20.088147812572288,
    "p50_latency_ms": 18.481095987566505,
    "p95_latency_ms": 23.101369984458128,
    "p99_latency_ms": 25.11018476571536,
    "throughput_rps": 398.2447796900993,
    "hit_rate": 0.0,
    "wasted_compute_ratio": 0.0,
    "reuse_attempts": 60,
    "reuse_successes": 0,
    "store_attempts": 32,
    "store_successes": 0,
    "requests_seen": 64,
    "reused_prefix_tokens_total": 0,
    "recompute_tokens_total": 10652
  }
}