{
  "greedy_prefix_cache": {
    "mean_latency_ms": 168.6978520892348,
    "p50_latency_ms": 155.20202392209603,
    "p95_latency_ms": 194.00252990262,
    "p99_latency_ms": 210.87231511154351,
    "throughput_rps": 47.42206199382018,
    "hit_rate": 0.35,
    "wasted_compute_ratio": 0.0,
    "reuse_attempts": 32,
    "reuse_successes": 11,
    "store_attempts": 32,
    "store_successes": 11,
    "requests_seen": 64,
    "reused_prefix_tokens_total": 4928,
    "recompute_tokens_total": 5724
  }
}