{
  "strict_reactive_prefix_cache": {
    "mean_latency_ms": 116.2340306726336,
    "p50_latency_ms": 106.93530821882291,
    "p95_latency_ms": 133.6691352735286,
    "p99_latency_ms": 145.292538340792,
    "throughput_rps": 68.82665905763464,
    "hit_rate": 0.6,
    "wasted_compute_ratio": 0.0,
    "reuse_attempts": 32,
    "reuse_successes": 19,
    "store_attempts": 32,
    "store_successes": 19,
    "requests_seen": 64,
    "reused_prefix_tokens_total": 8448,
    "recompute_tokens_total": 2204
  }
}