{
  "shadow_kv_plus": {
    "mean_latency_ms": 48.21708057826868,
    "p50_latency_ms": 44.359714132007184,
    "p95_latency_ms": 55.44964266500897,
    "p99_latency_ms": 60.27135072283585,
    "throughput_rps": 165.91630816415667,
    "hit_rate": 0.0,
    "wasted_compute_ratio": 0.0,
    "reuse_attempts": 0,
    "reuse_successes": 0,
    "store_attempts": 32,
    "store_successes": 0,
    "requests_seen": 64,
    "reused_prefix_tokens_total": 0,
    "recompute_tokens_total": 10652
  }
}