{
  "strict_reactive_prefix_cache": {
    "mean_latency_ms": 15.890386676752986,
    "p50_latency_ms": 14.619155742612747,
    "p95_latency_ms": 18.27394467826593,
    "p99_latency_ms": 19.86298334594123,
    "throughput_rps": 503.44904518300285,
    "hit_rate": 0.0,
    "wasted_compute_ratio": 0.035,
    "reuse_attempts": 32,
    "reuse_successes": 0,
    "store_attempts": 32,
    "store_successes": 0,
    "requests_seen": 64,
    "reused_prefix_tokens_total": 0,
    "recompute_tokens_total": 10652
  }
}