{
  "no_cache": {
    "mean_latency_ms": 16.34706640624728,
    "p50_latency_ms": 15.039301093747497,
    "p95_latency_ms": 18.79912636718437,
    "p99_latency_ms": 20.4338330078091,
    "throughput_rps": 489.38444373986755,
    "hit_rate": 0.0,
    "wasted_compute_ratio": 0.0,
    "reuse_attempts": 0,
    "reuse_successes": 0,
    "store_attempts": 32,
    "store_successes": 0,
    "requests_seen": 64,
    "reused_prefix_tokens_total": 0,
    "recompute_tokens_total": 10652
  }
}