{
  "shadow_kv_plus": {
    "mean_latency_ms": 70.46210670304731,
    "p50_latency_ms": 64.82513816680353,
    "p95_latency_ms": 81.03142270850441,
    "p99_latency_ms": 88.07763337880914,
    "throughput_rps": 113.53620228408555,
    "hit_rate": 0.984375,
    "wasted_compute_ratio": 0.0,
    "reuse_attempts": 63,
    "reuse_successes": 63,
    "store_attempts": 32,
    "store_successes": 63,
    "requests_seen": 64,
    "reused_prefix_tokens_total": 13860,
    "recompute_tokens_total": -3208
  }
}