{
  "shadow_kv": {
    "mean_latency_ms": 69.26876479698763,
    "p50_latency_ms": 63.727263613228615,
    "p95_latency_ms": 79.65907951653577,
    "p99_latency_ms": 86.58595599623453,
    "throughput_rps": 115.49217058289317,
    "hit_rate": 0.984375,
    "wasted_compute_ratio": 0.0,
    "reuse_attempts": 63,
    "reuse_successes": 63,
    "store_attempts": 32,
    "store_successes": 63,
    "requests_seen": 64,
    "reused_prefix_tokens_total": 13860,
    "recompute_tokens_total": -3208
  }
}