{
  "reactive_prefix_cache": {
    "mean_latency_ms": 73.67353598968722,
    "p50_latency_ms": 67.77965311051224,
    "p95_latency_ms": 84.7245663881403,
    "p99_latency_ms": 92.09191998710904,
    "throughput_rps": 108.58715945329182,
    "hit_rate": 0.0,
    "wasted_compute_ratio": 0.108,
    "reuse_attempts": 32,
    "reuse_successes": 0,
    "store_attempts": 32,
    "store_successes": 0,
    "requests_seen": 64,
    "reused_prefix_tokens_total": 0,
    "recompute_tokens_total": 10652
  }
}