{
  "no_cache": {
    "mean_latency_ms": 24.134428156241228,
    "p50_latency_ms": 22.20367390374193,
    "p95_latency_ms": 27.75459237967741,
    "p99_latency_ms": 30.168035195301535,
    "throughput_rps": 331.47667507221126,
    "hit_rate": 0.0,
    "wasted_compute_ratio": 0.0,
    "reuse_attempts": 0,
    "reuse_successes": 0,
    "store_attempts": 32,
    "store_successes": 0,
    "requests_seen": 64,
    "reused_prefix_tokens_total": 0,
    "recompute_tokens_total": 10652
  }
}