{
  "greedy_prefix_cache": {
    "mean_latency_ms": 17.76675542384458,
    "p50_latency_ms": 16.345414989937012,
    "p95_latency_ms": 20.431768737421265,
    "p99_latency_ms": 22.208444279805725,
    "throughput_rps": 450.2791764253862,
    "hit_rate": 0.0,
    "wasted_compute_ratio": 0.0,
    "reuse_attempts": 32,
    "reuse_successes": 0,
    "store_attempts": 32,
    "store_successes": 0,
    "requests_seen": 64,
    "reused_prefix_tokens_total": 0,
    "recompute_tokens_total": 10652
  }
}