{
  "greedy_prefix_cache": {
    "mean_latency_ms": 129.14343007390454,
    "p50_latency_ms": 118.81195566799218,
    "p95_latency_ms": 148.51494458499022,
    "p99_latency_ms": 161.42928759238066,
    "throughput_rps": 61.94662783404361,
    "hit_rate": 0.35,
    "wasted_compute_ratio": 0.0,
    "reuse_attempts": 32,
    "reuse_successes": 11,
    "store_attempts": 32,
    "store_successes": 11,
    "requests_seen": 64,
    "reused_prefix_tokens_total": 4928,
    "recompute_tokens_total": 5724
  }
}