{
  "shadow_kv_plus_lite": {
    "mean_latency_ms": 144.5736258274872,
    "p50_latency_ms": 133.00773576128825,
    "p95_latency_ms": 166.25966970161028,
    "p99_latency_ms": 180.717032284359,
    "throughput_rps": 55.33512737341192,
    "hit_rate": 0.6,
    "wasted_compute_ratio": 0.0,
    "reuse_attempts": 32,
    "reuse_successes": 19,
    "store_attempts": 32,
    "store_successes": 19,
    "requests_seen": 64,
    "reused_prefix_tokens_total": 8448,
    "recompute_tokens_total": 2204
  }
}