{
  "shadow_kv_plus": {
    "mean_latency_ms": 70.75541601534496,
    "p50_latency_ms": 65.09498273411737,
    "p95_latency_ms": 81.36872841764671,
    "p99_latency_ms": 88.4442700191812,
    "throughput_rps": 113.06554961481696,
    "hit_rate": 0.984375,
    "wasted_compute_ratio": 0.0,
    "reuse_attempts": 63,
    "reuse_successes": 63,
    "store_attempts": 32,
    "store_successes": 63,
    "requests_seen": 64,
    "reused_prefix_tokens_total": 13860,
    "recompute_tokens_total": -3208
  }
}