{
  "reactive_prefix_cache": {
    "mean_latency_ms": 18.97571307293412,
    "p50_latency_ms": 17.45765602709939,
    "p95_latency_ms": 21.822070033874237,
    "p99_latency_ms": 23.71964134116765,
    "throughput_rps": 421.5915348873369,
    "hit_rate": 0.0,
    "wasted_compute_ratio": 0.108,
    "reuse_attempts": 32,
    "reuse_successes": 0,
    "store_attempts": 32,
    "store_successes": 0,
    "requests_seen": 64,
    "reused_prefix_tokens_total": 0,
    "recompute_tokens_total": 10652
  }
}