{
  "no_cache": {
    "mean_latency_ms": 18.599156296907893,
    "p50_latency_ms": 17.11122379315526,
    "p95_latency_ms": 21.389029741444077,
    "p99_latency_ms": 23.248945371134866,
    "throughput_rps": 430.1270376081521,
    "hit_rate": 0.0,
    "wasted_compute_ratio": 0.0,
    "reuse_attempts": 0,
    "reuse_successes": 0,
    "store_attempts": 32,
    "store_successes": 0,
    "requests_seen": 64,
    "reused_prefix_tokens_total": 0,
    "recompute_tokens_total": 10652
  }
}