{
  "shadow_kv_plus": {
    "mean_latency_ms": 91.10699306222614,
    "p50_latency_ms": 83.81843361724805,
    "p95_latency_ms": 104.77304202156004,
    "p99_latency_ms": 113.88374132778267,
    "throughput_rps": 87.80884684160297,
    "hit_rate": 0.984375,
    "wasted_compute_ratio": 0.0,
    "reuse_attempts": 63,
    "reuse_successes": 63,
    "store_attempts": 32,
    "store_successes": 63,
    "requests_seen": 64,
    "reused_prefix_tokens_total": 13860,
    "recompute_tokens_total": -3208
  }
}