{
  "shadow_kv_plus": {
    "mean_latency_ms": 198.46697740624109,
    "p50_latency_ms": 182.5896192137418,
    "p95_latency_ms": 228.23702401717722,
    "p99_latency_ms": 248.08372175780136,
    "throughput_rps": 40.308972830401096,
    "hit_rate": 0.984375,
    "wasted_compute_ratio": 0.0,
    "reuse_attempts": 63,
    "reuse_successes": 63,
    "store_attempts": 32,
    "store_successes": 63,
    "requests_seen": 64,
    "reused_prefix_tokens_total": 13860,
    "recompute_tokens_total": -3208
  }
}