{
  "shadow_kv_plus": {
    "mean_latency_ms": 125.14364999996985,
    "p50_latency_ms": 115.13215799997226,
    "p95_latency_ms": 143.91519749996533,
    "p99_latency_ms": 156.42956249996232,
    "throughput_rps": 63.92653562527485,
    "hit_rate": 0.0,
    "wasted_compute_ratio": 0.0,
    "reuse_attempts": 0,
    "reuse_successes": 0,
    "store_attempts": 32,
    "store_successes": 0,
    "requests_seen": 64,
    "reused_prefix_tokens_total": 0,
    "recompute_tokens_total": 10652
  }
}