{
  "shadow_kv": {
    "mean_latency_ms": 188.44360342191635,
    "p50_latency_ms": 173.36811514816304,
    "p95_latency_ms": 216.71014393520377,
    "p99_latency_ms": 235.55450427739544,
    "throughput_rps": 42.453019655373375,
    "hit_rate": 0.0,
    "wasted_compute_ratio": 1.0,
    "reuse_attempts": 62,
    "reuse_successes": 0,
    "store_attempts": 32,
    "store_successes": 0,
    "requests_seen": 64,
    "reused_prefix_tokens_total": 0,
    "recompute_tokens_total": 10652
  }
}