{
  "shadow_kv": {
    "mean_latency_ms": 93.98128009380002,
    "p50_latency_ms": 86.46277768629602,
    "p95_latency_ms": 108.07847210787001,
    "p99_latency_ms": 117.47660011725003,
    "throughput_rps": 85.12333511541266,
    "hit_rate": 0.921875,
    "wasted_compute_ratio": 0.0,
    "reuse_attempts": 59,
    "reuse_successes": 59,
    "store_attempts": 32,
    "store_successes": 59,
    "requests_seen": 64,
    "reused_prefix_tokens_total": 12980,
    "recompute_tokens_total": -2328
  }
}