{
  "greedy_prefix_cache": {
    "mean_latency_ms": 56.920050161546975,
    "p50_latency_ms": 52.36644614862322,
    "p95_latency_ms": 65.45805768577901,
    "p99_latency_ms": 71.15006270193372,
    "throughput_rps": 140.54801387726985,
    "hit_rate": 0.0,
    "wasted_compute_ratio": 0.0,
    "reuse_attempts": 32,
    "reuse_successes": 0,
    "store_attempts": 32,
    "store_successes": 0,
    "requests_seen": 64,
    "reused_prefix_tokens_total": 0,
    "recompute_tokens_total": 10652
  }
}