{
  "greedy_prefix_cache": {
    "mean_latency_ms": 75.08753985254363,
    "p50_latency_ms": 69.08053666434014,
    "p95_latency_ms": 86.35067083042516,
    "p99_latency_ms": 93.85942481567953,
    "throughput_rps": 106.54231069109925,
    "hit_rate": 0.0,
    "wasted_compute_ratio": 0.0,
    "reuse_attempts": 32,
    "reuse_successes": 0,
    "store_attempts": 32,
    "store_successes": 0,
    "requests_seen": 64,
    "reused_prefix_tokens_total": 0,
    "recompute_tokens_total": 10652
  }
}