{
  "strict_reactive_prefix_cache": {
    "mean_latency_ms": 217.01132078798872,
    "p50_latency_ms": 199.65041512494963,
    "p95_latency_ms": 249.563018906187,
    "p99_latency_ms": 271.2641509849859,
    "throughput_rps": 36.86443624669552,
    "hit_rate": 0.6,
    "wasted_compute_ratio": 0.0,
    "reuse_attempts": 32,
    "reuse_successes": 19,
    "store_attempts": 32,
    "store_successes": 19,
    "requests_seen": 64,
    "reused_prefix_tokens_total": 8448,
    "recompute_tokens_total": 2204
  }
}