{
  "no_cache": {
    "mean_latency_ms": 17.163251328149443,
    "p50_latency_ms": 15.790191221897487,
    "p95_latency_ms": 19.73773902737186,
    "p99_latency_ms": 21.454064160186803,
    "throughput_rps": 466.1121513077888,
    "hit_rate": 0.0,
    "wasted_compute_ratio": 0.0,
    "reuse_attempts": 0,
    "reuse_successes": 0,
    "store_attempts": 32,
    "store_successes": 0,
    "requests_seen": 64,
    "reused_prefix_tokens_total": 0,
    "recompute_tokens_total": 10652
  }
}