{
  "shadow_kv_plus_lite": {
    "mean_latency_ms": 21.293588046882306,
    "p50_latency_ms": 19.59010100313172,
    "p95_latency_ms": 24.487626253914648,
    "p99_latency_ms": 26.616985058602882,
    "throughput_rps": 375.6999516655587,
    "hit_rate": 0.0,
    "wasted_compute_ratio": 0.0,
    "reuse_attempts": 32,
    "reuse_successes": 0,
    "store_attempts": 32,
    "store_successes": 0,
    "requests_seen": 64,
    "reused_prefix_tokens_total": 0,
    "recompute_tokens_total": 10652
  }
}