{
  "shadow_kv_plus": {
    "mean_latency_ms": 49.520443640545864,
    "p50_latency_ms": 45.558808149302195,
    "p95_latency_ms": 56.948510186627736,
    "p99_latency_ms": 61.90055455068233,
    "throughput_rps": 161.54944123824123,
    "hit_rate": 0.0,
    "wasted_compute_ratio": 0.0,
    "reuse_attempts": 0,
    "reuse_successes": 0,
    "store_attempts": 32,
    "store_successes": 0,
    "requests_seen": 64,
    "reused_prefix_tokens_total": 0,
    "recompute_tokens_total": 10652
  }
}