{
  "greedy_prefix_cache": {
    "mean_latency_ms": 221.94375129292916,
    "p50_latency_ms": 204.18825118949485,
    "p95_latency_ms": 255.23531398686853,
    "p99_latency_ms": 277.42968911616146,
    "throughput_rps": 36.04516889255115,
    "hit_rate": 0.0,
    "wasted_compute_ratio": 0.0,
    "reuse_attempts": 32,
    "reuse_successes": 0,
    "store_attempts": 32,
    "store_successes": 0,
    "requests_seen": 64,
    "reused_prefix_tokens_total": 0,
    "recompute_tokens_total": 10652
  }
}