{
  "strict_reactive_prefix_cache": {
    "mean_latency_ms": 21.336089930580705,
    "p50_latency_ms": 19.62920273613425,
    "p95_latency_ms": 24.536503420167808,
    "p99_latency_ms": 26.67011241322588,
    "throughput_rps": 374.95155044944374,
    "hit_rate": 0.35,
    "wasted_compute_ratio": 0.0,
    "reuse_attempts": 32,
    "reuse_successes": 11,
    "store_attempts": 32,
    "store_successes": 11,
    "requests_seen": 64,
    "reused_prefix_tokens_total": 4928,
    "recompute_tokens_total": 5724
  }
}