{
  "no_cache": {
    "mean_latency_ms": 80.77994779694109,
    "p50_latency_ms": 74.3175519731858,
    "p95_latency_ms": 92.89693996648224,
    "p99_latency_ms": 100.97493474617636,
    "throughput_rps": 99.03447845881051,
    "hit_rate": 0.0,
    "wasted_compute_ratio": 0.0,
    "reuse_attempts": 0,
    "reuse_successes": 0,
    "store_attempts": 32,
    "store_successes": 0,
    "requests_seen": 64,
    "reused_prefix_tokens_total": 0,
    "recompute_tokens_total": 10652
  }
}