{
  "shadow_kv_plus_lite": {
    "mean_latency_ms": 222.3879944118741,
    "p50_latency_ms": 204.5969548589242,
    "p95_latency_ms": 255.7461935736552,
    "p99_latency_ms": 277.98499301484264,
    "throughput_rps": 35.9731649235686,
    "hit_rate": 0.6,
    "wasted_compute_ratio": 0.0,
    "reuse_attempts": 32,
    "reuse_successes": 19,
    "store_attempts": 32,
    "store_successes": 19,
    "requests_seen": 64,
    "reused_prefix_tokens_total": 8448,
    "recompute_tokens_total": 2204
  }
}