{
  "shadow_kv": {
    "mean_latency_ms": 20.395702562503004,
    "p50_latency_ms": 18.764046357502764,
    "p95_latency_ms": 23.45505794687845,
    "p99_latency_ms": 25.494628203128755,
    "throughput_rps": 392.23949140677325,
    "hit_rate": 0.0,
    "wasted_compute_ratio": 1.0,
    "reuse_attempts": 62,
    "reuse_successes": 0,
    "store_attempts": 32,
    "store_successes": 0,
    "requests_seen": 64,
    "reused_prefix_tokens_total": 0,
    "recompute_tokens_total": 10652
  }
}