{
  "no_cache": {
    "mean_latency_ms": 46.332374921888686,
    "p50_latency_ms": 42.62578492813759,
    "p95_latency_ms": 53.28223116017198,
    "p99_latency_ms": 57.91546865236086,
    "throughput_rps": 172.66544211228378,
    "hit_rate": 0.0,
    "wasted_compute_ratio": 0.0,
    "reuse_attempts": 0,
    "reuse_successes": 0,
    "store_attempts": 32,
    "store_successes": 0,
    "requests_seen": 64,
    "reused_prefix_tokens_total": 0,
    "recompute_tokens_total": 10652
  }
}