{
  "greedy_prefix_cache": {
    "mean_latency_ms": 22.276093872891085,
    "p50_latency_ms": 20.4940063630598,
    "p95_latency_ms": 25.617507953824745,
    "p99_latency_ms": 27.845117341113856,
    "throughput_rps": 359.129389813517,
    "hit_rate": 0.35,
    "wasted_compute_ratio": 0.0,
    "reuse_attempts": 32,
    "reuse_successes": 11,
    "store_attempts": 32,
    "store_successes": 11,
    "requests_seen": 64,
    "reused_prefix_tokens_total": 4928,
    "recompute_tokens_total": 5724
  }
}