{
  "strict_reactive_prefix_cache": {
    "mean_latency_ms": 58.028004385017724,
    "p50_latency_ms": 53.38576403421631,
    "p95_latency_ms": 66.73220504277037,
    "p99_latency_ms": 72.53500548127215,
    "throughput_rps": 137.8644687988878,
    "hit_rate": 0.0,
    "wasted_compute_ratio": 0.035,
    "reuse_attempts": 32,
    "reuse_successes": 0,
    "store_attempts": 32,
    "store_successes": 0,
    "requests_seen": 64,
    "reused_prefix_tokens_total": 0,
    "recompute_tokens_total": 10652
  }
}