{
  "reactive_prefix_cache": {
    "mean_latency_ms": 154.04541313928505,
    "p50_latency_ms": 141.72178008814225,
    "p95_latency_ms": 177.1522251101778,
    "p99_latency_ms": 192.5567664241063,
    "throughput_rps": 51.9327374763606,
    "hit_rate": 0.6,
    "wasted_compute_ratio": 0.0,
    "reuse_attempts": 32,
    "reuse_successes": 19,
    "store_attempts": 32,
    "store_successes": 19,
    "requests_seen": 64,
    "reused_prefix_tokens_total": 8448,
    "recompute_tokens_total": 2204
  }
}