{
  "shadow_kv_plus_lite": {
    "mean_latency_ms": 347.3431068565493,
    "p50_latency_ms": 319.5556583080254,
    "p95_latency_ms": 399.4445728850317,
    "p99_latency_ms": 434.1788835706866,
    "throughput_rps": 23.031981467546306,
    "hit_rate": 0.6,
    "wasted_compute_ratio": 0.0,
    "reuse_attempts": 32,
    "reuse_successes": 19,
    "store_attempts": 32,
    "store_successes": 19,
    "requests_seen": 64,
    "reused_prefix_tokens_total": 8448,
    "recompute_tokens_total": 2204
  }
}