{
  "greedy_prefix_cache": {
    "mean_latency_ms": 14.275919294288805,
    "p50_latency_ms": 13.133845750745701,
    "p95_latency_ms": 16.417307188432126,
    "p99_latency_ms": 17.844899117861004,
    "throughput_rps": 560.3842271089655,
    "hit_rate": 0.35,
    "wasted_compute_ratio": 0.0,
    "reuse_attempts": 32,
    "reuse_successes": 11,
    "store_attempts": 32,
    "store_successes": 11,
    "requests_seen": 64,
    "reused_prefix_tokens_total": 4928,
    "recompute_tokens_total": 5724
  }
}