{
  "shadow_kv": {
    "mean_latency_ms": 189.4250205939727,
    "p50_latency_ms": 174.2710189464549,
    "p95_latency_ms": 217.83877368306858,
    "p99_latency_ms": 236.78127574246588,
    "throughput_rps": 42.23306918439132,
    "hit_rate": 0.90625,
    "wasted_compute_ratio": 0.0,
    "reuse_attempts": 58,
    "reuse_successes": 58,
    "store_attempts": 32,
    "store_successes": 58,
    "requests_seen": 64,
    "reused_prefix_tokens_total": 12760,
    "recompute_tokens_total": -2108
  }
}