{
  "reactive_prefix_cache": {
    "mean_latency_ms": 107.42542714865522,
    "p50_latency_ms": 98.8313929767628,
    "p95_latency_ms": 123.53924122095349,
    "p99_latency_ms": 134.28178393581902,
    "throughput_rps": 74.47026474402197,
    "hit_rate": 0.35,
    "wasted_compute_ratio": 0.003,
    "reuse_attempts": 32,
    "reuse_successes": 11,
    "store_attempts": 32,
    "store_successes": 11,
    "requests_seen": 64,
    "reused_prefix_tokens_total": 4928,
    "recompute_tokens_total": 5724
  }
}