{
  "no_cache": {
    "mean_latency_ms": 136.46273343749726,
    "p50_latency_ms": 125.54571476249748,
    "p95_latency_ms": 156.93214345312185,
    "p99_latency_ms": 170.57841679687158,
    "throughput_rps": 58.62406386329763,
    "hit_rate": 0.0,
    "wasted_compute_ratio": 0.0,
    "reuse_attempts": 0,
    "reuse_successes": 0,
    "store_attempts": 32,
    "store_successes": 0,
    "requests_seen": 64,
    "reused_prefix_tokens_total": 0,
    "recompute_tokens_total": 10652
  }
}