{
  "shadow_kv_plus_lite": {
    "mean_latency_ms": 44.33752924633856,
    "p50_latency_ms": 40.79052690663148,
    "p95_latency_ms": 50.988158633289345,
    "p99_latency_ms": 55.4219115579232,
    "throughput_rps": 180.43405070120474,
    "hit_rate": 0.6,
    "wasted_compute_ratio": 0.0,
    "reuse_attempts": 32,
    "reuse_successes": 19,
    "store_attempts": 32,
    "store_successes": 19,
    "requests_seen": 64,
    "reused_prefix_tokens_total": 8448,
    "recompute_tokens_total": 2204
  }
}