{
  "greedy_prefix_cache": {
    "mean_latency_ms": 91.6602484199997,
    "p50_latency_ms": 84.32742854639973,
    "p95_latency_ms": 105.40928568299965,
    "p99_latency_ms": 114.57531052499962,
    "throughput_rps": 87.27883829577806,
    "hit_rate": 0.35,
    "wasted_compute_ratio": 0.0,
    "reuse_attempts": 32,
    "reuse_successes": 11,
    "store_attempts": 32,
    "store_successes": 11,
    "requests_seen": 64,
    "reused_prefix_tokens_total": 4928,
    "recompute_tokens_total": 5724
  }
}