{
  "no_cache": {
    "mean_latency_ms": 376.89536418736225,
    "p50_latency_ms": 346.74373505237327,
    "p95_latency_ms": 433.4296688154665,
    "p99_latency_ms": 471.1192052342028,
    "throughput_rps": 21.22605041123042,
    "hit_rate": 0.0,
    "wasted_compute_ratio": 0.0,
    "reuse_attempts": 0,
    "reuse_successes": 0,
    "store_attempts": 32,
    "store_successes": 0,
    "requests_seen": 64,
    "reused_prefix_tokens_total": 0,
    "recompute_tokens_total": 10652
  }
}