{
  "reactive_prefix_cache": {
    "mean_latency_ms": 63.58143350488697,
    "p50_latency_ms": 58.49491882449601,
    "p95_latency_ms": 73.11864853062,
    "p99_latency_ms": 79.47679188110871,
    "throughput_rps": 125.82289449930549,
    "hit_rate": 0.6,
    "wasted_compute_ratio": 0.0,
    "reuse_attempts": 32,
    "reuse_successes": 19,
    "store_attempts": 32,
    "store_successes": 19,
    "requests_seen": 64,
    "reused_prefix_tokens_total": 8448,
    "recompute_tokens_total": 2204
  }
}