{
  "shadow_kv_plus_lite": {
    "mean_latency_ms": 153.6617575782628,
    "p50_latency_ms": 141.36881697200178,
    "p95_latency_ms": 176.7110212150022,
    "p99_latency_ms": 192.07719697282852,
    "throughput_rps": 52.062400730549044,
    "hit_rate": 0.0,
    "wasted_compute_ratio": 0.0,
    "reuse_attempts": 32,
    "reuse_successes": 0,
    "store_attempts": 32,
    "store_successes": 0,
    "requests_seen": 64,
    "reused_prefix_tokens_total": 0,
    "recompute_tokens_total": 10652
  }
}