{
  "shadow_kv_plus": {
    "mean_latency_ms": 303.94812506233393,
    "p50_latency_ms": 279.6322750573472,
    "p95_latency_ms": 349.540343821684,
    "p99_latency_ms": 379.9351563279174,
    "throughput_rps": 26.320280799098047,
    "hit_rate": 0.0,
    "wasted_compute_ratio": 0.0,
    "reuse_attempts": 60,
    "reuse_successes": 0,
    "store_attempts": 32,
    "store_successes": 0,
    "requests_seen": 64,
    "reused_prefix_tokens_total": 0,
    "recompute_tokens_total": 10652
  }
}