{
  "reactive_prefix_cache": {
    "mean_latency_ms": 50.72700227428425,
    "p50_latency_ms": 46.668842092341514,
    "p95_latency_ms": 58.33605261542689,
    "p99_latency_ms": 63.408752842855314,
    "throughput_rps": 157.70693400614275,
    "hit_rate": 0.0,
    "wasted_compute_ratio": 0.108,
    "reuse_attempts": 32,
    "reuse_successes": 0,
    "store_attempts": 32,
    "store_successes": 0,
    "requests_seen": 64,
    "reused_prefix_tokens_total": 0,
    "recompute_tokens_total": 10652
  }
}