{
  "shadow_kv_plus_lite": {
    "mean_latency_ms": 140.99852705906895,
    "p50_latency_ms": 129.71864489434344,
    "p95_latency_ms": 162.14830611792928,
    "p99_latency_ms": 176.24815882383618,
    "throughput_rps": 56.738181361628946,
    "hit_rate": 0.6,
    "wasted_compute_ratio": 0.0,
    "reuse_attempts": 32,
    "reuse_successes": 19,
    "store_attempts": 32,
    "store_successes": 19,
    "requests_seen": 64,
    "reused_prefix_tokens_total": 8448,
    "recompute_tokens_total": 2204
  }
}