{
  "shadow_kv": {
    "mean_latency_ms": 299.0665189843469,
    "p50_latency_ms": 275.14119746559913,
    "p95_latency_ms": 343.9264968319989,
    "p99_latency_ms": 373.8331487304336,
    "throughput_rps": 26.749901751518763,
    "hit_rate": 0.90625,
    "wasted_compute_ratio": 0.0,
    "reuse_attempts": 58,
    "reuse_successes": 58,
    "store_attempts": 32,
    "store_successes": 58,
    "requests_seen": 64,
    "reused_prefix_tokens_total": 12760,
    "recompute_tokens_total": -2108
  }
}