{
  "shadow_kv": {
    "mean_latency_ms": 343.34644642200374,
    "p50_latency_ms": 315.87873070824344,
    "p95_latency_ms": 394.84841338530424,
    "p99_latency_ms": 429.18305802750467,
    "throughput_rps": 23.30008096302613,
    "hit_rate": 0.96875,
    "wasted_compute_ratio": 0.0,
    "reuse_attempts": 62,
    "reuse_successes": 62,
    "store_attempts": 32,
    "store_successes": 62,
    "requests_seen": 64,
    "reused_prefix_tokens_total": 13640,
    "recompute_tokens_total": -2988
  }
}