{
  "shadow_kv_plus_lite": {
    "mean_latency_ms": 198.17222765422676,
    "p50_latency_ms": 182.31844944188862,
    "p95_latency_ms": 227.89806180236076,
    "p99_latency_ms": 247.71528456778344,
    "throughput_rps": 40.36892603315987,
    "hit_rate": 0.35,
    "wasted_compute_ratio": 0.0,
    "reuse_attempts": 32,
    "reuse_successes": 11,
    "store_attempts": 32,
    "store_successes": 11,
    "requests_seen": 64,
    "reused_prefix_tokens_total": 4928,
    "recompute_tokens_total": 5724
  }
}