{
  "shadow_kv_plus": {
    "mean_latency_ms": 69.62026914052899,
    "p50_latency_ms": 64.05064760928667,
    "p95_latency_ms": 80.06330951160834,
    "p99_latency_ms": 87.02533642566124,
    "throughput_rps": 114.90906454055708,
    "hit_rate": 0.9833333333333333,
    "wasted_compute_ratio": 0.0,
    "reuse_attempts": 59,
    "reuse_successes": 63,
    "store_attempts": 32,
    "store_successes": 63,
    "requests_seen": 64,
    "reused_prefix_tokens_total": 13845,
    "recompute_tokens_total": -3193
  }
}