{
  "shadow_kv_plus": {
    "mean_latency_ms": 387.8768148749998,
    "p50_latency_ms": 356.8466696849998,
    "p95_latency_ms": 446.0583371062497,
    "p99_latency_ms": 484.84601859374976,
    "throughput_rps": 20.62510491269797,
    "hit_rate": 0.0,
    "wasted_compute_ratio": 0.0,
    "reuse_attempts": 60,
    "reuse_successes": 0,
    "store_attempts": 32,
    "store_successes": 0,
    "requests_seen": 64,
    "reused_prefix_tokens_total": 0,
    "recompute_tokens_total": 10652
  }
}