{
  "shadow_kv_plus_lite": {
    "mean_latency_ms": 46.3140884925692,
    "p50_latency_ms": 42.60896141316366,
    "p95_latency_ms": 53.261201766454576,
    "p99_latency_ms": 57.8926106157115,
    "throughput_rps": 172.7336164951956,
    "hit_rate": 0.6,
    "wasted_compute_ratio": 0.0,
    "reuse_attempts": 32,
    "reuse_successes": 19,
    "store_attempts": 32,
    "store_successes": 19,
    "requests_seen": 64,
    "reused_prefix_tokens_total": 8448,
    "recompute_tokens_total": 2204
  }
}