{
  "shadow_kv": {
    "mean_latency_ms": 18.043901796854556,
    "p50_latency_ms": 16.60038965310619,
    "p95_latency_ms": 20.75048706638274,
    "p99_latency_ms": 22.554877246068195,
    "throughput_rps": 443.36308687927874,
    "hit_rate": 0.0,
    "wasted_compute_ratio": 0.0,
    "reuse_attempts": 62,
    "reuse_successes": 0,
    "store_attempts": 32,
    "store_successes": 0,
    "requests_seen": 64,
    "reused_prefix_tokens_total": 0,
    "recompute_tokens_total": 10652
  }
}