{
  "no_cache": {
    "mean_latency_ms": 156.16521362511548,
    "p50_latency_ms": 143.67199653510625,
    "p95_latency_ms": 179.5899956688828,
    "p99_latency_ms": 195.20651703139436,
    "throughput_rps": 51.22779788336542,
    "hit_rate": 0.0,
    "wasted_compute_ratio": 0.0,
    "reuse_attempts": 0,
    "reuse_successes": 0,
    "store_attempts": 32,
    "store_successes": 0,
    "requests_seen": 64,
    "reused_prefix_tokens_total": 0,
    "recompute_tokens_total": 10652
  }
}