{
  "strict_reactive_prefix_cache": {
    "mean_latency_ms": 21.014164482545112,
    "p50_latency_ms": 19.333031323941505,
    "p95_latency_ms": 24.166289154926876,
    "p99_latency_ms": 26.26770560318139,
    "throughput_rps": 380.695602085203,
    "hit_rate": 0.0,
    "wasted_compute_ratio": 0.035,
    "reuse_attempts": 32,
    "reuse_successes": 0,
    "store_attempts": 32,
    "store_successes": 0,
    "requests_seen": 64,
    "reused_prefix_tokens_total": 0,
    "recompute_tokens_total": 10652
  }
}