{
  "greedy_prefix_cache": {
    "mean_latency_ms": 76.56747991573953,
    "p50_latency_ms": 70.44208152248036,
    "p95_latency_ms": 88.05260190310045,
    "p99_latency_ms": 95.7093498946744,
    "throughput_rps": 104.48299994728555,
    "hit_rate": 0.35,
    "wasted_compute_ratio": 0.0,
    "reuse_attempts": 32,
    "reuse_successes": 11,
    "store_attempts": 32,
    "store_successes": 11,
    "requests_seen": 64,
    "reused_prefix_tokens_total": 4928,
    "recompute_tokens_total": 5724
  }
}