{
  "strict_reactive_prefix_cache": {
    "mean_latency_ms": 100.13473559044743,
    "p50_latency_ms": 92.12395674321165,
    "p95_latency_ms": 115.15494592901454,
    "p99_latency_ms": 125.1684194880593,
    "throughput_rps": 79.89235656166427,
    "hit_rate": 0.35,
    "wasted_compute_ratio": 0.0,
    "reuse_attempts": 32,
    "reuse_successes": 11,
    "store_attempts": 32,
    "store_successes": 11,
    "requests_seen": 64,
    "reused_prefix_tokens_total": 4928,
    "recompute_tokens_total": 5724
  }
}