{
  "shadow_kv_plus_lite": {
    "mean_latency_ms": 81.08701174608889,
    "p50_latency_ms": 74.60005080640178,
    "p95_latency_ms": 93.25006350800221,
    "p99_latency_ms": 101.35876468261111,
    "throughput_rps": 98.65945023415995,
    "hit_rate": 0.6,
    "wasted_compute_ratio": 0.0,
    "reuse_attempts": 32,
    "reuse_successes": 19,
    "store_attempts": 32,
    "store_successes": 19,
    "requests_seen": 64,
    "reused_prefix_tokens_total": 8448,
    "recompute_tokens_total": 2204
  }
}