{
  "no_cache": {
    "mean_latency_ms": 21.036998093777015,
    "p50_latency_ms": 19.354038246274854,
    "p95_latency_ms": 24.192547807843564,
    "p99_latency_ms": 26.29624761722127,
    "throughput_rps": 380.28239411052147,
    "hit_rate": 0.0,
    "wasted_compute_ratio": 0.0,
    "reuse_attempts": 0,
    "reuse_successes": 0,
    "store_attempts": 32,
    "store_successes": 0,
    "requests_seen": 64,
    "reused_prefix_tokens_total": 0,
    "recompute_tokens_total": 10652
  }
}