{
  "shadow_kv": {
    "mean_latency_ms": 26.184600921851597,
    "p50_latency_ms": 24.08983284810347,
    "p95_latency_ms": 30.112291060129333,
    "p99_latency_ms": 32.7307511523145,
    "throughput_rps": 305.52308297064144,
    "hit_rate": 0.984375,
    "wasted_compute_ratio": 0.0,
    "reuse_attempts": 63,
    "reuse_successes": 63,
    "store_attempts": 32,
    "store_successes": 63,
    "requests_seen": 64,
    "reused_prefix_tokens_total": 13860,
    "recompute_tokens_total": -3208
  }
}