{
  "reactive_prefix_cache": {
    "mean_latency_ms": 74.4746402876069,
    "p50_latency_ms": 68.51666906459835,
    "p95_latency_ms": 85.64583633074793,
    "p99_latency_ms": 93.09330035950863,
    "throughput_rps": 107.41911567622913,
    "hit_rate": 0.6,
    "wasted_compute_ratio": 0.0,
    "reuse_attempts": 32,
    "reuse_successes": 19,
    "store_attempts": 32,
    "store_successes": 19,
    "requests_seen": 64,
    "reused_prefix_tokens_total": 8448,
    "recompute_tokens_total": 2204
  }
}