{
  "strict_reactive_prefix_cache": {
    "mean_latency_ms": 23.829460677081077,
    "p50_latency_ms": 21.92310382291459,
    "p95_latency_ms": 27.403879778643237,
    "p99_latency_ms": 29.786825846351345,
    "throughput_rps": 335.7188863151366,
    "hit_rate": 0.35,
    "wasted_compute_ratio": 0.0,
    "reuse_attempts": 32,
    "reuse_successes": 11,
    "store_attempts": 32,
    "store_successes": 11,
    "requests_seen": 64,
    "reused_prefix_tokens_total": 4928,
    "recompute_tokens_total": 5724
  }
}