{
  "shadow_kv_plus_lite": {
    "mean_latency_ms": 163.4544522461212,
    "p50_latency_ms": 150.3780960664315,
    "p95_latency_ms": 187.97262008303937,
    "p99_latency_ms": 204.31806530765152,
    "throughput_rps": 48.94329820979129,
    "hit_rate": 0.0,
    "wasted_compute_ratio": 0.0,
    "reuse_attempts": 32,
    "reuse_successes": 0,
    "store_attempts": 32,
    "store_successes": 0,
    "requests_seen": 64,
    "reused_prefix_tokens_total": 0,
    "recompute_tokens_total": 10652
  }
}