{
  "shadow_kv": {
    "mean_latency_ms": 23.26246696871692,
    "p50_latency_ms": 21.401469611219568,
    "p95_latency_ms": 26.751837014024456,
    "p99_latency_ms": 29.078083710896152,
    "throughput_rps": 343.90161674418715,
    "hit_rate": 0.96875,
    "wasted_compute_ratio": 0.0,
    "reuse_attempts": 62,
    "reuse_successes": 62,
    "store_attempts": 32,
    "store_successes": 62,
    "requests_seen": 64,
    "reused_prefix_tokens_total": 13640,
    "recompute_tokens_total": -2988
  }
}