{
  "strict_reactive_prefix_cache": {
    "mean_latency_ms": 196.69356053442556,
    "p50_latency_ms": 180.95807569167152,
    "p95_latency_ms": 226.19759461458938,
    "p99_latency_ms": 245.86695066803196,
    "throughput_rps": 40.67240421223566,
    "hit_rate": 0.0,
    "wasted_compute_ratio": 0.035,
    "reuse_attempts": 32,
    "reuse_successes": 0,
    "store_attempts": 32,
    "store_successes": 0,
    "requests_seen": 64,
    "reused_prefix_tokens_total": 0,
    "recompute_tokens_total": 10652
  }
}