{
  "no_cache": {
    "mean_latency_ms": 79.6881902657276,
    "p50_latency_ms": 73.31313504446939,
    "p95_latency_ms": 91.64141880558674,
    "p99_latency_ms": 99.6102378321595,
    "throughput_rps": 100.39128725753797,
    "hit_rate": 0.0,
    "wasted_compute_ratio": 0.0,
    "reuse_attempts": 0,
    "reuse_successes": 0,
    "store_attempts": 32,
    "store_successes": 0,
    "requests_seen": 64,
    "reused_prefix_tokens_total": 0,
    "recompute_tokens_total": 10652
  }
}