{
  "shadow_kv_plus_lite": {
    "mean_latency_ms": 78.87663910032329,
    "p50_latency_ms": 72.56650797229743,
    "p95_latency_ms": 90.70813496537177,
    "p99_latency_ms": 98.59579887540411,
    "throughput_rps": 101.42419975355176,
    "hit_rate": 0.35,
    "wasted_compute_ratio": 0.0,
    "reuse_attempts": 32,
    "reuse_successes": 11,
    "store_attempts": 32,
    "store_successes": 11,
    "requests_seen": 64,
    "reused_prefix_tokens_total": 4928,
    "recompute_tokens_total": 5724
  }
}