{
  "shadow_kv_plus": {
    "mean_latency_ms": 295.5940455314874,
    "p50_latency_ms": 271.9465218889684,
    "p95_latency_ms": 339.9331523612105,
    "p99_latency_ms": 369.4925569143592,
    "throughput_rps": 27.064144629895196,
    "hit_rate": 0.984375,
    "wasted_compute_ratio": 0.0,
    "reuse_attempts": 63,
    "reuse_successes": 63,
    "store_attempts": 32,
    "store_successes": 63,
    "requests_seen": 64,
    "reused_prefix_tokens_total": 13860,
    "recompute_tokens_total": -3208
  }
}