{
  "shadow_kv_plus_lite": {
    "mean_latency_ms": 153.09304334570754,
    "p50_latency_ms": 140.84559987805093,
    "p95_latency_ms": 176.05699984756367,
    "p99_latency_ms": 191.36630418213443,
    "throughput_rps": 52.255803563423676,
    "hit_rate": 0.6,
    "wasted_compute_ratio": 0.0,
    "reuse_attempts": 32,
    "reuse_successes": 19,
    "store_attempts": 32,
    "store_successes": 19,
    "requests_seen": 64,
    "reused_prefix_tokens_total": 8448,
    "recompute_tokens_total": 2204
  }
}