{
  "reactive_prefix_cache": {
    "mean_latency_ms": 387.4306610797552,
    "p50_latency_ms": 356.4362081933748,
    "p95_latency_ms": 445.5452602417185,
    "p99_latency_ms": 484.28832634969405,
    "throughput_rps": 20.648856179075477,
    "hit_rate": 0.6,
    "wasted_compute_ratio": 0.0,
    "reuse_attempts": 32,
    "reuse_successes": 19,
    "store_attempts": 32,
    "store_successes": 19,
    "requests_seen": 64,
    "reused_prefix_tokens_total": 8448,
    "recompute_tokens_total": 2204
  }
}