{
  "shadow_kv": {
    "mean_latency_ms": 22.07898253126217,
    "p50_latency_ms": 20.312663928761197,
    "p95_latency_ms": 25.390829910951492,
    "p99_latency_ms": 27.598728164077713,
    "throughput_rps": 362.33553736783864,
    "hit_rate": 0.984375,
    "wasted_compute_ratio": 0.0,
    "reuse_attempts": 63,
    "reuse_successes": 63,
    "store_attempts": 32,
    "store_successes": 63,
    "requests_seen": 64,
    "reused_prefix_tokens_total": 13860,
    "recompute_tokens_total": -3208
  }
}