{
  "shadow_kv": {
    "mean_latency_ms": 24.27699979684661,
    "p50_latency_ms": 22.33483981309888,
    "p95_latency_ms": 27.918549766373598,
    "p99_latency_ms": 30.346249746058263,
    "throughput_rps": 329.5300105838917,
    "hit_rate": 0.875,
    "wasted_compute_ratio": 0.0,
    "reuse_attempts": 56,
    "reuse_successes": 56,
    "store_attempts": 32,
    "store_successes": 56,
    "requests_seen": 64,
    "reused_prefix_tokens_total": 12320,
    "recompute_tokens_total": -1668
  }
}