{
  "shadow_kv_plus_lite": {
    "mean_latency_ms": 357.85407048798845,
    "p50_latency_ms": 329.2257448489494,
    "p95_latency_ms": 411.5321810611867,
    "p99_latency_ms": 447.31758810998554,
    "throughput_rps": 22.355481353309138,
    "hit_rate": 0.0,
    "wasted_compute_ratio": 0.0,
    "reuse_attempts": 32,
    "reuse_successes": 0,
    "store_attempts": 32,
    "store_successes": 0,
    "requests_seen": 64,
    "reused_prefix_tokens_total": 0,
    "recompute_tokens_total": 10652
  }
}