{
  "reactive_prefix_cache": {
    "mean_latency_ms": 60.020057510696226,
    "p50_latency_ms": 55.21845290984053,
    "p95_latency_ms": 69.02306613730066,
    "p99_latency_ms": 75.02507188837028,
    "throughput_rps": 133.28877598250074,
    "hit_rate": 0.6,
    "wasted_compute_ratio": 0.0,
    "reuse_attempts": 32,
    "reuse_successes": 19,
    "store_attempts": 32,
    "store_successes": 19,
    "requests_seen": 64,
    "reused_prefix_tokens_total": 8448,
    "recompute_tokens_total": 2204
  }
}