{
  "shadow_kv": {
    "mean_latency_ms": 86.22382215617108,
    "p50_latency_ms": 79.3259163836774,
    "p95_latency_ms": 99.15739547959673,
    "p99_latency_ms": 107.77977769521385,
    "throughput_rps": 92.78178350189775,
    "hit_rate": 0.96875,
    "wasted_compute_ratio": 1.0,
    "reuse_attempts": 63,
    "reuse_successes": 62,
    "store_attempts": 32,
    "store_successes": 62,
    "requests_seen": 64,
    "reused_prefix_tokens_total": 13640,
    "recompute_tokens_total": -2988
  }
}