{
  "reactive_prefix_cache": {
    "mean_latency_ms": 74.395011878714,
    "p50_latency_ms": 68.44341092841688,
    "p95_latency_ms": 85.5542636605211,
    "p99_latency_ms": 92.9937648483925,
    "throughput_rps": 107.53409130497054,
    "hit_rate": 0.35,
    "wasted_compute_ratio": 0.003,
    "reuse_attempts": 32,
    "reuse_successes": 11,
    "store_attempts": 32,
    "store_successes": 11,
    "requests_seen": 64,
    "reused_prefix_tokens_total": 4928,
    "recompute_tokens_total": 5724
  }
}