{
  "shadow_kv": {
    "mean_latency_ms": 189.6486198905194,
    "p50_latency_ms": 174.47673029927785,
    "p95_latency_ms": 218.09591287409728,
    "p99_latency_ms": 237.06077486314925,
    "throughput_rps": 42.183275599992506,
    "hit_rate": 0.984375,
    "wasted_compute_ratio": 0.0,
    "reuse_attempts": 63,
    "reuse_successes": 63,
    "store_attempts": 32,
    "store_successes": 63,
    "requests_seen": 64,
    "reused_prefix_tokens_total": 13860,
    "recompute_tokens_total": -3208
  }
}