{
  "strict_reactive_prefix_cache": {
    "mean_latency_ms": 66.97591404573392,
    "p50_latency_ms": 61.6178409220752,
    "p95_latency_ms": 77.022301152594,
    "p99_latency_ms": 83.7198925571674,
    "throughput_rps": 119.44592491171184,
    "hit_rate": 0.0,
    "wasted_compute_ratio": 0.035,
    "reuse_attempts": 32,
    "reuse_successes": 0,
    "store_attempts": 32,
    "store_successes": 0,
    "requests_seen": 64,
    "reused_prefix_tokens_total": 0,
    "recompute_tokens_total": 10652
  }
}