{
  "shadow_kv_plus_lite": {
    "mean_latency_ms": 61.20493389705008,
    "p50_latency_ms": 56.30853918528608,
    "p95_latency_ms": 70.3856739816076,
    "p99_latency_ms": 76.5061673713126,
    "throughput_rps": 130.7084166360905,
    "hit_rate": 0.6,
    "wasted_compute_ratio": 0.0,
    "reuse_attempts": 32,
    "reuse_successes": 19,
    "store_attempts": 32,
    "store_successes": 19,
    "requests_seen": 64,
    "reused_prefix_tokens_total": 8448,
    "recompute_tokens_total": 2204
  }
}