{
  "shadow_kv_plus": {
    "mean_latency_ms": 20.677143062489023,
    "p50_latency_ms": 19.0229716174899,
    "p95_latency_ms": 23.778714521862373,
    "p99_latency_ms": 25.84642882811128,
    "throughput_rps": 386.90064559803824,
    "hit_rate": 0.0,
    "wasted_compute_ratio": 0.0,
    "reuse_attempts": 60,
    "reuse_successes": 0,
    "store_attempts": 32,
    "store_successes": 0,
    "requests_seen": 64,
    "reused_prefix_tokens_total": 0,
    "recompute_tokens_total": 10652
  }
}