{
  "greedy_prefix_cache": {
    "mean_latency_ms": 118.45757656254753,
    "p50_latency_ms": 108.98097043754373,
    "p95_latency_ms": 136.22621304692964,
    "p99_latency_ms": 148.0719707031844,
    "throughput_rps": 67.53472620449794,
    "hit_rate": 0.35,
    "wasted_compute_ratio": 0.0,
    "reuse_attempts": 32,
    "reuse_successes": 11,
    "store_attempts": 32,
    "store_successes": 11,
    "requests_seen": 64,
    "reused_prefix_tokens_total": 4928,
    "recompute_tokens_total": 5724
  }
}