{
  "shadow_kv_plus_lite": {
    "mean_latency_ms": 232.0012843190247,
    "p50_latency_ms": 213.44118157350275,
    "p95_latency_ms": 266.8014769668784,
    "p99_latency_ms": 290.0016053987809,
    "throughput_rps": 34.48256773009588,
    "hit_rate": 0.35,
    "wasted_compute_ratio": 0.0,
    "reuse_attempts": 32,
    "reuse_successes": 11,
    "store_attempts": 32,
    "store_successes": 11,
    "requests_seen": 64,
    "reused_prefix_tokens_total": 4928,
    "recompute_tokens_total": 5724
  }
}