{
  "reactive_prefix_cache": {
    "mean_latency_ms": 324.20478232650237,
    "p50_latency_ms": 298.26839974038216,
    "p95_latency_ms": 372.8354996754777,
    "p99_latency_ms": 405.255977908128,
    "throughput_rps": 24.675761852097867,
    "hit_rate": 0.0,
    "wasted_compute_ratio": 0.108,
    "reuse_attempts": 32,
    "reuse_successes": 0,
    "store_attempts": 32,
    "store_successes": 0,
    "requests_seen": 64,
    "reused_prefix_tokens_total": 0,
    "recompute_tokens_total": 10652
  }
}