{
  "shadow_kv_plus_lite": {
    "mean_latency_ms": 27.46958865811046,
    "p50_latency_ms": 25.272021565461625,
    "p95_latency_ms": 31.590026956827028,
    "p99_latency_ms": 34.33698582263808,
    "throughput_rps": 291.231153825013,
    "hit_rate": 0.6,
    "wasted_compute_ratio": 0.0,
    "reuse_attempts": 32,
    "reuse_successes": 19,
    "store_attempts": 32,
    "store_successes": 19,
    "requests_seen": 64,
    "reused_prefix_tokens_total": 8448,
    "recompute_tokens_total": 2204
  }
}