{
  "shadow_kv_plus": {
    "mean_latency_ms": 22.71681190622843,
    "p50_latency_ms": 20.899466953730155,
    "p95_latency_ms": 26.12433369216269,
    "p99_latency_ms": 28.396014882785536,
    "throughput_rps": 352.16209180332135,
    "hit_rate": 0.984375,
    "wasted_compute_ratio": 0.0,
    "reuse_attempts": 63,
    "reuse_successes": 63,
    "store_attempts": 32,
    "store_successes": 63,
    "requests_seen": 64,
    "reused_prefix_tokens_total": 13860,
    "recompute_tokens_total": -3208
  }
}