{
  "greedy_prefix_cache": {
    "mean_latency_ms": 435.8166459269661,
    "p50_latency_ms": 400.9513142528088,
    "p95_latency_ms": 501.189142816011,
    "p99_latency_ms": 544.7708074087076,
    "throughput_rps": 18.356343372301193,
    "hit_rate": 0.35,
    "wasted_compute_ratio": 0.0,
    "reuse_attempts": 32,
    "reuse_successes": 11,
    "store_attempts": 32,
    "store_successes": 11,
    "requests_seen": 64,
    "reused_prefix_tokens_total": 4928,
    "recompute_tokens_total": 5724
  }
}