{
  "shadow_kv_plus_lite": {
    "mean_latency_ms": 25.901028867179043,
    "p50_latency_ms": 23.82894655780472,
    "p95_latency_ms": 29.786183197255898,
    "p99_latency_ms": 32.3762860839738,
    "throughput_rps": 308.86803922053247,
    "hit_rate": 0.0,
    "wasted_compute_ratio": 0.0,
    "reuse_attempts": 32,
    "reuse_successes": 0,
    "store_attempts": 32,
    "store_successes": 0,
    "requests_seen": 64,
    "reused_prefix_tokens_total": 0,
    "recompute_tokens_total": 10652
  }
}