{
  "strict_reactive_prefix_cache": {
    "mean_latency_ms": 24.69218685459612,
    "p50_latency_ms": 22.716811906228433,
    "p95_latency_ms": 28.396014882785536,
    "p99_latency_ms": 30.86523356824515,
    "throughput_rps": 323.98912445905563,
    "hit_rate": 0.6,
    "wasted_compute_ratio": 0.0,
    "reuse_attempts": 32,
    "reuse_successes": 19,
    "store_attempts": 32,
    "store_successes": 19,
    "requests_seen": 64,
    "reused_prefix_tokens_total": 8448,
    "recompute_tokens_total": 2204
  }
}