{
  "shadow_kv_plus_lite": {
    "mean_latency_ms": 147.0556597066519,
    "p50_latency_ms": 135.29120693011976,
    "p95_latency_ms": 169.1140086626497,
    "p99_latency_ms": 183.8195746333149,
    "throughput_rps": 54.40117038649502,
    "hit_rate": 0.0,
    "wasted_compute_ratio": 0.0,
    "reuse_attempts": 32,
    "reuse_successes": 0,
    "store_attempts": 32,
    "store_successes": 0,
    "requests_seen": 64,
    "reused_prefix_tokens_total": 0,
    "recompute_tokens_total": 10652
  }
}