{
  "shadow_kv_plus": {
    "mean_latency_ms": 19.31035009373261,
    "p50_latency_ms": 17.765522086234,
    "p95_latency_ms": 22.2069026077925,
    "p99_latency_ms": 24.13793761716576,
    "throughput_rps": 414.2856013054103,
    "hit_rate": 0.0,
    "wasted_compute_ratio": 0.0,
    "reuse_attempts": 60,
    "reuse_successes": 0,
    "store_attempts": 32,
    "store_successes": 0,
    "requests_seen": 64,
    "reused_prefix_tokens_total": 0,
    "recompute_tokens_total": 10652
  }
}