{
  "shadow_kv_plus_lite": {
    "mean_latency_ms": 24.42896621095869,
    "p50_latency_ms": 22.474648914081996,
    "p95_latency_ms": 28.09331114260249,
    "p99_latency_ms": 30.536207763698364,
    "throughput_rps": 327.4800878152284,
    "hit_rate": 0.0,
    "wasted_compute_ratio": 0.0,
    "reuse_attempts": 32,
    "reuse_successes": 0,
    "store_attempts": 32,
    "store_successes": 0,
    "requests_seen": 64,
    "reused_prefix_tokens_total": 0,
    "recompute_tokens_total": 10652
  }
}