{
  "shadow_kv_plus_lite": {
    "mean_latency_ms": 159.48231007361275,
    "p50_latency_ms": 146.72372526772375,
    "p95_latency_ms": 183.40465658465465,
    "p99_latency_ms": 199.35288759201595,
    "throughput_rps": 50.16230324421194,
    "hit_rate": 0.6,
    "wasted_compute_ratio": 0.0,
    "reuse_attempts": 32,
    "reuse_successes": 19,
    "store_attempts": 32,
    "store_successes": 19,
    "requests_seen": 64,
    "reused_prefix_tokens_total": 8448,
    "recompute_tokens_total": 2204
  }
}