{
  "shadow_kv": {
    "mean_latency_ms": 240.71851225005503,
    "p50_latency_ms": 221.46103127005063,
    "p95_latency_ms": 276.8262890875633,
    "p99_latency_ms": 300.8981403125688,
    "throughput_rps": 33.23383783499672,
    "hit_rate": 0.90625,
    "wasted_compute_ratio": 0.0,
    "reuse_attempts": 58,
    "reuse_successes": 58,
    "store_attempts": 32,
    "store_successes": 58,
    "requests_seen": 64,
    "reused_prefix_tokens_total": 12760,
    "recompute_tokens_total": -2108
  }
}