{
  "shadow_kv_plus": {
    "mean_latency_ms": 65.17791920299487,
    "p50_latency_ms": 59.96368566675528,
    "p95_latency_ms": 74.9546070834441,
    "p99_latency_ms": 81.47239900374359,
    "throughput_rps": 122.74095426526605,
    "hit_rate": 0.0,
    "wasted_compute_ratio": 0.0,
    "reuse_attempts": 0,
    "reuse_successes": 0,
    "store_attempts": 32,
    "store_successes": 0,
    "requests_seen": 64,
    "reused_prefix_tokens_total": 0,
    "recompute_tokens_total": 10652
  }
}