{
  "shadow_kv": {
    "mean_latency_ms": 48.008161421975615,
    "p50_latency_ms": 44.167508508217566,
    "p95_latency_ms": 55.20938563527195,
    "p99_latency_ms": 60.01020177746952,
    "throughput_rps": 166.6383332134444,
    "hit_rate": 0.921875,
    "wasted_compute_ratio": 1.0,
    "reuse_attempts": 62,
    "reuse_successes": 59,
    "store_attempts": 32,
    "store_successes": 59,
    "requests_seen": 64,
    "reused_prefix_tokens_total": 12980,
    "recompute_tokens_total": -2328
  }
}