{
  "no_cache": {
    "mean_latency_ms": 152.36630892191272,
    "p50_latency_ms": 140.1770042081597,
    "p95_latency_ms": 175.22125526019963,
    "p99_latency_ms": 190.4578861523909,
    "throughput_rps": 52.50504561411917,
    "hit_rate": 0.0,
    "wasted_compute_ratio": 0.0,
    "reuse_attempts": 0,
    "reuse_successes": 0,
    "store_attempts": 32,
    "store_successes": 0,
    "requests_seen": 64,
    "reused_prefix_tokens_total": 0,
    "recompute_tokens_total": 10652
  }
}