{
  "reactive_prefix_cache": {
    "mean_latency_ms": 95.51099076383531,
    "p50_latency_ms": 87.87011150272849,
    "p95_latency_ms": 109.8376393784106,
    "p99_latency_ms": 119.38873845479414,
    "throughput_rps": 83.75999386061393,
    "hit_rate": 0.0,
    "wasted_compute_ratio": 0.108,
    "reuse_attempts": 32,
    "reuse_successes": 0,
    "store_attempts": 32,
    "store_successes": 0,
    "requests_seen": 64,
    "reused_prefix_tokens_total": 0,
    "recompute_tokens_total": 10652
  }
}