{
  "strict_reactive_prefix_cache": {
    "mean_latency_ms": 70.84337053822448,
    "p50_latency_ms": 65.17590089516652,
    "p95_latency_ms": 81.46987611895814,
    "p99_latency_ms": 88.55421317278059,
    "throughput_rps": 112.92517477952993,
    "hit_rate": 0.35,
    "wasted_compute_ratio": 0.0,
    "reuse_attempts": 32,
    "reuse_successes": 11,
    "store_attempts": 32,
    "store_successes": 11,
    "requests_seen": 64,
    "reused_prefix_tokens_total": 4928,
    "recompute_tokens_total": 5724
  }
}