{
  "reactive_prefix_cache": {
    "mean_latency_ms": 26.53312540840215,
    "p50_latency_ms": 24.410475375729977,
    "p95_latency_ms": 30.51309421966247,
    "p99_latency_ms": 33.16640676050269,
    "throughput_rps": 301.5099004306017,
    "hit_rate": 0.6,
    "wasted_compute_ratio": 0.0,
    "reuse_attempts": 32,
    "reuse_successes": 19,
    "store_attempts": 32,
    "store_successes": 19,
    "requests_seen": 64,
    "reused_prefix_tokens_total": 8448,
    "recompute_tokens_total": 2204
  }
}