{
  "shadow_kv_plus_lite": {
    "mean_latency_ms": 163.67355259794832,
    "p50_latency_ms": 150.57966839011246,
    "p95_latency_ms": 188.22458548764055,
    "p99_latency_ms": 204.5919407474354,
    "throughput_rps": 48.87778063723828,
    "hit_rate": 0.35,
    "wasted_compute_ratio": 0.0,
    "reuse_attempts": 32,
    "reuse_successes": 11,
    "store_attempts": 32,
    "store_successes": 11,
    "requests_seen": 64,
    "reused_prefix_tokens_total": 4928,
    "recompute_tokens_total": 5724
  }
}