{
  "reactive_prefix_cache": {
    "mean_latency_ms": 215.2446815339104,
    "p50_latency_ms": 198.02510701119758,
    "p95_latency_ms": 247.53138376399696,
    "p99_latency_ms": 269.055851917388,
    "throughput_rps": 37.167004280845156,
    "hit_rate": 0.6,
    "wasted_compute_ratio": 0.0,
    "reuse_attempts": 32,
    "reuse_successes": 19,
    "store_attempts": 32,
    "store_successes": 19,
    "requests_seen": 64,
    "reused_prefix_tokens_total": 8448,
    "recompute_tokens_total": 2204
  }
}