{
  "greedy_prefix_cache": {
    "mean_latency_ms": 181.95253130266636,
    "p50_latency_ms": 167.39632879845306,
    "p95_latency_ms": 209.2454109980663,
    "p99_latency_ms": 227.44066412833294,
    "throughput_rps": 43.96751143127827,
    "hit_rate": 0.35,
    "wasted_compute_ratio": 0.0,
    "reuse_attempts": 32,
    "reuse_successes": 11,
    "store_attempts": 32,
    "store_successes": 11,
    "requests_seen": 64,
    "reused_prefix_tokens_total": 4928,
    "recompute_tokens_total": 5724
  }
}