{
  "greedy_prefix_cache": {
    "mean_latency_ms": 114.63315059445547,
    "p50_latency_ms": 105.46249854689904,
    "p95_latency_ms": 131.82812318362377,
    "p99_latency_ms": 143.29143824306934,
    "throughput_rps": 69.78784024092714,
    "hit_rate": 0.6,
    "wasted_compute_ratio": 0.0,
    "reuse_attempts": 32,
    "reuse_successes": 19,
    "store_attempts": 32,
    "store_successes": 19,
    "requests_seen": 64,
    "reused_prefix_tokens_total": 8448,
    "recompute_tokens_total": 2204
  }
}