{
  "shadow_kv_plus": {
    "mean_latency_ms": 38.25403126565163,
    "p50_latency_ms": 35.1937087643995,
    "p95_latency_ms": 43.99213595549938,
    "p99_latency_ms": 47.81753908206454,
    "throughput_rps": 209.1282862306649,
    "hit_rate": 0.0,
    "wasted_compute_ratio": 0.0,
    "reuse_attempts": 0,
    "reuse_successes": 0,
    "store_attempts": 32,
    "store_successes": 0,
    "requests_seen": 64,
    "reused_prefix_tokens_total": 0,
    "recompute_tokens_total": 10652
  }
}