{
  "shadow_kv_plus": {
    "mean_latency_ms": 190.2159031251074,
    "p50_latency_ms": 174.9986308750988,
    "p95_latency_ms": 218.74828859387347,
    "p99_latency_ms": 237.76987890638424,
    "throughput_rps": 42.057471896754606,
    "hit_rate": 0.0,
    "wasted_compute_ratio": 1.0,
    "reuse_attempts": 0,
    "reuse_successes": 0,
    "store_attempts": 32,
    "store_successes": 0,
    "requests_seen": 64,
    "reused_prefix_tokens_total": 0,
    "recompute_tokens_total": 10652
  }
}