{
  "shadow_kv_plus": {
    "mean_latency_ms": 78.36998526555305,
    "p50_latency_ms": 72.10038644430881,
    "p95_latency_ms": 90.12548305538601,
    "p99_latency_ms": 97.96248158194132,
    "throughput_rps": 102.07989669632285,
    "hit_rate": 0.984375,
    "wasted_compute_ratio": 0.0,
    "reuse_attempts": 63,
    "reuse_successes": 63,
    "store_attempts": 32,
    "store_successes": 63,
    "requests_seen": 64,
    "reused_prefix_tokens_total": 13860,
    "recompute_tokens_total": -3208
  }
}