{
  "strict_reactive_prefix_cache": {
    "mean_latency_ms": 45.88256289935089,
    "p50_latency_ms": 42.211957867402816,
    "p95_latency_ms": 52.76494733425351,
    "p99_latency_ms": 57.35320362418861,
    "throughput_rps": 174.35817649395472,
    "hit_rate": 0.35,
    "wasted_compute_ratio": 0.0,
    "reuse_attempts": 32,
    "reuse_successes": 11,
    "store_attempts": 32,
    "store_successes": 11,
    "requests_seen": 64,
    "reused_prefix_tokens_total": 4928,
    "recompute_tokens_total": 5724
  }
}