{
  "shadow_kv_plus_lite": {
    "mean_latency_ms": 16.097075605481237,
    "p50_latency_ms": 14.809309557042738,
    "p95_latency_ms": 18.511636946303422,
    "p99_latency_ms": 20.121344506851546,
    "throughput_rps": 496.9846819428437,
    "hit_rate": 0.0,
    "wasted_compute_ratio": 0.0,
    "reuse_attempts": 32,
    "reuse_successes": 0,
    "store_attempts": 32,
    "store_successes": 0,
    "requests_seen": 64,
    "reused_prefix_tokens_total": 0,
    "recompute_tokens_total": 10652
  }
}