{
  "shadow_kv_plus_lite": {
    "mean_latency_ms": 363.96397432222136,
    "p50_latency_ms": 334.84685637644367,
    "p95_latency_ms": 418.5585704705545,
    "p99_latency_ms": 454.95496790277673,
    "throughput_rps": 21.980197394255043,
    "hit_rate": 0.35,
    "wasted_compute_ratio": 0.0,
    "reuse_attempts": 32,
    "reuse_successes": 11,
    "store_attempts": 32,
    "store_successes": 11,
    "requests_seen": 64,
    "reused_prefix_tokens_total": 4928,
    "recompute_tokens_total": 5724
  }
}