{
  "shadow_kv_plus": {
    "mean_latency_ms": 48.20046532817912,
    "p50_latency_ms": 44.34442810192479,
    "p95_latency_ms": 55.43053512740598,
    "p99_latency_ms": 60.2505816602239,
    "throughput_rps": 165.9735014077346,
    "hit_rate": 0.0,
    "wasted_compute_ratio": 0.0,
    "reuse_attempts": 0,
    "reuse_successes": 0,
    "store_attempts": 32,
    "store_successes": 0,
    "requests_seen": 64,
    "reused_prefix_tokens_total": 0,
    "recompute_tokens_total": 10652
  }
}