{
  "greedy_prefix_cache": {
    "mean_latency_ms": 64.91090598060589,
    "p50_latency_ms": 59.71803350215742,
    "p95_latency_ms": 74.64754187769677,
    "p99_latency_ms": 81.13863247575736,
    "throughput_rps": 123.24585336076258,
    "hit_rate": 0.0,
    "wasted_compute_ratio": 0.0,
    "reuse_attempts": 32,
    "reuse_successes": 0,
    "store_attempts": 32,
    "store_successes": 0,
    "requests_seen": 64,
    "reused_prefix_tokens_total": 0,
    "recompute_tokens_total": 10652
  }
}