{
  "shadow_kv_plus": {
    "mean_latency_ms": 21.292721312459406,
    "p50_latency_ms": 19.589303607462654,
    "p95_latency_ms": 24.486629509328314,
    "p99_latency_ms": 26.615901640574258,
    "throughput_rps": 375.71524478267656,
    "hit_rate": 0.984375,
    "wasted_compute_ratio": 0.0,
    "reuse_attempts": 63,
    "reuse_successes": 63,
    "store_attempts": 32,
    "store_successes": 63,
    "requests_seen": 64,
    "reused_prefix_tokens_total": 13860,
    "recompute_tokens_total": -3208
  }
}