{
  "shadow_kv_plus_lite": {
    "mean_latency_ms": 23.992256084555915,
    "p50_latency_ms": 22.072875597791445,
    "p95_latency_ms": 27.5910944972393,
    "p99_latency_ms": 29.990320105694895,
    "throughput_rps": 333.4409224295372,
    "hit_rate": 0.6,
    "wasted_compute_ratio": 0.0,
    "reuse_attempts": 32,
    "reuse_successes": 19,
    "store_attempts": 32,
    "store_successes": 19,
    "requests_seen": 64,
    "reused_prefix_tokens_total": 8448,
    "recompute_tokens_total": 2204
  }
}