{
  "reactive_prefix_cache": {
    "mean_latency_ms": 13.425562743102482,
    "p50_latency_ms": 12.351517723654284,
    "p95_latency_ms": 15.439397154567853,
    "p99_latency_ms": 16.781953428878104,
    "throughput_rps": 595.8781879821075,
    "hit_rate": 0.0,
    "wasted_compute_ratio": 0.108,
    "reuse_attempts": 32,
    "reuse_successes": 0,
    "store_attempts": 32,
    "store_successes": 0,
    "requests_seen": 64,
    "reused_prefix_tokens_total": 0,
    "recompute_tokens_total": 10652
  }
}