{
  "shadow_kv_plus": {
    "mean_latency_ms": 55.74362484369999,
    "p50_latency_ms": 51.28413485620399,
    "p95_latency_ms": 64.10516857025499,
    "p99_latency_ms": 69.67953105462499,
    "throughput_rps": 143.51416906294247,
    "hit_rate": 0.0,
    "wasted_compute_ratio": 0.0,
    "reuse_attempts": 60,
    "reuse_successes": 0,
    "store_attempts": 32,
    "store_successes": 0,
    "requests_seen": 64,
    "reused_prefix_tokens_total": 0,
    "recompute_tokens_total": 10652
  }
}