{
  "no_cache": {
    "mean_latency_ms": 94.43569467171642,
    "p50_latency_ms": 86.8808390979791,
    "p95_latency_ms": 108.60104887247387,
    "p99_latency_ms": 118.04461833964552,
    "throughput_rps": 84.71373062706985,
    "hit_rate": 0.0,
    "wasted_compute_ratio": 0.0,
    "reuse_attempts": 0,
    "reuse_successes": 0,
    "store_attempts": 32,
    "store_successes": 0,
    "requests_seen": 64,
    "reused_prefix_tokens_total": 0,
    "recompute_tokens_total": 10652
  }
}