{
  "shadow_kv_plus_lite": {
    "mean_latency_ms": 96.14689996230499,
    "p50_latency_ms": 88.45514796532059,
    "p95_latency_ms": 110.56893495665072,
    "p99_latency_ms": 120.18362495288123,
    "throughput_rps": 83.2060108348418,
    "hit_rate": 0.35,
    "wasted_compute_ratio": 0.0,
    "reuse_attempts": 32,
    "reuse_successes": 11,
    "store_attempts": 32,
    "store_successes": 11,
    "requests_seen": 64,
    "reused_prefix_tokens_total": 4928,
    "recompute_tokens_total": 5724
  }
}