{
  "strict_reactive_prefix_cache": {
    "mean_latency_ms": 57.41048979283987,
    "p50_latency_ms": 52.81765060941268,
    "p95_latency_ms": 66.02206326176584,
    "p99_latency_ms": 71.76311224104984,
    "throughput_rps": 139.34735670897805,
    "hit_rate": 0.6,
    "wasted_compute_ratio": 0.0,
    "reuse_attempts": 32,
    "reuse_successes": 19,
    "store_attempts": 32,
    "store_successes": 19,
    "requests_seen": 64,
    "reused_prefix_tokens_total": 8448,
    "recompute_tokens_total": 2204
  }
}