{
  "strict_reactive_prefix_cache": {
    "mean_latency_ms": 141.44465961288194,
    "p50_latency_ms": 130.12908684385138,
    "p95_latency_ms": 162.6613585548142,
    "p99_latency_ms": 176.8058245161024,
    "throughput_rps": 56.55922268041152,
    "hit_rate": 0.6,
    "wasted_compute_ratio": 0.0,
    "reuse_attempts": 32,
    "reuse_successes": 19,
    "store_attempts": 32,
    "store_successes": 19,
    "requests_seen": 64,
    "reused_prefix_tokens_total": 8448,
    "recompute_tokens_total": 2204
  }
}