{
  "shadow_kv_plus": {
    "mean_latency_ms": 59.231089187434804,
    "p50_latency_ms": 54.49260205244002,
    "p95_latency_ms": 68.11575256555003,
    "p99_latency_ms": 74.0388614842935,
    "throughput_rps": 135.06420546622513,
    "hit_rate": 0.967741935483871,
    "wasted_compute_ratio": 0.0,
    "reuse_attempts": 60,
    "reuse_successes": 62,
    "store_attempts": 32,
    "store_successes": 62,
    "requests_seen": 64,
    "reused_prefix_tokens_total": 13625,
    "recompute_tokens_total": -2973
  }
}