{
  "strict_reactive_prefix_cache": {
    "mean_latency_ms": 21.2723089045852,
    "p50_latency_ms": 19.570524192218382,
    "p95_latency_ms": 24.463155240272975,
    "p99_latency_ms": 26.5903861307315,
    "throughput_rps": 376.07577230488687,
    "hit_rate": 0.0,
    "wasted_compute_ratio": 0.035,
    "reuse_attempts": 32,
    "reuse_successes": 0,
    "store_attempts": 32,
    "store_successes": 0,
    "requests_seen": 64,
    "reused_prefix_tokens_total": 0,
    "recompute_tokens_total": 10652
  }
}