{
  "strict_reactive_prefix_cache": {
    "mean_latency_ms": 77.51628828961206,
    "p50_latency_ms": 71.3149852264431,
    "p95_latency_ms": 89.14373153305387,
    "p99_latency_ms": 96.89536036201508,
    "throughput_rps": 103.20411588995132,
    "hit_rate": 0.0,
    "wasted_compute_ratio": 0.035,
    "reuse_attempts": 32,
    "reuse_successes": 0,
    "store_attempts": 32,
    "store_successes": 0,
    "requests_seen": 64,
    "reused_prefix_tokens_total": 0,
    "recompute_tokens_total": 10652
  }
}