{
  "strict_reactive_prefix_cache": {
    "mean_latency_ms": 87.86282218058632,
    "p50_latency_ms": 80.83379640613941,
    "p95_latency_ms": 101.04224550767427,
    "p99_latency_ms": 109.8285277257329,
    "throughput_rps": 91.05102478449224,
    "hit_rate": 0.6,
    "wasted_compute_ratio": 0.0,
    "reuse_attempts": 32,
    "reuse_successes": 19,
    "store_attempts": 32,
    "store_successes": 19,
    "requests_seen": 64,
    "reused_prefix_tokens_total": 8448,
    "recompute_tokens_total": 2204
  }
}