{
  "shadow_kv_plus_lite": {
    "mean_latency_ms": 63.718947169106485,
    "p50_latency_ms": 58.62143139557797,
    "p95_latency_ms": 73.27678924447245,
    "p99_latency_ms": 79.64868396138311,
    "throughput_rps": 125.55135254775087,
    "hit_rate": 0.6,
    "wasted_compute_ratio": 0.0,
    "reuse_attempts": 32,
    "reuse_successes": 19,
    "store_attempts": 32,
    "store_successes": 19,
    "requests_seen": 64,
    "reused_prefix_tokens_total": 8448,
    "recompute_tokens_total": 2204
  }
}