{
  "shadow_kv": {
    "mean_latency_ms": 21.44166570310091,
    "p50_latency_ms": 19.726332446852837,
    "p95_latency_ms": 24.657915558566042,
    "p99_latency_ms": 26.802082128876137,
    "throughput_rps": 373.10534129086034,
    "hit_rate": 0.984375,
    "wasted_compute_ratio": 0.0,
    "reuse_attempts": 63,
    "reuse_successes": 63,
    "store_attempts": 32,
    "store_successes": 63,
    "requests_seen": 64,
    "reused_prefix_tokens_total": 13860,
    "recompute_tokens_total": -3208
  }
}