{
  "shadow_kv_plus_lite": {
    "mean_latency_ms": 83.90782089608946,
    "p50_latency_ms": 77.19519522440231,
    "p95_latency_ms": 96.49399403050288,
    "p99_latency_ms": 104.88477612011182,
    "throughput_rps": 95.3427215075352,
    "hit_rate": 0.35,
    "wasted_compute_ratio": 0.0,
    "reuse_attempts": 32,
    "reuse_successes": 11,
    "store_attempts": 32,
    "store_successes": 11,
    "requests_seen": 64,
    "reused_prefix_tokens_total": 4928,
    "recompute_tokens_total": 5724
  }
}