{
  "reactive_prefix_cache": {
    "mean_latency_ms": 44.93930394172775,
    "p50_latency_ms": 41.34415962638953,
    "p95_latency_ms": 51.68019953298691,
    "p99_latency_ms": 56.17412992715969,
    "throughput_rps": 178.0178885363579,
    "hit_rate": 0.6,
    "wasted_compute_ratio": 0.0,
    "reuse_attempts": 32,
    "reuse_successes": 19,
    "store_attempts": 32,
    "store_successes": 19,
    "requests_seen": 64,
    "reused_prefix_tokens_total": 8448,
    "recompute_tokens_total": 2204
  }
}