{
  "strict_reactive_prefix_cache": {
    "mean_latency_ms": 130.60544559016938,
    "p50_latency_ms": 120.15700994295584,
    "p95_latency_ms": 150.19626242869478,
    "p99_latency_ms": 163.25680698771174,
    "throughput_rps": 61.25318866950948,
    "hit_rate": 0.35,
    "wasted_compute_ratio": 0.0,
    "reuse_attempts": 32,
    "reuse_successes": 11,
    "store_attempts": 32,
    "store_successes": 11,
    "requests_seen": 64,
    "reused_prefix_tokens_total": 4928,
    "recompute_tokens_total": 5724
  }
}