{
  "no_cache": {
    "mean_latency_ms": 93.54723731257764,
    "p50_latency_ms": 86.06345832757142,
    "p95_latency_ms": 107.57932290946427,
    "p99_latency_ms": 116.93404664072204,
    "throughput_rps": 85.51829246724726,
    "hit_rate": 0.0,
    "wasted_compute_ratio": 0.0,
    "reuse_attempts": 0,
    "reuse_successes": 0,
    "store_attempts": 32,
    "store_successes": 0,
    "requests_seen": 64,
    "reused_prefix_tokens_total": 0,
    "recompute_tokens_total": 10652
  }
}