{
  "strict_reactive_prefix_cache": {
    "mean_latency_ms": 22.028581718747848,
    "p50_latency_ms": 20.266295181248022,
    "p95_latency_ms": 25.33286897656002,
    "p99_latency_ms": 27.53572714843481,
    "throughput_rps": 363.16455149681497,
    "hit_rate": 0.35,
    "wasted_compute_ratio": 0.0,
    "reuse_attempts": 32,
    "reuse_successes": 11,
    "store_attempts": 32,
    "store_successes": 11,
    "requests_seen": 64,
    "reused_prefix_tokens_total": 4928,
    "recompute_tokens_total": 5724
  }
}