{
  "reactive_prefix_cache": {
    "mean_latency_ms": 319.2806179686474,
    "p50_latency_ms": 293.7381685311556,
    "p95_latency_ms": 367.1727106639445,
    "p99_latency_ms": 399.10077246080925,
    "throughput_rps": 25.05632835121104,
    "hit_rate": 0.0,
    "wasted_compute_ratio": 0.108,
    "reuse_attempts": 32,
    "reuse_successes": 0,
    "store_attempts": 32,
    "store_successes": 0,
    "requests_seen": 64,
    "reused_prefix_tokens_total": 0,
    "recompute_tokens_total": 10652
  }
}