{
  "shadow_kv_plus_lite": {
    "mean_latency_ms": 61.90055455068232,
    "p50_latency_ms": 56.948510186627736,
    "p95_latency_ms": 71.18563773328466,
    "p99_latency_ms": 77.3756931883529,
    "throughput_rps": 129.23955299059298,
    "hit_rate": 0.0,
    "wasted_compute_ratio": 0.0,
    "reuse_attempts": 32,
    "reuse_successes": 0,
    "store_attempts": 32,
    "store_successes": 0,
    "requests_seen": 64,
    "reused_prefix_tokens_total": 0,
    "recompute_tokens_total": 10652
  }
}