{
  "no_cache": {
    "mean_latency_ms": 76.00722418753492,
    "p50_latency_ms": 69.92664625253212,
    "p95_latency_ms": 87.40830781566515,
    "p99_latency_ms": 95.00903023441865,
    "throughput_rps": 105.25315304583889,
    "hit_rate": 0.0,
    "wasted_compute_ratio": 0.0,
    "reuse_attempts": 0,
    "reuse_successes": 0,
    "store_attempts": 32,
    "store_successes": 0,
    "requests_seen": 64,
    "reused_prefix_tokens_total": 0,
    "recompute_tokens_total": 10652
  }
}