{
  "no_cache": {
    "mean_latency_ms": 387.77352578131286,
    "p50_latency_ms": 356.7516437188078,
    "p95_latency_ms": 445.9395546485097,
    "p99_latency_ms": 484.71690722664107,
    "throughput_rps": 20.630598708050137,
    "hit_rate": 0.0,
    "wasted_compute_ratio": 0.0,
    "reuse_attempts": 0,
    "reuse_successes": 0,
    "store_attempts": 32,
    "store_successes": 0,
    "requests_seen": 64,
    "reused_prefix_tokens_total": 0,
    "recompute_tokens_total": 10652
  }
}