{
  "no_cache": {
    "mean_latency_ms": 136.29799018730182,
    "p50_latency_ms": 125.39415097231768,
    "p95_latency_ms": 156.7426887153971,
    "p99_latency_ms": 170.37248773412728,
    "throughput_rps": 58.69492271314004,
    "hit_rate": 0.0,
    "wasted_compute_ratio": 0.0,
    "reuse_attempts": 0,
    "reuse_successes": 0,
    "store_attempts": 32,
    "store_successes": 0,
    "requests_seen": 64,
    "reused_prefix_tokens_total": 0,
    "recompute_tokens_total": 10652
  }
}