{
  "no_cache": {
    "mean_latency_ms": 60.24077226572899,
    "p50_latency_ms": 55.42151048447067,
    "p95_latency_ms": 69.27688810558834,
    "p99_latency_ms": 75.30096533216124,
    "throughput_rps": 132.800422356989,
    "hit_rate": 0.0,
    "wasted_compute_ratio": 0.0,
    "reuse_attempts": 0,
    "reuse_successes": 0,
    "store_attempts": 32,
    "store_successes": 0,
    "requests_seen": 64,
    "reused_prefix_tokens_total": 0,
    "recompute_tokens_total": 10652
  }
}