{
  "no_cache": {
    "mean_latency_ms": 18.883927187513194,
    "p50_latency_ms": 17.37321301251214,
    "p95_latency_ms": 21.716516265640173,
    "p99_latency_ms": 23.604908984391493,
    "throughput_rps": 423.6406929851921,
    "hit_rate": 0.0,
    "wasted_compute_ratio": 0.0,
    "reuse_attempts": 0,
    "reuse_successes": 0,
    "store_attempts": 32,
    "store_successes": 0,
    "requests_seen": 64,
    "reused_prefix_tokens_total": 0,
    "recompute_tokens_total": 10652
  }
}