{
  "shadow_kv_plus_lite": {
    "mean_latency_ms": 65.92904011672846,
    "p50_latency_ms": 60.65471690739018,
    "p95_latency_ms": 75.81839613423772,
    "p99_latency_ms": 82.41130014591057,
    "throughput_rps": 121.34258265911149,
    "hit_rate": 0.35,
    "wasted_compute_ratio": 0.0,
    "reuse_attempts": 32,
    "reuse_successes": 11,
    "store_attempts": 32,
    "store_successes": 11,
    "requests_seen": 64,
    "reused_prefix_tokens_total": 4928,
    "recompute_tokens_total": 5724
  }
}