{
  "no_cache": {
    "mean_latency_ms": 53.175033125128834,
    "p50_latency_ms": 48.92103047511853,
    "p95_latency_ms": 61.15128809389815,
    "p99_latency_ms": 66.46879140641104,
    "throughput_rps": 150.44654473791863,
    "hit_rate": 0.0,
    "wasted_compute_ratio": 0.0,
    "reuse_attempts": 0,
    "reuse_successes": 0,
    "store_attempts": 32,
    "store_successes": 0,
    "requests_seen": 64,
    "reused_prefix_tokens_total": 0,
    "recompute_tokens_total": 10652
  }
}