{
  "reactive_prefix_cache": {
    "mean_latency_ms": 77.25068243964662,
    "p50_latency_ms": 71.0706278444749,
    "p95_latency_ms": 88.83828480559362,
    "p99_latency_ms": 96.56335304955829,
    "throughput_rps": 103.55895569272326,
    "hit_rate": 0.35,
    "wasted_compute_ratio": 0.003,
    "reuse_attempts": 32,
    "reuse_successes": 11,
    "store_attempts": 32,
    "store_successes": 11,
    "requests_seen": 64,
    "reused_prefix_tokens_total": 4928,
    "recompute_tokens_total": 5724
  }
}