{
  "greedy_prefix_cache": {
    "mean_latency_ms": 89.66508648170014,
    "p50_latency_ms": 82.49187956316413,
    "p95_latency_ms": 103.11484945395516,
    "p99_latency_ms": 112.08135810212518,
    "throughput_rps": 89.22090318434846,
    "hit_rate": 0.35,
    "wasted_compute_ratio": 0.0,
    "reuse_attempts": 32,
    "reuse_successes": 11,
    "store_attempts": 32,
    "store_successes": 11,
    "requests_seen": 64,
    "reused_prefix_tokens_total": 4928,
    "recompute_tokens_total": 5724
  }
}