{
  "no_cache": {
    "mean_latency_ms": 21.7889925468171,
    "p50_latency_ms": 20.04587314307173,
    "p95_latency_ms": 25.05734142883966,
    "p99_latency_ms": 27.236240683521373,
    "throughput_rps": 367.1578657347619,
    "hit_rate": 0.0,
    "wasted_compute_ratio": 0.0,
    "reuse_attempts": 0,
    "reuse_successes": 0,
    "store_attempts": 32,
    "store_successes": 0,
    "requests_seen": 64,
    "reused_prefix_tokens_total": 0,
    "recompute_tokens_total": 10652
  }
}