{
  "reactive_prefix_cache": {
    "mean_latency_ms": 128.9304632455862,
    "p50_latency_ms": 118.6160261859393,
    "p95_latency_ms": 148.2700327324241,
    "p99_latency_ms": 161.16307905698275,
    "throughput_rps": 62.04895102844418,
    "hit_rate": 0.35,
    "wasted_compute_ratio": 0.003,
    "reuse_attempts": 32,
    "reuse_successes": 11,
    "store_attempts": 32,
    "store_successes": 11,
    "requests_seen": 64,
    "reused_prefix_tokens_total": 4928,
    "recompute_tokens_total": 5724
  }
}