{
  "shadow_kv_plus_lite": {
    "mean_latency_ms": 27.105094466928474,
    "p50_latency_ms": 24.936686909574195,
    "p95_latency_ms": 31.170858636967743,
    "p99_latency_ms": 33.88136808366059,
    "throughput_rps": 295.14746793304766,
    "hit_rate": 0.6,
    "wasted_compute_ratio": 0.0,
    "reuse_attempts": 32,
    "reuse_successes": 19,
    "store_attempts": 32,
    "store_successes": 19,
    "requests_seen": 64,
    "reused_prefix_tokens_total": 8448,
    "recompute_tokens_total": 2204
  }
}