{
  "shadow_kv_plus": {
    "mean_latency_ms": 140.84408646871793,
    "p50_latency_ms": 129.5765595512205,
    "p95_latency_ms": 161.97069943902562,
    "p99_latency_ms": 176.05510808589742,
    "throughput_rps": 56.80039681166759,
    "hit_rate": 0.0,
    "wasted_compute_ratio": 0.0,
    "reuse_attempts": 60,
    "reuse_successes": 0,
    "store_attempts": 32,
    "store_successes": 0,
    "requests_seen": 64,
    "reused_prefix_tokens_total": 0,
    "recompute_tokens_total": 10652
  }
}