{
  "strict_reactive_prefix_cache": {
    "mean_latency_ms": 134.5630645160966,
    "p50_latency_ms": 123.79801935480889,
    "p95_latency_ms": 154.74752419351108,
    "p99_latency_ms": 168.20383064512075,
    "throughput_rps": 59.451678131505616,
    "hit_rate": 0.0,
    "wasted_compute_ratio": 0.035,
    "reuse_attempts": 32,
    "reuse_successes": 0,
    "store_attempts": 32,
    "store_successes": 0,
    "requests_seen": 64,
    "reused_prefix_tokens_total": 0,
    "recompute_tokens_total": 10652
  }
}