{
  "greedy_prefix_cache": {
    "mean_latency_ms": 60.38718560394377,
    "p50_latency_ms": 55.55621075562827,
    "p95_latency_ms": 69.44526344453533,
    "p99_latency_ms": 75.48398200492971,
    "throughput_rps": 132.4784376021249,
    "hit_rate": 0.35,
    "wasted_compute_ratio": 0.0,
    "reuse_attempts": 32,
    "reuse_successes": 11,
    "store_attempts": 32,
    "store_successes": 11,
    "requests_seen": 64,
    "reused_prefix_tokens_total": 4928,
    "recompute_tokens_total": 5724
  }
}