{
  "greedy_prefix_cache": {
    "mean_latency_ms": 64.18112740660142,
    "p50_latency_ms": 59.04663721407331,
    "p95_latency_ms": 73.80829651759163,
    "p99_latency_ms": 80.22640925825178,
    "throughput_rps": 124.64723390286147,
    "hit_rate": 0.0,
    "wasted_compute_ratio": 0.0,
    "reuse_attempts": 32,
    "reuse_successes": 0,
    "store_attempts": 32,
    "store_successes": 0,
    "requests_seen": 64,
    "reused_prefix_tokens_total": 0,
    "recompute_tokens_total": 10652
  }
}