{
  "greedy_prefix_cache": {
    "mean_latency_ms": 333.921890730637,
    "p50_latency_ms": 307.2081394721861,
    "p95_latency_ms": 384.01017434023254,
    "p99_latency_ms": 417.40236341329626,
    "throughput_rps": 23.957698557874174,
    "hit_rate": 0.35,
    "wasted_compute_ratio": 0.0,
    "reuse_attempts": 32,
    "reuse_successes": 11,
    "store_attempts": 32,
    "store_successes": 11,
    "requests_seen": 64,
    "reused_prefix_tokens_total": 4928,
    "recompute_tokens_total": 5724
  }
}