{
  "shadow_kv_plus": {
    "mean_latency_ms": 65.32615967171296,
    "p50_latency_ms": 60.10006689797592,
    "p95_latency_ms": 75.1250836224699,
    "p99_latency_ms": 81.6576995896412,
    "throughput_rps": 122.46242608172328,
    "hit_rate": 0.0,
    "wasted_compute_ratio": 0.0,
    "reuse_attempts": 0,
    "reuse_successes": 0,
    "store_attempts": 32,
    "store_successes": 0,
    "requests_seen": 64,
    "reused_prefix_tokens_total": 0,
    "recompute_tokens_total": 10652
  }
}