{
  "shadow_kv_plus": {
    "mean_latency_ms": 53.772002765768434,
    "p50_latency_ms": 49.47024254450696,
    "p95_latency_ms": 61.83780318063369,
    "p99_latency_ms": 67.21500345721054,
    "throughput_rps": 148.77630715835724,
    "hit_rate": 0.0,
    "wasted_compute_ratio": 0.0,
    "reuse_attempts": 60,
    "reuse_successes": 0,
    "store_attempts": 32,
    "store_successes": 0,
    "requests_seen": 64,
    "reused_prefix_tokens_total": 0,
    "recompute_tokens_total": 10652
  }
}