{
  "strict_reactive_prefix_cache": {
    "mean_latency_ms": 315.03352564514654,
    "p50_latency_ms": 289.83084359353484,
    "p95_latency_ms": 362.2885544919185,
    "p99_latency_ms": 393.79190705643316,
    "throughput_rps": 25.39412268461609,
    "hit_rate": 0.6,
    "wasted_compute_ratio": 0.0,
    "reuse_attempts": 32,
    "reuse_successes": 19,
    "store_attempts": 32,
    "store_successes": 19,
    "requests_seen": 64,
    "reused_prefix_tokens_total": 8448,
    "recompute_tokens_total": 2204
  }
}