{
  "no_cache": {
    "mean_latency_ms": 60.4943166249825,
    "p50_latency_ms": 55.6547712949839,
    "p95_latency_ms": 69.56846411872988,
    "p99_latency_ms": 75.61789578122813,
    "throughput_rps": 132.24382795484325,
    "hit_rate": 0.0,
    "wasted_compute_ratio": 0.0,
    "reuse_attempts": 0,
    "reuse_successes": 0,
    "store_attempts": 32,
    "store_successes": 0,
    "requests_seen": 64,
    "reused_prefix_tokens_total": 0,
    "recompute_tokens_total": 10652
  }
}