{
  "strict_reactive_prefix_cache": {
    "mean_latency_ms": 22.32693310763207,
    "p50_latency_ms": 20.540778459021503,
    "p95_latency_ms": 25.675973073776877,
    "p99_latency_ms": 27.908666384540087,
    "throughput_rps": 358.3116391953242,
    "hit_rate": 0.35,
    "wasted_compute_ratio": 0.0,
    "reuse_attempts": 32,
    "reuse_successes": 11,
    "store_attempts": 32,
    "store_successes": 11,
    "requests_seen": 64,
    "reused_prefix_tokens_total": 4928,
    "recompute_tokens_total": 5724
  }
}