{
  "no_cache": {
    "mean_latency_ms": 44.22692478127033,
    "p50_latency_ms": 40.6887707987687,
    "p95_latency_ms": 50.86096349846087,
    "p99_latency_ms": 55.28365597658791,
    "throughput_rps": 180.8852874027525,
    "hit_rate": 0.0,
    "wasted_compute_ratio": 0.0,
    "reuse_attempts": 0,
    "reuse_successes": 0,
    "store_attempts": 32,
    "store_successes": 0,
    "requests_seen": 64,
    "reused_prefix_tokens_total": 0,
    "recompute_tokens_total": 10652
  }
}