{
  "shadow_kv_plus": {
    "mean_latency_ms": 70.80606343754425,
    "p50_latency_ms": 65.14157836254071,
    "p95_latency_ms": 81.42697295317589,
    "p99_latency_ms": 88.50757929693032,
    "throughput_rps": 112.984674074651,
    "hit_rate": 0.0,
    "wasted_compute_ratio": 0.0,
    "reuse_attempts": 0,
    "reuse_successes": 0,
    "store_attempts": 32,
    "store_successes": 0,
    "requests_seen": 64,
    "reused_prefix_tokens_total": 0,
    "recompute_tokens_total": 10652
  }
}