{
  "reactive_prefix_cache": {
    "mean_latency_ms": 23.02313677082582,
    "p50_latency_ms": 21.181285829159755,
    "p95_latency_ms": 26.47660728644969,
    "p99_latency_ms": 28.778920963532272,
    "throughput_rps": 347.47654412309896,
    "hit_rate": 0.0,
    "wasted_compute_ratio": 0.108,
    "reuse_attempts": 32,
    "reuse_successes": 0,
    "store_attempts": 32,
    "store_successes": 0,
    "requests_seen": 64,
    "reused_prefix_tokens_total": 0,
    "recompute_tokens_total": 10652
  }
}