{
  "shadow_kv": {
    "mean_latency_ms": 39.84404642184103,
    "p50_latency_ms": 36.656522708093746,
    "p95_latency_ms": 45.82065338511718,
    "p99_latency_ms": 49.805058027301286,
    "throughput_rps": 200.7828199802191,
    "hit_rate": 0.984375,
    "wasted_compute_ratio": 0.0,
    "reuse_attempts": 63,
    "reuse_successes": 63,
    "store_attempts": 32,
    "store_successes": 63,
    "requests_seen": 64,
    "reused_prefix_tokens_total": 13860,
    "recompute_tokens_total": -3208
  }
}