{
  "no_cache": {
    "mean_latency_ms": 363.6125638437022,
    "p50_latency_ms": 334.52355873620604,
    "p95_latency_ms": 418.1544484202575,
    "p99_latency_ms": 454.5157048046278,
    "throughput_rps": 22.001439981701996,
    "hit_rate": 0.0,
    "wasted_compute_ratio": 0.0,
    "reuse_attempts": 0,
    "reuse_successes": 0,
    "store_attempts": 32,
    "store_successes": 0,
    "requests_seen": 64,
    "reused_prefix_tokens_total": 0,
    "recompute_tokens_total": 10652
  }
}