{
  "no_cache": {
    "mean_latency_ms": 19.23258978123954,
    "p50_latency_ms": 17.693982598740376,
    "p95_latency_ms": 22.11747824842547,
    "p99_latency_ms": 24.040737226549425,
    "throughput_rps": 415.9606215801271,
    "hit_rate": 0.0,
    "wasted_compute_ratio": 0.0,
    "reuse_attempts": 0,
    "reuse_successes": 0,
    "store_attempts": 32,
    "store_successes": 0,
    "requests_seen": 64,
    "reused_prefix_tokens_total": 0,
    "recompute_tokens_total": 10652
  }
}