{
  "no_cache": {
    "mean_latency_ms": 66.61333968750682,
    "p50_latency_ms": 61.28427251250628,
    "p95_latency_ms": 76.60534064063285,
    "p99_latency_ms": 83.26667460938353,
    "throughput_rps": 120.096065405656,
    "hit_rate": 0.0,
    "wasted_compute_ratio": 0.0,
    "reuse_attempts": 0,
    "reuse_successes": 0,
    "store_attempts": 32,
    "store_successes": 0,
    "requests_seen": 64,
    "reused_prefix_tokens_total": 0,
    "recompute_tokens_total": 10652
  }
}