{
  "greedy_prefix_cache": {
    "mean_latency_ms": 204.04622952575752,
    "p50_latency_ms": 187.72253116369694,
    "p95_latency_ms": 234.65316395462114,
    "p99_latency_ms": 255.0577869071969,
    "throughput_rps": 39.20680141256974,
    "hit_rate": 0.0,
    "wasted_compute_ratio": 0.0,
    "reuse_attempts": 32,
    "reuse_successes": 0,
    "store_attempts": 32,
    "store_successes": 0,
    "requests_seen": 64,
    "reused_prefix_tokens_total": 0,
    "recompute_tokens_total": 10652
  }
}