{
  "greedy_prefix_cache": {
    "mean_latency_ms": 318.46151932448254,
    "p50_latency_ms": 292.98459777852395,
    "p95_latency_ms": 366.2307472231549,
    "p99_latency_ms": 398.0768991556032,
    "throughput_rps": 25.120774456422623,
    "hit_rate": 0.0,
    "wasted_compute_ratio": 0.0,
    "reuse_attempts": 32,
    "reuse_successes": 0,
    "store_attempts": 32,
    "store_successes": 0,
    "requests_seen": 64,
    "reused_prefix_tokens_total": 0,
    "recompute_tokens_total": 10652
  }
}