{
  "shadow_kv_plus": {
    "mean_latency_ms": 102.59174873434063,
    "p50_latency_ms": 94.38440883559338,
    "p95_latency_ms": 117.9805110444917,
    "p99_latency_ms": 128.23968591792578,
    "throughput_rps": 77.97898075327527,
    "hit_rate": 0.9833333333333333,
    "wasted_compute_ratio": 0.0,
    "reuse_attempts": 59,
    "reuse_successes": 63,
    "store_attempts": 32,
    "store_successes": 63,
    "requests_seen": 64,
    "reused_prefix_tokens_total": 13845,
    "recompute_tokens_total": -3193
  }
}