{
  "shadow_kv_plus_lite": {
    "mean_latency_ms": 123.60451654739835,
    "p50_latency_ms": 113.71615522360648,
    "p95_latency_ms": 142.14519402950808,
    "p99_latency_ms": 154.50564568424792,
    "throughput_rps": 64.72255402521847,
    "hit_rate": 0.35,
    "wasted_compute_ratio": 0.0,
    "reuse_attempts": 32,
    "reuse_successes": 11,
    "store_attempts": 32,
    "store_successes": 11,
    "requests_seen": 64,
    "reused_prefix_tokens_total": 4928,
    "recompute_tokens_total": 5724
  }
}