{
  "shadow_kv_plus_lite": {
    "mean_latency_ms": 23.673914335939905,
    "p50_latency_ms": 21.780001189064713,
    "p95_latency_ms": 27.22500148633089,
    "p99_latency_ms": 29.592392919924883,
    "throughput_rps": 337.9246831122903,
    "hit_rate": 0.0,
    "wasted_compute_ratio": 0.0,
    "reuse_attempts": 32,
    "reuse_successes": 0,
    "store_attempts": 32,
    "store_successes": 0,
    "requests_seen": 64,
    "reused_prefix_tokens_total": 0,
    "recompute_tokens_total": 10652
  }
}