{
  "no_cache": {
    "mean_latency_ms": 73.50715418772324,
    "p50_latency_ms": 67.62658185270539,
    "p95_latency_ms": 84.53322731588173,
    "p99_latency_ms": 91.88394273465406,
    "throughput_rps": 108.83294406377816,
    "hit_rate": 0.0,
    "wasted_compute_ratio": 0.0,
    "reuse_attempts": 0,
    "reuse_successes": 0,
    "store_attempts": 32,
    "store_successes": 0,
    "requests_seen": 64,
    "reused_prefix_tokens_total": 0,
    "recompute_tokens_total": 10652
  }
}