{
  "reactive_prefix_cache": {
    "mean_latency_ms": 342.6781819426724,
    "p50_latency_ms": 315.2639273872586,
    "p95_latency_ms": 394.0799092340732,
    "p99_latency_ms": 428.3477274283405,
    "throughput_rps": 23.34551897832335,
    "hit_rate": 0.35,
    "wasted_compute_ratio": 0.003,
    "reuse_attempts": 32,
    "reuse_successes": 11,
    "store_attempts": 32,
    "store_successes": 11,
    "requests_seen": 64,
    "reused_prefix_tokens_total": 4928,
    "recompute_tokens_total": 5724
  }
}