{
  "reactive_prefix_cache": {
    "mean_latency_ms": 97.91622308247966,
    "p50_latency_ms": 90.08292523588129,
    "p95_latency_ms": 112.6036565448516,
    "p99_latency_ms": 122.39527885309957,
    "throughput_rps": 81.70249778998527,
    "hit_rate": 0.35,
    "wasted_compute_ratio": 0.003,
    "reuse_attempts": 32,
    "reuse_successes": 11,
    "store_attempts": 32,
    "store_successes": 11,
    "requests_seen": 64,
    "reused_prefix_tokens_total": 4928,
    "recompute_tokens_total": 5724
  }
}