{
  "shadow_kv": {
    "mean_latency_ms": 79.68329160951271,
    "p50_latency_ms": 73.30862828075169,
    "p95_latency_ms": 91.63578535093961,
    "p99_latency_ms": 99.60411451189088,
    "throughput_rps": 100.3974589704945,
    "hit_rate": 0.96875,
    "wasted_compute_ratio": 0.0,
    "reuse_attempts": 62,
    "reuse_successes": 62,
    "store_attempts": 32,
    "store_successes": 62,
    "requests_seen": 64,
    "reused_prefix_tokens_total": 13640,
    "recompute_tokens_total": -2988
  }
}