{
  "strict_reactive_prefix_cache": {
    "mean_latency_ms": 19.053375433991782,
    "p50_latency_ms": 17.52910539927244,
    "p95_latency_ms": 21.91138174909055,
    "p99_latency_ms": 23.81671929248973,
    "throughput_rps": 419.87311002793575,
    "hit_rate": 0.35,
    "wasted_compute_ratio": 0.0,
    "reuse_attempts": 32,
    "reuse_successes": 11,
    "store_attempts": 32,
    "store_successes": 11,
    "requests_seen": 64,
    "reused_prefix_tokens_total": 4928,
    "recompute_tokens_total": 5724
  }
}