{
  "strict_reactive_prefix_cache": {
    "mean_latency_ms": 75.53400060765448,
    "p50_latency_ms": 69.49128055904212,
    "p95_latency_ms": 86.86410069880264,
    "p99_latency_ms": 94.4175007595681,
    "throughput_rps": 105.91256832210334,
    "hit_rate": 0.35,
    "wasted_compute_ratio": 0.0,
    "reuse_attempts": 32,
    "reuse_successes": 11,
    "store_attempts": 32,
    "store_successes": 11,
    "requests_seen": 64,
    "reused_prefix_tokens_total": 4928,
    "recompute_tokens_total": 5724
  }
}