{
  "shadow_kv_plus_lite": {
    "mean_latency_ms": 21.347677207050882,
    "p50_latency_ms": 19.63986303048681,
    "p95_latency_ms": 24.549828788108513,
    "p99_latency_ms": 26.684596508813602,
    "throughput_rps": 374.7480310109662,
    "hit_rate": 0.0,
    "wasted_compute_ratio": 0.0,
    "reuse_attempts": 32,
    "reuse_successes": 0,
    "store_attempts": 32,
    "store_successes": 0,
    "requests_seen": 64,
    "reused_prefix_tokens_total": 0,
    "recompute_tokens_total": 10652
  }
}