{
  "strict_reactive_prefix_cache": {
    "mean_latency_ms": 166.82343151046553,
    "p50_latency_ms": 153.47755698962828,
    "p95_latency_ms": 191.84694623703533,
    "p99_latency_ms": 208.5292893880819,
    "throughput_rps": 47.95489415105411,
    "hit_rate": 0.35,
    "wasted_compute_ratio": 0.0,
    "reuse_attempts": 32,
    "reuse_successes": 11,
    "store_attempts": 32,
    "store_successes": 11,
    "requests_seen": 64,
    "reused_prefix_tokens_total": 4928,
    "recompute_tokens_total": 5724
  }
}