{
  "shadow_kv_plus_lite": {
    "mean_latency_ms": 70.81815650725704,
    "p50_latency_ms": 65.15270398667649,
    "p95_latency_ms": 81.4408799833456,
    "p99_latency_ms": 88.52269563407131,
    "throughput_rps": 112.96538055435269,
    "hit_rate": 0.6,
    "wasted_compute_ratio": 0.0,
    "reuse_attempts": 32,
    "reuse_successes": 19,
    "store_attempts": 32,
    "store_successes": 19,
    "requests_seen": 64,
    "reused_prefix_tokens_total": 8448,
    "recompute_tokens_total": 2204
  }
}