{
  "strict_reactive_prefix_cache": {
    "mean_latency_ms": 173.3698923220939,
    "p50_latency_ms": 159.5003009363264,
    "p95_latency_ms": 199.37537617040797,
    "p99_latency_ms": 216.71236540261737,
    "throughput_rps": 46.14411356463937,
    "hit_rate": 0.0,
    "wasted_compute_ratio": 0.035,
    "reuse_attempts": 32,
    "reuse_successes": 0,
    "store_attempts": 32,
    "store_successes": 0,
    "requests_seen": 64,
    "reused_prefix_tokens_total": 0,
    "recompute_tokens_total": 10652
  }
}