{
  "no_cache": {
    "mean_latency_ms": 35.89154437503339,
    "p50_latency_ms": 33.02022082503072,
    "p95_latency_ms": 41.2752760312884,
    "p99_latency_ms": 44.86443046879174,
    "throughput_rps": 222.89372439389655,
    "hit_rate": 0.0,
    "wasted_compute_ratio": 0.0,
    "reuse_attempts": 0,
    "reuse_successes": 0,
    "store_attempts": 32,
    "store_successes": 0,
    "requests_seen": 64,
    "reused_prefix_tokens_total": 0,
    "recompute_tokens_total": 10652
  }
}