{
  "shadow_kv_plus": {
    "mean_latency_ms": 17.47905125002802,
    "p50_latency_ms": 16.08072715002578,
    "p95_latency_ms": 20.100908937532225,
    "p99_latency_ms": 21.848814062535027,
    "throughput_rps": 457.6907456568717,
    "hit_rate": 0.984375,
    "wasted_compute_ratio": 0.0,
    "reuse_attempts": 63,
    "reuse_successes": 63,
    "store_attempts": 32,
    "store_successes": 63,
    "requests_seen": 64,
    "reused_prefix_tokens_total": 13860,
    "recompute_tokens_total": -3208
  }
}