{
  "shadow_kv_plus_lite": {
    "mean_latency_ms": 401.10468441198196,
    "p50_latency_ms": 369.0163096590234,
    "p95_latency_ms": 461.2703870737792,
    "p99_latency_ms": 501.38085551497744,
    "throughput_rps": 19.944917900243354,
    "hit_rate": 0.6,
    "wasted_compute_ratio": 0.0,
    "reuse_attempts": 32,
    "reuse_successes": 19,
    "store_attempts": 32,
    "store_successes": 19,
    "requests_seen": 64,
    "reused_prefix_tokens_total": 8448,
    "recompute_tokens_total": 2204
  }
}