{
  "reactive_prefix_cache": {
    "mean_latency_ms": 39.89131947922904,
    "p50_latency_ms": 36.70001392089072,
    "p95_latency_ms": 45.87501740111339,
    "p99_latency_ms": 49.864149349036296,
    "throughput_rps": 200.54488305821795,
    "hit_rate": 0.0,
    "wasted_compute_ratio": 0.108,
    "reuse_attempts": 32,
    "reuse_successes": 0,
    "store_attempts": 32,
    "store_successes": 0,
    "requests_seen": 64,
    "reused_prefix_tokens_total": 0,
    "recompute_tokens_total": 10652
  }
}