{
  "shadow_kv_plus_lite": {
    "mean_latency_ms": 64.07761465069939,
    "p50_latency_ms": 58.95140547864344,
    "p95_latency_ms": 73.6892568483043,
    "p99_latency_ms": 80.09701831337424,
    "throughput_rps": 124.84859250160434,
    "hit_rate": 0.6,
    "wasted_compute_ratio": 0.0,
    "reuse_attempts": 32,
    "reuse_successes": 19,
    "store_attempts": 32,
    "store_successes": 19,
    "requests_seen": 64,
    "reused_prefix_tokens_total": 8448,
    "recompute_tokens_total": 2204
  }
}