{
  "shadow_kv": {
    "mean_latency_ms": 17.160750765626176,
    "p50_latency_ms": 15.787890704376082,
    "p95_latency_ms": 19.734863380470102,
    "p99_latency_ms": 21.45093845703272,
    "throughput_rps": 466.1800703978751,
    "hit_rate": 0.90625,
    "wasted_compute_ratio": 0.0,
    "reuse_attempts": 58,
    "reuse_successes": 58,
    "store_attempts": 32,
    "store_successes": 58,
    "requests_seen": 64,
    "reused_prefix_tokens_total": 12760,
    "recompute_tokens_total": -2108
  }
}