{
  "greedy_prefix_cache": {
    "mean_latency_ms": 74.97463440919243,
    "p50_latency_ms": 68.97666365645703,
    "p95_latency_ms": 86.2208295705713,
    "p99_latency_ms": 93.71829301149054,
    "throughput_rps": 106.70275437874149,
    "hit_rate": 0.6,
    "wasted_compute_ratio": 0.0,
    "reuse_attempts": 32,
    "reuse_successes": 19,
    "store_attempts": 32,
    "store_successes": 19,
    "requests_seen": 64,
    "reused_prefix_tokens_total": 8448,
    "recompute_tokens_total": 2204
  }
}