{
  "shadow_kv": {
    "mean_latency_ms": 21.0074573749921,
    "p50_latency_ms": 19.326860784992732,
    "p95_latency_ms": 24.15857598124091,
    "p99_latency_ms": 26.259321718740125,
    "throughput_rps": 380.81714779645046,
    "hit_rate": 0.90625,
    "wasted_compute_ratio": 0.0,
    "reuse_attempts": 58,
    "reuse_successes": 58,
    "store_attempts": 32,
    "store_successes": 58,
    "requests_seen": 64,
    "reused_prefix_tokens_total": 12760,
    "recompute_tokens_total": -2108
  }
}