{
  "greedy_prefix_cache": {
    "mean_latency_ms": 98.82386666070008,
    "p50_latency_ms": 90.91795732784408,
    "p95_latency_ms": 113.64744665980508,
    "p99_latency_ms": 123.5298333258751,
    "throughput_rps": 80.95210469214935,
    "hit_rate": 0.35,
    "wasted_compute_ratio": 0.0,
    "reuse_attempts": 32,
    "reuse_successes": 11,
    "store_attempts": 32,
    "store_successes": 11,
    "requests_seen": 64,
    "reused_prefix_tokens_total": 4928,
    "recompute_tokens_total": 5724
  }
}