{
  "no_cache": {
    "mean_latency_ms": 14.949249171870349,
    "p50_latency_ms": 13.753309238120721,
    "p95_latency_ms": 17.1916365476509,
    "p99_latency_ms": 18.686561464837936,
    "throughput_rps": 535.1439331851805,
    "hit_rate": 0.0,
    "wasted_compute_ratio": 0.0,
    "reuse_attempts": 0,
    "reuse_successes": 0,
    "store_attempts": 32,
    "store_successes": 0,
    "requests_seen": 64,
    "reused_prefix_tokens_total": 0,
    "recompute_tokens_total": 10652
  }
}