{
  "shadow_kv_plus": {
    "mean_latency_ms": 198.73646890616214,
    "p50_latency_ms": 182.83755139366917,
    "p95_latency_ms": 228.54693924208644,
    "p99_latency_ms": 248.42058613270268,
    "throughput_rps": 40.25431287992431,
    "hit_rate": 0.0,
    "wasted_compute_ratio": 0.0,
    "reuse_attempts": 60,
    "reuse_successes": 0,
    "store_attempts": 32,
    "store_successes": 0,
    "requests_seen": 64,
    "reused_prefix_tokens_total": 0,
    "recompute_tokens_total": 10652
  }
}