{
  "no_cache": {
    "mean_latency_ms": 67.70124103125852,
    "p50_latency_ms": 62.28514174875784,
    "p95_latency_ms": 77.8564271859473,
    "p99_latency_ms": 84.62655128907315,
    "throughput_rps": 118.16622381126365,
    "hit_rate": 0.0,
    "wasted_compute_ratio": 0.0,
    "reuse_attempts": 0,
    "reuse_successes": 0,
    "store_attempts": 32,
    "store_successes": 0,
    "requests_seen": 64,
    "reused_prefix_tokens_total": 0,
    "recompute_tokens_total": 10652
  }
}