{
  "shadow_kv_plus_lite": {
    "mean_latency_ms": 127.90996431636614,
    "p50_latency_ms": 117.67716717105685,
    "p95_latency_ms": 147.09645896382105,
    "p99_latency_ms": 159.88745539545766,
    "throughput_rps": 62.543993681471115,
    "hit_rate": 0.0,
    "wasted_compute_ratio": 0.0,
    "reuse_attempts": 32,
    "reuse_successes": 0,
    "store_attempts": 32,
    "store_successes": 0,
    "requests_seen": 64,
    "reused_prefix_tokens_total": 0,
    "recompute_tokens_total": 10652
  }
}