{
  "shadow_kv": {
    "mean_latency_ms": 74.61429050016477,
    "p50_latency_ms": 68.64514726015159,
    "p95_latency_ms": 85.80643407518949,
    "p99_latency_ms": 93.26786312520596,
    "throughput_rps": 107.21806702674917,
    "hit_rate": 0.96875,
    "wasted_compute_ratio": 1.0,
    "reuse_attempts": 62,
    "reuse_successes": 62,
    "store_attempts": 32,
    "store_successes": 62,
    "requests_seen": 64,
    "reused_prefix_tokens_total": 13640,
    "recompute_tokens_total": -2988
  }
}