{
  "no_cache": {
    "mean_latency_ms": 140.48813568746255,
    "p50_latency_ms": 129.24908483246554,
    "p95_latency_ms": 161.56135604058193,
    "p99_latency_ms": 175.61016960932818,
    "throughput_rps": 56.944310356550176,
    "hit_rate": 0.0,
    "wasted_compute_ratio": 0.0,
    "reuse_attempts": 0,
    "reuse_successes": 0,
    "store_attempts": 32,
    "store_successes": 0,
    "requests_seen": 64,
    "reused_prefix_tokens_total": 0,
    "recompute_tokens_total": 10652
  }
}