{
  "reactive_prefix_cache": {
    "mean_latency_ms": 42.82602256748611,
    "p50_latency_ms": 39.399940762087226,
    "p95_latency_ms": 49.249925952609026,
    "p99_latency_ms": 53.53252820935764,
    "throughput_rps": 186.80231131418842,
    "hit_rate": 0.6,
    "wasted_compute_ratio": 0.0,
    "reuse_attempts": 32,
    "reuse_successes": 19,
    "store_attempts": 32,
    "store_successes": 19,
    "requests_seen": 64,
    "reused_prefix_tokens_total": 8448,
    "recompute_tokens_total": 2204
  }
}