{
  "shadow_kv_plus": {
    "mean_latency_ms": 20.841751578124956,
    "p50_latency_ms": 19.17441145187496,
    "p95_latency_ms": 23.968014314843696,
    "p99_latency_ms": 26.052189472656195,
    "throughput_rps": 383.8448975851254,
    "hit_rate": 0.984375,
    "wasted_compute_ratio": 0.0,
    "reuse_attempts": 63,
    "reuse_successes": 63,
    "store_attempts": 32,
    "store_successes": 63,
    "requests_seen": 64,
    "reused_prefix_tokens_total": 13860,
    "recompute_tokens_total": -3208
  }
}