{
  "shadow_kv_plus_lite": {
    "mean_latency_ms": 130.62612566425713,
    "p50_latency_ms": 120.17603561111656,
    "p95_latency_ms": 150.2200445138957,
    "p99_latency_ms": 163.28265708032143,
    "throughput_rps": 61.24349137141268,
    "hit_rate": 0.0,
    "wasted_compute_ratio": 0.0,
    "reuse_attempts": 32,
    "reuse_successes": 0,
    "store_attempts": 32,
    "store_successes": 0,
    "requests_seen": 64,
    "reused_prefix_tokens_total": 0,
    "recompute_tokens_total": 10652
  }
}