{
  "shadow_kv_plus_lite": {
    "mean_latency_ms": 22.108466867476743,
    "p50_latency_ms": 20.339789518078604,
    "p95_latency_ms": 25.42473689759825,
    "p99_latency_ms": 27.63558358434593,
    "throughput_rps": 361.8523187498187,
    "hit_rate": 0.35,
    "wasted_compute_ratio": 0.0,
    "reuse_attempts": 32,
    "reuse_successes": 11,
    "store_attempts": 32,
    "store_successes": 11,
    "requests_seen": 64,
    "reused_prefix_tokens_total": 4928,
    "recompute_tokens_total": 5724
  }
}