{
  "shadow_kv_plus": {
    "mean_latency_ms": 12.083006468792235,
    "p50_latency_ms": 11.116365951288856,
    "p95_latency_ms": 13.895457439111068,
    "p99_latency_ms": 15.103758085990293,
    "throughput_rps": 662.086875535675,
    "hit_rate": 0.0,
    "wasted_compute_ratio": 0.0,
    "reuse_attempts": 0,
    "reuse_successes": 0,
    "store_attempts": 32,
    "store_successes": 0,
    "requests_seen": 64,
    "reused_prefix_tokens_total": 0,
    "recompute_tokens_total": 10652
  }
}