{
  "no_cache": {
    "mean_latency_ms": 73.69240100051684,
    "p50_latency_ms": 79.9990000014077,
    "p95_latency_ms": 94.20404499978754,
    "throughput_rps": 4.891597682848297,
    "hit_rate": 0.0,
    "speculative_hits": 0,
    "speculative_hit_rate": 0.0,
    "speculative_precomputes": 0,
    "speculative_cost_ms": 0.0,
    "wasted_precomputes": 0,
    "wasted_compute_ms": 0.0,
    "wasted_compute_ratio": 0.0,
    "utility_proxy_ms": 0.0,
    "gpu_utilization_pct_mean": null,
    "promotions": 0,
    "demotions": 0,
    "speedup_vs_no_cache_mean": 1.0,
    "speedup_vs_no_cache_p95": 1.0
  },
  "reactive_prefix_cache": {
    "mean_latency_ms": 47.74766049995378,
    "p50_latency_ms": 44.43044999788981,
    "p95_latency_ms": 81.32154500490284,
    "throughput_rps": 2.5770241829482705,
    "hit_rate": 0.9,
    "speculative_hits": 0,
    "speculative_hit_rate": 0.0,
    "speculative_precomputes": 0,
    "speculative_cost_ms": 0.0,
    "wasted_precomputes": 0,
    "wasted_compute_ms": 0.0,
    "wasted_compute_ratio": 0.0,
    "utility_proxy_ms": 0.0,
    "gpu_utilization_pct_mean": null,
    "promotions": 0,
    "demotions": 0,
    "speedup_vs_no_cache_mean": 1.5433719731794644,
    "speedup_vs_no_cache_p95": 1.1584143537128815
  },
  "frequency_speculative": {
    "mean_latency_ms": 15.261550000068382,
    "p50_latency_ms": 0.0,
    "p95_latency_ms": 73.66781499440543,
    "throughput_rps": 1.866589303757597,
    "hit_rate": 0.955,
    "speculative_hits": 169,
    "speculative_hit_rate": 0.8848167539267016,
    "speculative_precomputes": 78,
    "speculative_cost_ms": 5427.004599987413,
    "wasted_precomputes": 42,
    "wasted_compute_ms": 2747.911300000851,
    "wasted_compute_ratio": 0.506340329987416,
    "utility_proxy_ms": 9707.874100175104,
    "gpu_utilization_pct_mean": null,
    "promotions": 0,
    "demotions": 0,
    "speedup_vs_no_cache_mean": 4.82863149550253,
    "speedup_vs_no_cache_p95": 1.2787680075341137
  },
  "shadow_kv": {
    "mean_latency_ms": 36.762945000082254,
    "p50_latency_ms": 41.4396000051056,
    "p95_latency_ms": 81.23331000024335,
    "throughput_rps": 1.411980313947337,
    "hit_rate": 0.9,
    "speculative_hits": 46,
    "speculative_hit_rate": 0.25555555555555554,
    "speculative_precomputes": 7,
    "speculative_cost_ms": 574.3074000201887,
    "wasted_precomputes": 0,
    "wasted_compute_ms": 0.0,
    "wasted_compute_ratio": 0.0,
    "utility_proxy_ms": 3859.220700134756,
    "gpu_utilization_pct_mean": null,
    "promotions": 0,
    "demotions": 0,
    "speedup_vs_no_cache_mean": 2.004529316145699,
    "speedup_vs_no_cache_p95": 1.1596726145900658
  },
  "config": {
    "backend": "hf",
    "model": "distilgpt2",
    "device": "cpu",
    "dtype": "auto",
    "workload": "synthetic",
    "variant": "high_skew",
    "dataset": "daily_dialog",
    "dataset_split": "train",
    "n_requests": 200,
    "simulate_arrivals": true,
    "max_memory_mb": 64,
    "speculative_k": 4,
    "idle_threshold_ms": 20.0,
    "seed": 42,
    "output_dir": "results"
  }
}