{
  "no_cache": {
    "mean_latency_ms": 41.83276166659198,
    "p50_latency_ms": 40.52625000622356,
    "p95_latency_ms": 50.10402500483905,
    "throughput_rps": 8.042217783091017,
    "hit_rate": 0.0,
    "speculative_hits": 0,
    "speculative_hit_rate": 0.0,
    "speculative_precomputes": 0,
    "speculative_cost_ms": 0.0,
    "wasted_precomputes": 0,
    "wasted_compute_ms": 0.0,
    "wasted_compute_ratio": 0.0,
    "utility_proxy_ms": 0.0,
    "gpu_utilization_pct_mean": null,
    "promotions": 0,
    "demotions": 0,
    "speedup_vs_no_cache_mean": 1.0,
    "speedup_vs_no_cache_p95": 1.0
  },
  "reactive_prefix_cache": {
    "mean_latency_ms": 37.62902166805967,
    "p50_latency_ms": 38.49284999887459,
    "p95_latency_ms": 48.08161999753793,
    "throughput_rps": 3.733841218712964,
    "hit_rate": 0.35,
    "speculative_hits": 0,
    "speculative_hit_rate": 0.0,
    "speculative_precomputes": 0,
    "speculative_cost_ms": 0.0,
    "wasted_precomputes": 0,
    "wasted_compute_ms": 0.0,
    "wasted_compute_ratio": 0.0,
    "utility_proxy_ms": 0.0,
    "gpu_utilization_pct_mean": null,
    "promotions": 0,
    "demotions": 0,
    "speedup_vs_no_cache_mean": 1.111715367877888,
    "speedup_vs_no_cache_p95": 1.042061914873182
  },
  "frequency_speculative": {
    "mean_latency_ms": 34.09269333278644,
    "p50_latency_ms": 35.988100004033186,
    "p95_latency_ms": 56.44325000612297,
    "throughput_rps": 2.5192037114477093,
    "hit_rate": 0.6333333333333333,
    "speculative_hits": 29,
    "speculative_hit_rate": 0.7631578947368421,
    "speculative_precomputes": 104,
    "speculative_cost_ms": 3766.2618999456754,
    "wasted_precomputes": 0,
    "wasted_compute_ms": 0.0,
    "wasted_compute_ratio": 0.0,
    "utility_proxy_ms": 988.6881066508067,
    "gpu_utilization_pct_mean": null,
    "promotions": 0,
    "demotions": 0,
    "speedup_vs_no_cache_mean": 1.2270301222098527,
    "speedup_vs_no_cache_p95": 0.8876885189886082
  },
  "shadow_kv": {
    "mean_latency_ms": 38.057628332656655,
    "p50_latency_ms": 42.40844999731053,
    "p95_latency_ms": 55.8219199963787,
    "throughput_rps": 1.877370538177403,
    "hit_rate": 0.5666666666666667,
    "speculative_hits": 24,
    "speculative_hit_rate": 0.7058823529411765,
    "speculative_precomputes": 86,
    "speculative_cost_ms": 3677.749400099856,
    "wasted_precomputes": 0,
    "wasted_compute_ms": 0.0,
    "wasted_compute_ratio": 0.0,
    "utility_proxy_ms": 913.3830799837597,
    "gpu_utilization_pct_mean": null,
    "promotions": 0,
    "demotions": 0,
    "speedup_vs_no_cache_mean": 1.0991951810800553,
    "speedup_vs_no_cache_p95": 0.8975690017127576
  },
  "config": {
    "backend": "hf",
    "model": "distilgpt2",
    "device": "cpu",
    "dtype": "auto",
    "workload": "synthetic",
    "variant": "low_skew",
    "dataset": "daily_dialog",
    "dataset_split": "train",
    "n_requests": 60,
    "simulate_arrivals": true,
    "max_memory_mb": 64,
    "speculative_k": 4,
    "idle_threshold_ms": 20.0,
    "seed": 42,
    "output_dir": "results"
  }
}