{
  "shadow_kv_plus_lite": {
    "mean_latency_ms": 85.0443127757551,
    "p50_latency_ms": 78.2407677536947,
    "p95_latency_ms": 97.80095969211835,
    "p99_latency_ms": 106.30539096969387,
    "throughput_rps": 94.06860657566139,
    "hit_rate": 0.6,
    "wasted_compute_ratio": 0.0,
    "reuse_attempts": 32,
    "reuse_successes": 19,
    "store_attempts": 32,
    "store_successes": 19,
    "requests_seen": 64,
    "reused_prefix_tokens_total": 8448,
    "recompute_tokens_total": 2204
  }
}