{
  "shadow_kv_plus_lite": {
    "mean_latency_ms": 66.20549347641003,
    "p50_latency_ms": 60.909053998297225,
    "p95_latency_ms": 76.13631749787153,
    "p99_latency_ms": 82.75686684551253,
    "throughput_rps": 120.83589412184527,
    "hit_rate": 0.0,
    "wasted_compute_ratio": 0.0,
    "reuse_attempts": 32,
    "reuse_successes": 0,
    "store_attempts": 32,
    "store_successes": 0,
    "requests_seen": 64,
    "reused_prefix_tokens_total": 0,
    "recompute_tokens_total": 10652
  }
}