{
  "shadow_kv_plus_lite": {
    "mean_latency_ms": 83.41548952210039,
    "p50_latency_ms": 76.74225036033236,
    "p95_latency_ms": 95.92781295041544,
    "p99_latency_ms": 104.26936190262549,
    "throughput_rps": 95.90544928565639,
    "hit_rate": 0.6,
    "wasted_compute_ratio": 0.0,
    "reuse_attempts": 32,
    "reuse_successes": 19,
    "store_attempts": 32,
    "store_successes": 19,
    "requests_seen": 64,
    "reused_prefix_tokens_total": 8448,
    "recompute_tokens_total": 2204
  }
}