{
  "strict_reactive_prefix_cache": {
    "mean_latency_ms": 110.01450126023902,
    "p50_latency_ms": 101.2133411594199,
    "p95_latency_ms": 126.51667644927485,
    "p99_latency_ms": 137.51812657529877,
    "throughput_rps": 72.71768638096191,
    "hit_rate": 0.0,
    "wasted_compute_ratio": 0.035,
    "reuse_attempts": 32,
    "reuse_successes": 0,
    "store_attempts": 32,
    "store_successes": 0,
    "requests_seen": 64,
    "reused_prefix_tokens_total": 0,
    "recompute_tokens_total": 10652
  }
}