{
  "reactive_prefix_cache": {
    "mean_latency_ms": 81.83211723956813,
    "p50_latency_ms": 75.28554786040269,
    "p95_latency_ms": 94.10693482550334,
    "p99_latency_ms": 102.29014654946016,
    "throughput_rps": 97.76112692501343,
    "hit_rate": 0.0,
    "wasted_compute_ratio": 0.108,
    "reuse_attempts": 32,
    "reuse_successes": 0,
    "store_attempts": 32,
    "store_successes": 0,
    "requests_seen": 64,
    "reused_prefix_tokens_total": 0,
    "recompute_tokens_total": 10652
  }
}