{
  "reactive_prefix_cache": {
    "mean_latency_ms": 16.89757769883681,
    "p50_latency_ms": 15.545771482929865,
    "p95_latency_ms": 19.432214353662328,
    "p99_latency_ms": 21.121972123546012,
    "throughput_rps": 473.44063998893176,
    "hit_rate": 0.35,
    "wasted_compute_ratio": 0.003,
    "reuse_attempts": 32,
    "reuse_successes": 11,
    "store_attempts": 32,
    "store_successes": 11,
    "requests_seen": 64,
    "reused_prefix_tokens_total": 4928,
    "recompute_tokens_total": 5724
  }
}