{
  "greedy_prefix_cache": {
    "mean_latency_ms": 279.2419717345983,
    "p50_latency_ms": 256.90261399583045,
    "p95_latency_ms": 321.128267494788,
    "p99_latency_ms": 349.05246466824786,
    "throughput_rps": 28.64898836770674,
    "hit_rate": 0.35,
    "wasted_compute_ratio": 0.0,
    "reuse_attempts": 32,
    "reuse_successes": 11,
    "store_attempts": 32,
    "store_successes": 11,
    "requests_seen": 64,
    "reused_prefix_tokens_total": 4928,
    "recompute_tokens_total": 5724
  }
}