{
  "shadow_kv": {
    "mean_latency_ms": 16.851432874979366,
    "p50_latency_ms": 15.503318244981017,
    "p95_latency_ms": 19.37914780622627,
    "p99_latency_ms": 21.064291093724208,
    "throughput_rps": 474.73707781124193,
    "hit_rate": 0.0,
    "wasted_compute_ratio": 1.0,
    "reuse_attempts": 62,
    "reuse_successes": 0,
    "store_attempts": 32,
    "store_successes": 0,
    "requests_seen": 64,
    "reused_prefix_tokens_total": 0,
    "recompute_tokens_total": 10652
  }
}