{
  "strict_reactive_prefix_cache": {
    "mean_latency_ms": 58.98452481316982,
    "p50_latency_ms": 54.26576282811624,
    "p95_latency_ms": 67.83220353514528,
    "p99_latency_ms": 73.73065601646228,
    "throughput_rps": 135.62879459213332,
    "hit_rate": 0.6,
    "wasted_compute_ratio": 0.0,
    "reuse_attempts": 32,
    "reuse_successes": 19,
    "store_attempts": 32,
    "store_successes": 19,
    "requests_seen": 64,
    "reused_prefix_tokens_total": 8448,
    "recompute_tokens_total": 2204
  }
}