{
  "shadow_kv": {
    "mean_latency_ms": 24.724070015615496,
    "p50_latency_ms": 22.746144414366256,
    "p95_latency_ms": 28.432680517957817,
    "p99_latency_ms": 30.90508751951937,
    "throughput_rps": 323.57132118406366,
    "hit_rate": 0.875,
    "wasted_compute_ratio": 0.0,
    "reuse_attempts": 56,
    "reuse_successes": 56,
    "store_attempts": 32,
    "store_successes": 56,
    "requests_seen": 64,
    "reused_prefix_tokens_total": 12320,
    "recompute_tokens_total": -1668
  }
}