{
  "reactive_prefix_cache": {
    "mean_latency_ms": 73.07192012133454,
    "p50_latency_ms": 67.22616651162778,
    "p95_latency_ms": 84.03270813953472,
    "p99_latency_ms": 91.33990015166817,
    "throughput_rps": 109.48117945602293,
    "hit_rate": 0.0,
    "wasted_compute_ratio": 0.108,
    "reuse_attempts": 32,
    "reuse_successes": 0,
    "store_attempts": 32,
    "store_successes": 0,
    "requests_seen": 64,
    "reused_prefix_tokens_total": 0,
    "recompute_tokens_total": 10652
  }
}