{
  "reactive_prefix_cache": {
    "mean_latency_ms": 25.429427361522983,
    "p50_latency_ms": 23.395073172601144,
    "p95_latency_ms": 29.243841465751427,
    "p99_latency_ms": 31.78678420190373,
    "throughput_rps": 314.59615217701366,
    "hit_rate": 0.35,
    "wasted_compute_ratio": 0.003,
    "reuse_attempts": 32,
    "reuse_successes": 11,
    "store_attempts": 32,
    "store_successes": 11,
    "requests_seen": 64,
    "reused_prefix_tokens_total": 4928,
    "recompute_tokens_total": 5724
  }
}