{
  "strict_reactive_prefix_cache": {
    "mean_latency_ms": 16.345893481168904,
    "p50_latency_ms": 15.038222002675392,
    "p95_latency_ms": 18.79777750334424,
    "p99_latency_ms": 20.43236685146113,
    "throughput_rps": 489.41956028382947,
    "hit_rate": 0.0,
    "wasted_compute_ratio": 0.035,
    "reuse_attempts": 32,
    "reuse_successes": 0,
    "store_attempts": 32,
    "store_successes": 0,
    "requests_seen": 64,
    "reused_prefix_tokens_total": 0,
    "recompute_tokens_total": 10652
  }
}