{
  "shadow_kv": {
    "mean_latency_ms": 24.041019031294297,
    "p50_latency_ms": 22.117737508790754,
    "p95_latency_ms": 27.64717188598844,
    "p99_latency_ms": 30.05127378911787,
    "throughput_rps": 332.76459660825384,
    "hit_rate": 0.984375,
    "wasted_compute_ratio": 0.0,
    "reuse_attempts": 63,
    "reuse_successes": 63,
    "store_attempts": 32,
    "store_successes": 63,
    "requests_seen": 64,
    "reused_prefix_tokens_total": 13860,
    "recompute_tokens_total": -3208
  }
}