{
  "greedy_prefix_cache": {
    "mean_latency_ms": 22.654077802309732,
    "p50_latency_ms": 20.841751578124956,
    "p95_latency_ms": 26.052189472656192,
    "p99_latency_ms": 28.317597252887165,
    "throughput_rps": 353.1373057783154,
    "hit_rate": 0.6,
    "wasted_compute_ratio": 0.0,
    "reuse_attempts": 32,
    "reuse_successes": 19,
    "store_attempts": 32,
    "store_successes": 19,
    "requests_seen": 64,
    "reused_prefix_tokens_total": 8448,
    "recompute_tokens_total": 2204
  }
}