{
  "shadow_kv": {
    "mean_latency_ms": 93.26864032797744,
    "p50_latency_ms": 85.80714910173924,
    "p95_latency_ms": 107.25893637717404,
    "p99_latency_ms": 116.5858004099718,
    "throughput_rps": 85.77373886729933,
    "hit_rate": 0.96875,
    "wasted_compute_ratio": 0.0,
    "reuse_attempts": 62,
    "reuse_successes": 62,
    "store_attempts": 32,
    "store_successes": 62,
    "requests_seen": 64,
    "reused_prefix_tokens_total": 13640,
    "recompute_tokens_total": -2988
  }
}