{
  "no_cache": {
    "mean_latency_ms": 183.6818041561088,
    "p50_latency_ms": 168.9872598236201,
    "p95_latency_ms": 211.2340747795251,
    "p99_latency_ms": 229.602255195136,
    "throughput_rps": 43.55357917325824,
    "hit_rate": 0.0,
    "wasted_compute_ratio": 0.0,
    "reuse_attempts": 0,
    "reuse_successes": 0,
    "store_attempts": 32,
    "store_successes": 0,
    "requests_seen": 64,
    "reused_prefix_tokens_total": 0,
    "recompute_tokens_total": 10652
  }
}