{
  "greedy_prefix_cache": {
    "mean_latency_ms": 45.32966232436196,
    "p50_latency_ms": 41.70328933841301,
    "p95_latency_ms": 52.129111673016254,
    "p99_latency_ms": 56.66207790545245,
    "throughput_rps": 176.48487965242313,
    "hit_rate": 0.35,
    "wasted_compute_ratio": 0.0,
    "reuse_attempts": 32,
    "reuse_successes": 11,
    "store_attempts": 32,
    "store_successes": 11,
    "requests_seen": 64,
    "reused_prefix_tokens_total": 4928,
    "recompute_tokens_total": 5724
  }
}