{
  "greedy_prefix_cache": {
    "mean_latency_ms": 153.03875895367943,
    "p50_latency_ms": 140.79565823738508,
    "p95_latency_ms": 175.99457279673135,
    "p99_latency_ms": 191.2984486920993,
    "throughput_rps": 52.27433922423128,
    "hit_rate": 0.35,
    "wasted_compute_ratio": 0.0,
    "reuse_attempts": 32,
    "reuse_successes": 11,
    "store_attempts": 32,
    "store_successes": 11,
    "requests_seen": 64,
    "reused_prefix_tokens_total": 4928,
    "recompute_tokens_total": 5724
  }
}