{
  "reactive_prefix_cache": {
    "mean_latency_ms": 225.5306561434558,
    "p50_latency_ms": 207.48820365197932,
    "p95_latency_ms": 259.3602545649741,
    "p99_latency_ms": 281.9133201793197,
    "throughput_rps": 35.47189609075296,
    "hit_rate": 0.6,
    "wasted_compute_ratio": 0.0,
    "reuse_attempts": 32,
    "reuse_successes": 19,
    "store_attempts": 32,
    "store_successes": 19,
    "requests_seen": 64,
    "reused_prefix_tokens_total": 8448,
    "recompute_tokens_total": 2204
  }
}