{
  "shadow_kv_plus_lite": {
    "mean_latency_ms": 67.16099378759034,
    "p50_latency_ms": 61.788114284583116,
    "p95_latency_ms": 77.23514285572888,
    "p99_latency_ms": 83.95124223448792,
    "throughput_rps": 119.11676032224226,
    "hit_rate": 0.35,
    "wasted_compute_ratio": 0.0,
    "reuse_attempts": 32,
    "reuse_successes": 11,
    "store_attempts": 32,
    "store_successes": 11,
    "requests_seen": 64,
    "reused_prefix_tokens_total": 4928,
    "recompute_tokens_total": 5724
  }
}