{
  "reactive_prefix_cache": {
    "mean_latency_ms": 101.54471126740974,
    "p50_latency_ms": 93.42113436601696,
    "p95_latency_ms": 116.77641795752119,
    "p99_latency_ms": 126.93088908426218,
    "throughput_rps": 78.78302966397383,
    "hit_rate": 0.0,
    "wasted_compute_ratio": 0.108,
    "reuse_attempts": 32,
    "reuse_successes": 0,
    "store_attempts": 32,
    "store_successes": 0,
    "requests_seen": 64,
    "reused_prefix_tokens_total": 0,
    "recompute_tokens_total": 10652
  }
}