{
  "reactive_prefix_cache": {
    "mean_latency_ms": 182.45338779526793,
    "p50_latency_ms": 167.8571167716465,
    "p95_latency_ms": 209.8213959645581,
    "p99_latency_ms": 228.0667347440849,
    "throughput_rps": 43.84681532456305,
    "hit_rate": 0.0,
    "wasted_compute_ratio": 0.108,
    "reuse_attempts": 32,
    "reuse_successes": 0,
    "store_attempts": 32,
    "store_successes": 0,
    "requests_seen": 64,
    "reused_prefix_tokens_total": 0,
    "recompute_tokens_total": 10652
  }
}