{
  "greedy_prefix_cache": {
    "mean_latency_ms": 69.245343642076,
    "p50_latency_ms": 63.70571615070992,
    "p95_latency_ms": 79.63214518838738,
    "p99_latency_ms": 86.556679552595,
    "throughput_rps": 115.53123400399892,
    "hit_rate": 0.0,
    "wasted_compute_ratio": 0.0,
    "reuse_attempts": 32,
    "reuse_successes": 0,
    "store_attempts": 32,
    "store_successes": 0,
    "requests_seen": 64,
    "reused_prefix_tokens_total": 0,
    "recompute_tokens_total": 10652
  }
}