{
  "strict_reactive_prefix_cache": {
    "mean_latency_ms": 98.26907542007395,
    "p50_latency_ms": 90.40754938646803,
    "p95_latency_ms": 113.00943673308502,
    "p99_latency_ms": 122.83634427509243,
    "throughput_rps": 81.40913065277296,
    "hit_rate": 0.0,
    "wasted_compute_ratio": 0.035,
    "reuse_attempts": 32,
    "reuse_successes": 0,
    "store_attempts": 32,
    "store_successes": 0,
    "requests_seen": 64,
    "reused_prefix_tokens_total": 0,
    "recompute_tokens_total": 10652
  }
}