{
  "reactive_prefix_cache": {
    "mean_latency_ms": 19.862558238668207,
    "p50_latency_ms": 18.273553579574752,
    "p95_latency_ms": 22.841941974468437,
    "p99_latency_ms": 24.82819779833526,
    "throughput_rps": 402.76785617804705,
    "hit_rate": 0.6,
    "wasted_compute_ratio": 0.0,
    "reuse_attempts": 32,
    "reuse_successes": 19,
    "store_attempts": 32,
    "store_successes": 19,
    "requests_seen": 64,
    "reused_prefix_tokens_total": 8448,
    "recompute_tokens_total": 2204
  }
}