{
  "shadow_kv": {
    "mean_latency_ms": 191.33318815636358,
    "p50_latency_ms": 176.0265331038545,
    "p95_latency_ms": 220.03316637981808,
    "p99_latency_ms": 239.16648519545447,
    "throughput_rps": 41.811878415270776,
    "hit_rate": 0.90625,
    "wasted_compute_ratio": 0.0,
    "reuse_attempts": 58,
    "reuse_successes": 58,
    "store_attempts": 32,
    "store_successes": 58,
    "requests_seen": 64,
    "reused_prefix_tokens_total": 12760,
    "recompute_tokens_total": -2108
  }
}