{
  "greedy_prefix_cache": {
    "mean_latency_ms": 21.769116630749338,
    "p50_latency_ms": 20.02758730028939,
    "p95_latency_ms": 25.034484125361736,
    "p99_latency_ms": 27.211395788436672,
    "throughput_rps": 367.49309288461575,
    "hit_rate": 0.0,
    "wasted_compute_ratio": 0.0,
    "reuse_attempts": 32,
    "reuse_successes": 0,
    "store_attempts": 32,
    "store_successes": 0,
    "requests_seen": 64,
    "reused_prefix_tokens_total": 0,
    "recompute_tokens_total": 10652
  }
}