{
  "no_cache": {
    "mean_latency_ms": 130.41201406252867,
    "p50_latency_ms": 119.97905293752638,
    "p95_latency_ms": 149.97381617190797,
    "p99_latency_ms": 163.01501757816084,
    "throughput_rps": 61.34404147891036,
    "hit_rate": 0.0,
    "wasted_compute_ratio": 0.0,
    "reuse_attempts": 0,
    "reuse_successes": 0,
    "store_attempts": 32,
    "store_successes": 0,
    "requests_seen": 64,
    "reused_prefix_tokens_total": 0,
    "recompute_tokens_total": 10652
  }
}