{
  "shadow_kv_plus_lite": {
    "mean_latency_ms": 366.202560316065,
    "p50_latency_ms": 336.9063554907798,
    "p95_latency_ms": 421.1329443634747,
    "p99_latency_ms": 457.75320039508125,
    "throughput_rps": 21.84583306325138,
    "hit_rate": 0.35,
    "wasted_compute_ratio": 0.0,
    "reuse_attempts": 32,
    "reuse_successes": 11,
    "store_attempts": 32,
    "store_successes": 11,
    "requests_seen": 64,
    "reused_prefix_tokens_total": 4928,
    "recompute_tokens_total": 5724
  }
}