{
  "shadow_kv_plus": {
    "mean_latency_ms": 229.80746112503425,
    "p50_latency_ms": 211.4228642350315,
    "p95_latency_ms": 264.2785802937894,
    "p99_latency_ms": 287.2593264062928,
    "throughput_rps": 34.81175050120474,
    "hit_rate": 0.0,
    "wasted_compute_ratio": 1.0,
    "reuse_attempts": 0,
    "reuse_successes": 0,
    "store_attempts": 32,
    "store_successes": 0,
    "requests_seen": 64,
    "reused_prefix_tokens_total": 0,
    "recompute_tokens_total": 10652
  }
}