{
  "shadow_kv_plus_lite": {
    "mean_latency_ms": 286.0356169335532,
    "p50_latency_ms": 263.1527675788689,
    "p95_latency_ms": 328.94095947358613,
    "p99_latency_ms": 357.5445211669415,
    "throughput_rps": 27.96854491676266,
    "hit_rate": 0.0,
    "wasted_compute_ratio": 0.0,
    "reuse_attempts": 32,
    "reuse_successes": 0,
    "store_attempts": 32,
    "store_successes": 0,
    "requests_seen": 64,
    "reused_prefix_tokens_total": 0,
    "recompute_tokens_total": 10652
  }
}