{
  "reactive_prefix_cache": {
    "mean_latency_ms": 56.595585529108725,
    "p50_latency_ms": 52.06793868678003,
    "p95_latency_ms": 65.08492335847502,
    "p99_latency_ms": 70.7444819113859,
    "throughput_rps": 141.3537809567386,
    "hit_rate": 0.35,
    "wasted_compute_ratio": 0.003,
    "reuse_attempts": 32,
    "reuse_successes": 11,
    "store_attempts": 32,
    "store_successes": 11,
    "requests_seen": 64,
    "reused_prefix_tokens_total": 4928,
    "recompute_tokens_total": 5724
  }
}