{
  "shadow_kv": {
    "mean_latency_ms": 20.378631843747996,
    "p50_latency_ms": 18.748341296248157,
    "p95_latency_ms": 23.435426620310192,
    "p99_latency_ms": 25.473289804684995,
    "throughput_rps": 392.56806155288274,
    "hit_rate": 0.0,
    "wasted_compute_ratio": 0.0,
    "reuse_attempts": 62,
    "reuse_successes": 0,
    "store_attempts": 32,
    "store_successes": 0,
    "requests_seen": 64,
    "reused_prefix_tokens_total": 0,
    "recompute_tokens_total": 10652
  }
}