{
  "shadow_kv": {
    "mean_latency_ms": 130.32105125000726,
    "p50_latency_ms": 119.89536715000668,
    "p95_latency_ms": 149.86920893750835,
    "p99_latency_ms": 162.90131406250907,
    "throughput_rps": 61.38685901675885,
    "hit_rate": 0.984375,
    "wasted_compute_ratio": 0.0,
    "reuse_attempts": 63,
    "reuse_successes": 63,
    "store_attempts": 32,
    "store_successes": 63,
    "requests_seen": 64,
    "reused_prefix_tokens_total": 13860,
    "recompute_tokens_total": -3208
  }
}