{
  "shadow_kv": {
    "mean_latency_ms": 63.41219542184717,
    "p50_latency_ms": 58.3392197880994,
    "p95_latency_ms": 72.92402473512425,
    "p99_latency_ms": 79.26524427730897,
    "throughput_rps": 126.15869781483373,
    "hit_rate": 0.90625,
    "wasted_compute_ratio": 0.0,
    "reuse_attempts": 58,
    "reuse_successes": 58,
    "store_attempts": 32,
    "store_successes": 58,
    "requests_seen": 64,
    "reused_prefix_tokens_total": 12760,
    "recompute_tokens_total": -2108
  }
}