{
  "shadow_kv_plus": {
    "mean_latency_ms": 72.09014810933922,
    "p50_latency_ms": 66.32293626059209,
    "p95_latency_ms": 82.90367032574011,
    "p99_latency_ms": 90.11268513667403,
    "throughput_rps": 110.97216762360357,
    "hit_rate": 0.0,
    "wasted_compute_ratio": 0.0,
    "reuse_attempts": 0,
    "reuse_successes": 0,
    "store_attempts": 32,
    "store_successes": 0,
    "requests_seen": 64,
    "reused_prefix_tokens_total": 0,
    "recompute_tokens_total": 10652
  }
}