{
  "shadow_kv_plus": {
    "mean_latency_ms": 46.91687575000003,
    "p50_latency_ms": 43.16352569000003,
    "p95_latency_ms": 53.95440711250003,
    "p99_latency_ms": 58.64609468750004,
    "throughput_rps": 170.51433779667212,
    "hit_rate": 0.984375,
    "wasted_compute_ratio": 0.0,
    "reuse_attempts": 63,
    "reuse_successes": 63,
    "store_attempts": 32,
    "store_successes": 63,
    "requests_seen": 64,
    "reused_prefix_tokens_total": 13860,
    "recompute_tokens_total": -3208
  }
}