{
  "reactive_prefix_cache": {
    "mean_latency_ms": 59.11840205965065,
    "p50_latency_ms": 54.3889298948786,
    "p95_latency_ms": 67.98616236859824,
    "p99_latency_ms": 73.89800257456331,
    "throughput_rps": 135.32165487030545,
    "hit_rate": 0.6,
    "wasted_compute_ratio": 0.0,
    "reuse_attempts": 32,
    "reuse_successes": 19,
    "store_attempts": 32,
    "store_successes": 19,
    "requests_seen": 64,
    "reused_prefix_tokens_total": 8448,
    "recompute_tokens_total": 2204
  }
}