{
  "reactive_prefix_cache": {
    "mean_latency_ms": 67.43123897374143,
    "p50_latency_ms": 62.036739855842114,
    "p95_latency_ms": 77.54592481980264,
    "p99_latency_ms": 84.28904871717678,
    "throughput_rps": 118.63937429824328,
    "hit_rate": 0.6,
    "wasted_compute_ratio": 0.0,
    "reuse_attempts": 32,
    "reuse_successes": 19,
    "store_attempts": 32,
    "store_successes": 19,
    "requests_seen": 64,
    "reused_prefix_tokens_total": 8448,
    "recompute_tokens_total": 2204
  }
}