{
  "shadow_kv_plus_lite": {
    "mean_latency_ms": 94.86313990233695,
    "p50_latency_ms": 87.27408871015,
    "p95_latency_ms": 109.09261088768748,
    "p99_latency_ms": 118.5789248779212,
    "throughput_rps": 84.33201777040189,
    "hit_rate": 0.0,
    "wasted_compute_ratio": 0.0,
    "reuse_attempts": 32,
    "reuse_successes": 0,
    "store_attempts": 32,
    "store_successes": 0,
    "requests_seen": 64,
    "reused_prefix_tokens_total": 0,
    "recompute_tokens_total": 10652
  }
}