{
  "reactive_prefix_cache": {
    "mean_latency_ms": 114.55175728010339,
    "p50_latency_ms": 105.38761669769512,
    "p95_latency_ms": 131.73452087211888,
    "p99_latency_ms": 143.18969660012922,
    "throughput_rps": 69.83742711548545,
    "hit_rate": 0.6,
    "wasted_compute_ratio": 0.0,
    "reuse_attempts": 32,
    "reuse_successes": 19,
    "store_attempts": 32,
    "store_successes": 19,
    "requests_seen": 64,
    "reused_prefix_tokens_total": 8448,
    "recompute_tokens_total": 2204
  }
}