{
  "no_cache": {
    "mean_latency_ms": 296.8273118123932,
    "p50_latency_ms": 273.08112686740174,
    "p95_latency_ms": 341.35140858425217,
    "p99_latency_ms": 371.0341397654915,
    "throughput_rps": 26.951697777246057,
    "hit_rate": 0.0,
    "wasted_compute_ratio": 0.0,
    "reuse_attempts": 0,
    "reuse_successes": 0,
    "store_attempts": 32,
    "store_successes": 0,
    "requests_seen": 64,
    "reused_prefix_tokens_total": 0,
    "recompute_tokens_total": 10652
  }
}