{
  "shadow_kv_plus_lite": {
    "mean_latency_ms": 408.43429174642284,
    "p50_latency_ms": 375.75954840670903,
    "p95_latency_ms": 469.6994355083862,
    "p99_latency_ms": 510.54286468302854,
    "throughput_rps": 19.58699394654848,
    "hit_rate": 0.6,
    "wasted_compute_ratio": 0.0,
    "reuse_attempts": 32,
    "reuse_successes": 19,
    "store_attempts": 32,
    "store_successes": 19,
    "requests_seen": 64,
    "reused_prefix_tokens_total": 8448,
    "recompute_tokens_total": 2204
  }
}