{
  "greedy_prefix_cache": {
    "mean_latency_ms": 77.06865879759275,
    "p50_latency_ms": 70.90316609378533,
    "p95_latency_ms": 88.62895761723165,
    "p99_latency_ms": 96.33582349699094,
    "throughput_rps": 103.80354510918103,
    "hit_rate": 0.6,
    "wasted_compute_ratio": 0.0,
    "reuse_attempts": 32,
    "reuse_successes": 19,
    "store_attempts": 32,
    "store_successes": 19,
    "requests_seen": 64,
    "reused_prefix_tokens_total": 8448,
    "recompute_tokens_total": 2204
  }
}