{
  "no_cache": {
    "mean_latency_ms": 412.18789834385916,
    "p50_latency_ms": 379.2128664763504,
    "p95_latency_ms": 474.016083095438,
    "p99_latency_ms": 515.234872929824,
    "throughput_rps": 19.408624154526166,
    "hit_rate": 0.0,
    "wasted_compute_ratio": 0.0,
    "reuse_attempts": 0,
    "reuse_successes": 0,
    "store_attempts": 32,
    "store_successes": 0,
    "requests_seen": 64,
    "reused_prefix_tokens_total": 0,
    "recompute_tokens_total": 10652
  }
}