{
  "greedy_prefix_cache": {
    "mean_latency_ms": 139.30956244630306,
    "p50_latency_ms": 128.16479745059883,
    "p95_latency_ms": 160.2059968132485,
    "p99_latency_ms": 174.13695305787883,
    "throughput_rps": 57.42606508496934,
    "hit_rate": 0.0,
    "wasted_compute_ratio": 0.0,
    "reuse_attempts": 32,
    "reuse_successes": 0,
    "store_attempts": 32,
    "store_successes": 0,
    "requests_seen": 64,
    "reused_prefix_tokens_total": 0,
    "recompute_tokens_total": 10652
  }
}