{
  "greedy_prefix_cache": {
    "mean_latency_ms": 22.296411376383947,
    "p50_latency_ms": 20.512698466273232,
    "p95_latency_ms": 25.640873082841537,
    "p99_latency_ms": 27.870514220479933,
    "throughput_rps": 358.80213478988327,
    "hit_rate": 0.35,
    "wasted_compute_ratio": 0.0,
    "reuse_attempts": 32,
    "reuse_successes": 11,
    "store_attempts": 32,
    "store_successes": 11,
    "requests_seen": 64,
    "reused_prefix_tokens_total": 4928,
    "recompute_tokens_total": 5724
  }
}