{
  "no_cache": {
    "mean_latency_ms": 46.141031981250336,
    "hit_rate": 0.0,
    "evictions": 0,
    "victim_recovery_hit_rate": 0.0
  },
  "native": {
    "mean_latency_ms": 36.098505231601436,
    "hit_rate": 0.9218704293016494,
    "evictions": 8,
    "victim_recovery_hit_rate": 0.95
  },
  "meritkv": {
    "mean_latency_ms": 37.57708382355784,
    "hit_rate": 1.0132574093344187,
    "evictions": 3,
    "victim_recovery_hit_rate": 0.995
  }
}