{
  "no_cache": {
    "mean_latency_ms": 185.07539057833355,
    "p50_latency_ms": 170.26935933206687,
    "p95_latency_ms": 212.83669916508356,
    "p99_latency_ms": 231.34423822291694,
    "throughput_rps": 43.2256280805415,
    "hit_rate": 0.0,
    "wasted_compute_ratio": 0.0,
    "reuse_attempts": 0,
    "reuse_successes": 0,
    "store_attempts": 32,
    "store_successes": 0,
    "requests_seen": 64,
    "reused_prefix_tokens_total": 0,
    "recompute_tokens_total": 10652
  }
}