{
  "no_cache": {
    "mean_latency_ms": 181.72370526568216,
    "p50_latency_ms": 167.18580884442758,
    "p95_latency_ms": 208.98226105553445,
    "p99_latency_ms": 227.1546315821027,
    "throughput_rps": 44.02287521214642,
    "hit_rate": 0.0,
    "wasted_compute_ratio": 0.0,
    "reuse_attempts": 0,
    "reuse_successes": 0,
    "store_attempts": 32,
    "store_successes": 0,
    "requests_seen": 64,
    "reused_prefix_tokens_total": 0,
    "recompute_tokens_total": 10652
  }
}