{
  "reactive_prefix_cache": {
    "mean_latency_ms": 392.5638726386828,
    "p50_latency_ms": 361.1587628275882,
    "p95_latency_ms": 451.4484535344852,
    "p99_latency_ms": 490.70484079835353,
    "throughput_rps": 20.3788492971263,
    "hit_rate": 0.6,
    "wasted_compute_ratio": 0.0,
    "reuse_attempts": 32,
    "reuse_successes": 19,
    "store_attempts": 32,
    "store_successes": 19,
    "requests_seen": 64,
    "reused_prefix_tokens_total": 8448,
    "recompute_tokens_total": 2204
  }
}