{
  "reactive_prefix_cache": {
    "mean_latency_ms": 24.19627421870387,
    "p50_latency_ms": 22.260572281207562,
    "p95_latency_ms": 27.825715351509448,
    "p99_latency_ms": 30.24534277337984,
    "throughput_rps": 330.6294154087554,
    "hit_rate": 0.6,
    "wasted_compute_ratio": 0.0,
    "reuse_attempts": 32,
    "reuse_successes": 19,
    "store_attempts": 32,
    "store_successes": 19,
    "requests_seen": 64,
    "reused_prefix_tokens_total": 8448,
    "recompute_tokens_total": 2204
  }
}