{
  "reactive_prefix_cache": {
    "mean_latency_ms": 65.7319782638805,
    "p50_latency_ms": 60.47342000277007,
    "p95_latency_ms": 75.59177500346257,
    "p99_latency_ms": 82.16497282985063,
    "throughput_rps": 121.7063628890654,
    "hit_rate": 0.0,
    "wasted_compute_ratio": 0.108,
    "reuse_attempts": 32,
    "reuse_successes": 0,
    "store_attempts": 32,
    "store_successes": 0,
    "requests_seen": 64,
    "reused_prefix_tokens_total": 0,
    "recompute_tokens_total": 10652
  }
}