{
  "greedy_prefix_cache": {
    "mean_latency_ms": 230.96717096214772,
    "p50_latency_ms": 212.4897972851759,
    "p95_latency_ms": 265.61224660646985,
    "p99_latency_ms": 288.7089637026846,
    "throughput_rps": 34.636957134098886,
    "hit_rate": 0.35,
    "wasted_compute_ratio": 0.0,
    "reuse_attempts": 32,
    "reuse_successes": 11,
    "store_attempts": 32,
    "store_successes": 11,
    "requests_seen": 64,
    "reused_prefix_tokens_total": 4928,
    "recompute_tokens_total": 5724
  }
}