{
  "reactive_prefix_cache": {
    "mean_latency_ms": 60.19405390615356,
    "p50_latency_ms": 55.37852959366128,
    "p95_latency_ms": 69.2231619920766,
    "p99_latency_ms": 75.24256738269196,
    "throughput_rps": 132.90349263521142,
    "hit_rate": 0.6,
    "wasted_compute_ratio": 0.0,
    "reuse_attempts": 32,
    "reuse_successes": 19,
    "store_attempts": 32,
    "store_successes": 19,
    "requests_seen": 64,
    "reused_prefix_tokens_total": 8448,
    "recompute_tokens_total": 2204
  }
}