{
  "shadow_kv_plus": {
    "mean_latency_ms": 236.61187451560295,
    "p50_latency_ms": 217.6829245543547,
    "p95_latency_ms": 272.1036556929434,
    "p99_latency_ms": 295.7648431445037,
    "throughput_rps": 33.81064461104404,
    "hit_rate": 0.984375,
    "wasted_compute_ratio": 0.0,
    "reuse_attempts": 63,
    "reuse_successes": 63,
    "store_attempts": 32,
    "store_successes": 63,
    "requests_seen": 64,
    "reused_prefix_tokens_total": 13860,
    "recompute_tokens_total": -3208
  }
}