{
  "strict_reactive_prefix_cache": {
    "mean_latency_ms": 16.522075972195992,
    "p50_latency_ms": 15.200309894420313,
    "p95_latency_ms": 19.00038736802539,
    "p99_latency_ms": 20.65259496524499,
    "throughput_rps": 484.20065453413474,
    "hit_rate": 0.35,
    "wasted_compute_ratio": 0.0,
    "reuse_attempts": 32,
    "reuse_successes": 11,
    "store_attempts": 32,
    "store_successes": 11,
    "requests_seen": 64,
    "reused_prefix_tokens_total": 4928,
    "recompute_tokens_total": 5724
  }
}