{
  "shadow_kv": {
    "mean_latency_ms": 135.75982960936983,
    "p50_latency_ms": 124.89904324062024,
    "p95_latency_ms": 156.1238040507753,
    "p99_latency_ms": 169.6997870117123,
    "throughput_rps": 58.927593110708045,
    "hit_rate": 0.96875,
    "wasted_compute_ratio": 0.0,
    "reuse_attempts": 62,
    "reuse_successes": 62,
    "store_attempts": 32,
    "store_successes": 62,
    "requests_seen": 64,
    "reused_prefix_tokens_total": 13640,
    "recompute_tokens_total": -2988
  }
}