{
  "shadow_kv_plus": {
    "mean_latency_ms": 59.33949029689245,
    "p50_latency_ms": 54.592331073141054,
    "p95_latency_ms": 68.24041384142632,
    "p99_latency_ms": 74.17436287111556,
    "throughput_rps": 134.8174707934583,
    "hit_rate": 0.984375,
    "wasted_compute_ratio": 0.0,
    "reuse_attempts": 63,
    "reuse_successes": 63,
    "store_attempts": 32,
    "store_successes": 63,
    "requests_seen": 64,
    "reused_prefix_tokens_total": 13860,
    "recompute_tokens_total": -3208
  }
}