{
  "strict_reactive_prefix_cache": {
    "mean_latency_ms": 95.22075200387145,
    "p50_latency_ms": 87.60309184356174,
    "p95_latency_ms": 109.50386480445216,
    "p99_latency_ms": 119.02594000483931,
    "throughput_rps": 84.01529951868831,
    "hit_rate": 0.6,
    "wasted_compute_ratio": 0.0,
    "reuse_attempts": 32,
    "reuse_successes": 19,
    "store_attempts": 32,
    "store_successes": 19,
    "requests_seen": 64,
    "reused_prefix_tokens_total": 8448,
    "recompute_tokens_total": 2204
  }
}