{
  "reactive_prefix_cache": {
    "mean_latency_ms": 38.59633210069546,
    "p50_latency_ms": 35.508625532639826,
    "p95_latency_ms": 44.38578191579978,
    "p99_latency_ms": 48.24541512586933,
    "throughput_rps": 207.27358182970576,
    "hit_rate": 0.0,
    "wasted_compute_ratio": 0.108,
    "reuse_attempts": 32,
    "reuse_successes": 0,
    "store_attempts": 32,
    "store_successes": 0,
    "requests_seen": 64,
    "reused_prefix_tokens_total": 0,
    "recompute_tokens_total": 10652
  }
}