{
  "no_cache": {
    "mean_latency_ms": 19.408586937522898,
    "p50_latency_ms": 17.855899982521066,
    "p95_latency_ms": 22.319874978151333,
    "p99_latency_ms": 24.260733671903623,
    "throughput_rps": 412.1886887361947,
    "hit_rate": 0.0,
    "wasted_compute_ratio": 0.0,
    "reuse_attempts": 0,
    "reuse_successes": 0,
    "store_attempts": 32,
    "store_successes": 0,
    "requests_seen": 64,
    "reused_prefix_tokens_total": 0,
    "recompute_tokens_total": 10652
  }
}