{
  "strict_reactive_prefix_cache": {
    "mean_latency_ms": 82.40942550950366,
    "p50_latency_ms": 75.81667146874338,
    "p95_latency_ms": 94.77083933592921,
    "p99_latency_ms": 103.01178188687958,
    "throughput_rps": 97.07627435259113,
    "hit_rate": 0.6,
    "wasted_compute_ratio": 0.0,
    "reuse_attempts": 32,
    "reuse_successes": 19,
    "store_attempts": 32,
    "store_successes": 19,
    "requests_seen": 64,
    "reused_prefix_tokens_total": 8448,
    "recompute_tokens_total": 2204
  }
}