{
  "shadow_kv": {
    "mean_latency_ms": 72.45157929679635,
    "p50_latency_ms": 66.65545295305265,
    "p95_latency_ms": 83.3193161913158,
    "p99_latency_ms": 90.56447412099544,
    "throughput_rps": 110.41857303383506,
    "hit_rate": 0.90625,
    "wasted_compute_ratio": 0.0,
    "reuse_attempts": 58,
    "reuse_successes": 58,
    "store_attempts": 32,
    "store_successes": 58,
    "requests_seen": 64,
    "reused_prefix_tokens_total": 12760,
    "recompute_tokens_total": -2108
  }
}