{
  "shadow_kv": {
    "mean_latency_ms": 72.27821256245193,
    "p50_latency_ms": 66.49595555745577,
    "p95_latency_ms": 83.11994444681972,
    "p99_latency_ms": 90.34776570306491,
    "throughput_rps": 110.68342334956895,
    "hit_rate": 0.984375,
    "wasted_compute_ratio": 0.0,
    "reuse_attempts": 63,
    "reuse_successes": 63,
    "store_attempts": 32,
    "store_successes": 63,
    "requests_seen": 64,
    "reused_prefix_tokens_total": 13860,
    "recompute_tokens_total": -3208
  }
}