{
  "strict_reactive_prefix_cache": {
    "mean_latency_ms": 314.31670270043065,
    "p50_latency_ms": 289.17136648439623,
    "p95_latency_ms": 361.46420810549523,
    "p99_latency_ms": 392.8958783755383,
    "throughput_rps": 25.4520358964972,
    "hit_rate": 0.6,
    "wasted_compute_ratio": 0.0,
    "reuse_attempts": 32,
    "reuse_successes": 19,
    "store_attempts": 32,
    "store_successes": 19,
    "requests_seen": 64,
    "reused_prefix_tokens_total": 8448,
    "recompute_tokens_total": 2204
  }
}