{
  "no_cache": {
    "mean_latency_ms": 17.997154843758523,
    "p50_latency_ms": 16.55738245625784,
    "p95_latency_ms": 20.6967280703223,
    "p99_latency_ms": 22.496443554698153,
    "throughput_rps": 444.51470632172885,
    "hit_rate": 0.0,
    "wasted_compute_ratio": 0.0,
    "reuse_attempts": 0,
    "reuse_successes": 0,
    "store_attempts": 32,
    "store_successes": 0,
    "requests_seen": 64,
    "reused_prefix_tokens_total": 0,
    "recompute_tokens_total": 10652
  }
}