{
  "strict_reactive_prefix_cache": {
    "mean_latency_ms": 145.38144633681958,
    "p50_latency_ms": 133.750930629874,
    "p95_latency_ms": 167.1886632873425,
    "p99_latency_ms": 181.7268079210245,
    "throughput_rps": 55.02765450183794,
    "hit_rate": 0.35,
    "wasted_compute_ratio": 0.0,
    "reuse_attempts": 32,
    "reuse_successes": 11,
    "store_attempts": 32,
    "store_successes": 11,
    "requests_seen": 64,
    "reused_prefix_tokens_total": 4928,
    "recompute_tokens_total": 5724
  }
}