{
  "no_cache": {
    "mean_latency_ms": 180.86732098436187,
    "p50_latency_ms": 166.39793530561292,
    "p95_latency_ms": 207.99741913201612,
    "p99_latency_ms": 226.08415123045233,
    "throughput_rps": 44.23131805381081,
    "hit_rate": 0.0,
    "wasted_compute_ratio": 0.0,
    "reuse_attempts": 0,
    "reuse_successes": 0,
    "store_attempts": 32,
    "store_successes": 0,
    "requests_seen": 64,
    "reused_prefix_tokens_total": 0,
    "recompute_tokens_total": 10652
  }
}