{
  "shadow_kv_plus": {
    "mean_latency_ms": 69.16533560936955,
    "p50_latency_ms": 63.632108760619985,
    "p95_latency_ms": 79.54013595077498,
    "p99_latency_ms": 86.45666951171194,
    "throughput_rps": 115.66487648064376,
    "hit_rate": 0.0,
    "wasted_compute_ratio": 0.0,
    "reuse_attempts": 0,
    "reuse_successes": 0,
    "store_attempts": 32,
    "store_successes": 0,
    "requests_seen": 64,
    "reused_prefix_tokens_total": 0,
    "recompute_tokens_total": 10652
  }
}