{
  "strict_reactive_prefix_cache": {
    "mean_latency_ms": 86.75274848940263,
    "p50_latency_ms": 79.81252861025042,
    "p95_latency_ms": 99.76566076281303,
    "p99_latency_ms": 108.44093561175329,
    "throughput_rps": 92.21609850179269,
    "hit_rate": 0.35,
    "wasted_compute_ratio": 0.0,
    "reuse_attempts": 32,
    "reuse_successes": 11,
    "store_attempts": 32,
    "store_successes": 11,
    "requests_seen": 64,
    "reused_prefix_tokens_total": 4928,
    "recompute_tokens_total": 5724
  }
}