{
  "shadow_kv": {
    "mean_latency_ms": 40.663048078243946,
    "p50_latency_ms": 37.41000423198443,
    "p95_latency_ms": 46.76250528998053,
    "p99_latency_ms": 50.82881009780493,
    "throughput_rps": 196.7388176264204,
    "hit_rate": 0.96875,
    "wasted_compute_ratio": 0.0,
    "reuse_attempts": 62,
    "reuse_successes": 62,
    "store_attempts": 32,
    "store_successes": 62,
    "requests_seen": 64,
    "reused_prefix_tokens_total": 13640,
    "recompute_tokens_total": -2988
  }
}