{
  "shadow_kv_plus": {
    "mean_latency_ms": 49.33227896870562,
    "p50_latency_ms": 45.38569665120917,
    "p95_latency_ms": 56.73212081401146,
    "p99_latency_ms": 61.66534871088203,
    "throughput_rps": 162.165628007473,
    "hit_rate": 0.0,
    "wasted_compute_ratio": 0.0,
    "reuse_attempts": 0,
    "reuse_successes": 0,
    "store_attempts": 32,
    "store_successes": 0,
    "requests_seen": 64,
    "reused_prefix_tokens_total": 0,
    "recompute_tokens_total": 10652
  }
}