{
  "reactive_prefix_cache": {
    "mean_latency_ms": 136.38368835215562,
    "p50_latency_ms": 125.47299328398317,
    "p95_latency_ms": 156.84124160497893,
    "p99_latency_ms": 170.4796104401945,
    "throughput_rps": 58.658041123974016,
    "hit_rate": 0.35,
    "wasted_compute_ratio": 0.003,
    "reuse_attempts": 32,
    "reuse_successes": 11,
    "store_attempts": 32,
    "store_successes": 11,
    "requests_seen": 64,
    "reused_prefix_tokens_total": 4928,
    "recompute_tokens_total": 5724
  }
}