{
  "greedy_prefix_cache": {
    "mean_latency_ms": 22.827014167882894,
    "p50_latency_ms": 21.000853034452263,
    "p95_latency_ms": 26.251066293065325,
    "p99_latency_ms": 28.533767709853617,
    "throughput_rps": 350.46195447041094,
    "hit_rate": 0.35,
    "wasted_compute_ratio": 0.0,
    "reuse_attempts": 32,
    "reuse_successes": 11,
    "store_attempts": 32,
    "store_successes": 11,
    "requests_seen": 64,
    "reused_prefix_tokens_total": 4928,
    "recompute_tokens_total": 5724
  }
}