{
  "strict_reactive_prefix_cache": {
    "mean_latency_ms": 75.87134368072333,
    "p50_latency_ms": 69.80163618626547,
    "p95_latency_ms": 87.25204523283182,
    "p99_latency_ms": 94.83917960090416,
    "throughput_rps": 105.4416544099319,
    "hit_rate": 0.35,
    "wasted_compute_ratio": 0.0,
    "reuse_attempts": 32,
    "reuse_successes": 11,
    "store_attempts": 32,
    "store_successes": 11,
    "requests_seen": 64,
    "reused_prefix_tokens_total": 4928,
    "recompute_tokens_total": 5724
  }
}