{
  "shadow_kv_plus": {
    "mean_latency_ms": 70.35570570303662,
    "p50_latency_ms": 64.72724924679369,
    "p95_latency_ms": 80.90906155849211,
    "p99_latency_ms": 87.94463212879577,
    "throughput_rps": 113.70790641724332,
    "hit_rate": 0.984375,
    "wasted_compute_ratio": 0.0,
    "reuse_attempts": 63,
    "reuse_successes": 63,
    "store_attempts": 32,
    "store_successes": 63,
    "requests_seen": 64,
    "reused_prefix_tokens_total": 13860,
    "recompute_tokens_total": -3208
  }
}