{
  "reactive_prefix_cache": {
    "mean_latency_ms": 61.57209121094551,
    "p50_latency_ms": 56.64632391406987,
    "p95_latency_ms": 70.80790489258733,
    "p99_latency_ms": 76.96511401368188,
    "throughput_rps": 129.928996119233,
    "hit_rate": 0.6,
    "wasted_compute_ratio": 0.0,
    "reuse_attempts": 32,
    "reuse_successes": 19,
    "store_attempts": 32,
    "store_successes": 19,
    "requests_seen": 64,
    "reused_prefix_tokens_total": 8448,
    "recompute_tokens_total": 2204
  }
}