{
  "shadow_kv": {
    "mean_latency_ms": 14.739629171881319,
    "p50_latency_ms": 13.560458838130813,
    "p95_latency_ms": 16.950573547663517,
    "p99_latency_ms": 18.42453646485165,
    "throughput_rps": 542.7544958364041,
    "hit_rate": 0.984375,
    "wasted_compute_ratio": 0.0,
    "reuse_attempts": 63,
    "reuse_successes": 63,
    "store_attempts": 32,
    "store_successes": 63,
    "requests_seen": 64,
    "reused_prefix_tokens_total": 13860,
    "recompute_tokens_total": -3208
  }
}