{
  "shadow_kv_plus": {
    "mean_latency_ms": 54.18853120315248,
    "p50_latency_ms": 49.85344870690028,
    "p95_latency_ms": 62.316810883625344,
    "p99_latency_ms": 67.7356640039406,
    "throughput_rps": 147.63271530664022,
    "hit_rate": 0.9833333333333333,
    "wasted_compute_ratio": 0.0,
    "reuse_attempts": 59,
    "reuse_successes": 63,
    "store_attempts": 32,
    "store_successes": 63,
    "requests_seen": 64,
    "reused_prefix_tokens_total": 13845,
    "recompute_tokens_total": -3193
  }
}