{
  "shadow_kv_plus_lite": {
    "mean_latency_ms": 362.0286360357028,
    "p50_latency_ms": 333.06634515284657,
    "p95_latency_ms": 416.3329314410582,
    "p99_latency_ms": 452.53579504462846,
    "throughput_rps": 22.0976994737263,
    "hit_rate": 0.0,
    "wasted_compute_ratio": 0.0,
    "reuse_attempts": 32,
    "reuse_successes": 0,
    "store_attempts": 32,
    "store_successes": 0,
    "requests_seen": 64,
    "reused_prefix_tokens_total": 0,
    "recompute_tokens_total": 10652
  }
}