{
  "strict_reactive_prefix_cache": {
    "mean_latency_ms": 22.32016423619143,
    "p50_latency_ms": 20.534551097296116,
    "p95_latency_ms": 25.668188871620142,
    "p99_latency_ms": 27.90020529523929,
    "throughput_rps": 358.42030172108934,
    "hit_rate": 0.35,
    "wasted_compute_ratio": 0.0,
    "reuse_attempts": 32,
    "reuse_successes": 11,
    "store_attempts": 32,
    "store_successes": 11,
    "requests_seen": 64,
    "reused_prefix_tokens_total": 4928,
    "recompute_tokens_total": 5724
  }
}