{
  "greedy_prefix_cache": {
    "mean_latency_ms": 82.86223920613703,
    "p50_latency_ms": 76.23326006964608,
    "p95_latency_ms": 95.29157508705758,
    "p99_latency_ms": 103.57779900767129,
    "throughput_rps": 96.5457858325351,
    "hit_rate": 0.0,
    "wasted_compute_ratio": 0.0,
    "reuse_attempts": 32,
    "reuse_successes": 0,
    "store_attempts": 32,
    "store_successes": 0,
    "requests_seen": 64,
    "reused_prefix_tokens_total": 0,
    "recompute_tokens_total": 10652
  }
}