{
  "shadow_kv_plus_lite": {
    "mean_latency_ms": 160.07182912111338,
    "p50_latency_ms": 147.2660827914243,
    "p95_latency_ms": 184.0826034892804,
    "p99_latency_ms": 200.08978640139173,
    "throughput_rps": 49.97756347212756,
    "hit_rate": 0.0,
    "wasted_compute_ratio": 0.0,
    "reuse_attempts": 32,
    "reuse_successes": 0,
    "store_attempts": 32,
    "store_successes": 0,
    "requests_seen": 64,
    "reused_prefix_tokens_total": 0,
    "recompute_tokens_total": 10652
  }
}