{
  "reactive_prefix_cache": {
    "mean_latency_ms": 52.70736088555673,
    "p50_latency_ms": 48.49077201471219,
    "p95_latency_ms": 60.61346501839024,
    "p99_latency_ms": 65.88420110694591,
    "throughput_rps": 151.7814564339574,
    "hit_rate": 0.0,
    "wasted_compute_ratio": 0.108,
    "reuse_attempts": 32,
    "reuse_successes": 0,
    "store_attempts": 32,
    "store_successes": 0,
    "requests_seen": 64,
    "reused_prefix_tokens_total": 0,
    "recompute_tokens_total": 10652
  }
}