{
  "strict_reactive_prefix_cache": {
    "mean_latency_ms": 75.71673013889797,
    "p50_latency_ms": 69.65939172778614,
    "p95_latency_ms": 87.07423965973265,
    "p99_latency_ms": 94.64591267362246,
    "throughput_rps": 105.65696623882809,
    "hit_rate": 0.35,
    "wasted_compute_ratio": 0.0,
    "reuse_attempts": 32,
    "reuse_successes": 11,
    "store_attempts": 32,
    "store_successes": 11,
    "requests_seen": 64,
    "reused_prefix_tokens_total": 4928,
    "recompute_tokens_total": 5724
  }
}