{
  "reactive_prefix_cache": {
    "mean_latency_ms": 58.03010989585762,
    "p50_latency_ms": 53.38770110418901,
    "p95_latency_ms": 66.73462638023626,
    "p99_latency_ms": 72.53763736982202,
    "throughput_rps": 137.85946665200208,
    "hit_rate": 0.0,
    "wasted_compute_ratio": 0.108,
    "reuse_attempts": 32,
    "reuse_successes": 0,
    "store_attempts": 32,
    "store_successes": 0,
    "requests_seen": 64,
    "reused_prefix_tokens_total": 0,
    "recompute_tokens_total": 10652
  }
}