{
  "no_cache": {
    "mean_latency_ms": 82.22495476558578,
    "p50_latency_ms": 75.64695838433892,
    "p95_latency_ms": 94.55869798042363,
    "p99_latency_ms": 102.78119345698222,
    "throughput_rps": 97.29406386184233,
    "hit_rate": 0.0,
    "wasted_compute_ratio": 0.0,
    "reuse_attempts": 0,
    "reuse_successes": 0,
    "store_attempts": 32,
    "store_successes": 0,
    "requests_seen": 64,
    "reused_prefix_tokens_total": 0,
    "recompute_tokens_total": 10652
  }
}