{
  "shadow_kv_plus": {
    "mean_latency_ms": 91.39024014066877,
    "p50_latency_ms": 84.07902092941526,
    "p95_latency_ms": 105.09877616176907,
    "p99_latency_ms": 114.23780017583596,
    "throughput_rps": 87.5366996266376,
    "hit_rate": 0.0,
    "wasted_compute_ratio": 0.0,
    "reuse_attempts": 0,
    "reuse_successes": 0,
    "store_attempts": 32,
    "store_successes": 0,
    "requests_seen": 64,
    "reused_prefix_tokens_total": 0,
    "recompute_tokens_total": 10652
  }
}