{
  "shadow_kv_plus": {
    "mean_latency_ms": 23.041630937477464,
    "p50_latency_ms": 21.198300462479267,
    "p95_latency_ms": 26.49787557809908,
    "p99_latency_ms": 28.80203867184683,
    "throughput_rps": 347.19764506721236,
    "hit_rate": 0.984375,
    "wasted_compute_ratio": 0.0,
    "reuse_attempts": 63,
    "reuse_successes": 63,
    "store_attempts": 32,
    "store_successes": 63,
    "requests_seen": 64,
    "reused_prefix_tokens_total": 13860,
    "recompute_tokens_total": -3208
  }
}