{
  "no_cache": {
    "mean_latency_ms": 130.02421418730137,
    "p50_latency_ms": 119.62227705231726,
    "p95_latency_ms": 149.52784631539657,
    "p99_latency_ms": 162.5302677341267,
    "throughput_rps": 61.52700133588893,
    "hit_rate": 0.0,
    "wasted_compute_ratio": 0.0,
    "reuse_attempts": 0,
    "reuse_successes": 0,
    "store_attempts": 32,
    "store_successes": 0,
    "requests_seen": 64,
    "reused_prefix_tokens_total": 0,
    "recompute_tokens_total": 10652
  }
}