{
  "shadow_kv_plus": {
    "mean_latency_ms": 60.24344896860612,
    "p50_latency_ms": 55.42397305111763,
    "p95_latency_ms": 69.27996631389703,
    "p99_latency_ms": 75.30431121075765,
    "throughput_rps": 132.7945218436769,
    "hit_rate": 0.0,
    "wasted_compute_ratio": 0.0,
    "reuse_attempts": 0,
    "reuse_successes": 0,
    "store_attempts": 32,
    "store_successes": 0,
    "requests_seen": 64,
    "reused_prefix_tokens_total": 0,
    "recompute_tokens_total": 10652
  }
}