{
  "shadow_kv_plus": {
    "mean_latency_ms": 19.641026640602632,
    "p50_latency_ms": 18.069744509354422,
    "p95_latency_ms": 22.587180636693027,
    "p99_latency_ms": 24.55128330075329,
    "throughput_rps": 407.3106842318575,
    "hit_rate": 0.0,
    "wasted_compute_ratio": 0.0,
    "reuse_attempts": 60,
    "reuse_successes": 0,
    "store_attempts": 32,
    "store_successes": 0,
    "requests_seen": 64,
    "reused_prefix_tokens_total": 0,
    "recompute_tokens_total": 10652
  }
}