{
  "strict_reactive_prefix_cache": {
    "mean_latency_ms": 23.892714945624196,
    "p50_latency_ms": 21.98129774997426,
    "p95_latency_ms": 27.47662218746782,
    "p99_latency_ms": 29.865893682030244,
    "throughput_rps": 334.8300943700478,
    "hit_rate": 0.6,
    "wasted_compute_ratio": 0.0,
    "reuse_attempts": 32,
    "reuse_successes": 19,
    "store_attempts": 32,
    "store_successes": 19,
    "requests_seen": 64,
    "reused_prefix_tokens_total": 8448,
    "recompute_tokens_total": 2204
  }
}