{
  "shadow_kv_plus_lite": {
    "mean_latency_ms": 98.28629047445753,
    "p50_latency_ms": 90.42338723650093,
    "p95_latency_ms": 113.02923404562615,
    "p99_latency_ms": 122.85786309307191,
    "throughput_rps": 81.39487166909637,
    "hit_rate": 0.35,
    "wasted_compute_ratio": 0.0,
    "reuse_attempts": 32,
    "reuse_successes": 11,
    "store_attempts": 32,
    "store_successes": 11,
    "requests_seen": 64,
    "reused_prefix_tokens_total": 4928,
    "recompute_tokens_total": 5724
  }
}