{
  "reactive_prefix_cache": {
    "mean_latency_ms": 61.54671033379603,
    "p50_latency_ms": 56.62297350709235,
    "p95_latency_ms": 70.77871688386543,
    "p99_latency_ms": 76.93338791724503,
    "throughput_rps": 129.98257675531855,
    "hit_rate": 0.6,
    "wasted_compute_ratio": 0.0,
    "reuse_attempts": 32,
    "reuse_successes": 19,
    "store_attempts": 32,
    "store_successes": 19,
    "requests_seen": 64,
    "reused_prefix_tokens_total": 8448,
    "recompute_tokens_total": 2204
  }
}