{
  "shadow_kv_plus_lite": {
    "mean_latency_ms": 46.52539702202403,
    "p50_latency_ms": 42.80336526026211,
    "p95_latency_ms": 53.50420657532763,
    "p99_latency_ms": 58.15674627753004,
    "throughput_rps": 171.94909688170932,
    "hit_rate": 0.6,
    "wasted_compute_ratio": 0.0,
    "reuse_attempts": 32,
    "reuse_successes": 19,
    "store_attempts": 32,
    "store_successes": 19,
    "requests_seen": 64,
    "reused_prefix_tokens_total": 8448,
    "recompute_tokens_total": 2204
  }
}