{
  "strict_reactive_prefix_cache": {
    "mean_latency_ms": 82.95397641132641,
    "p50_latency_ms": 76.3176582984203,
    "p95_latency_ms": 95.39707287302537,
    "p99_latency_ms": 103.692470514158,
    "throughput_rps": 96.4390177070245,
    "hit_rate": 0.0,
    "wasted_compute_ratio": 0.035,
    "reuse_attempts": 32,
    "reuse_successes": 0,
    "store_attempts": 32,
    "store_successes": 0,
    "requests_seen": 64,
    "reused_prefix_tokens_total": 0,
    "recompute_tokens_total": 10652
  }
}