{
  "shadow_kv": {
    "mean_latency_ms": 128.90306104685578,
    "p50_latency_ms": 118.59081616310732,
    "p95_latency_ms": 148.23852020388415,
    "p99_latency_ms": 161.12882630856973,
    "throughput_rps": 62.06214138772104,
    "hit_rate": 0.0,
    "wasted_compute_ratio": 1.0,
    "reuse_attempts": 62,
    "reuse_successes": 0,
    "store_attempts": 32,
    "store_successes": 0,
    "requests_seen": 64,
    "reused_prefix_tokens_total": 0,
    "recompute_tokens_total": 10652
  }
}