{
  "shadow_kv_plus_lite": {
    "mean_latency_ms": 19.26273816178453,
    "p50_latency_ms": 17.721719108841768,
    "p95_latency_ms": 22.152148886052206,
    "p99_latency_ms": 24.07842270223066,
    "throughput_rps": 415.30959580145526,
    "hit_rate": 0.6,
    "wasted_compute_ratio": 0.0,
    "reuse_attempts": 32,
    "reuse_successes": 19,
    "store_attempts": 32,
    "store_successes": 19,
    "requests_seen": 64,
    "reused_prefix_tokens_total": 8448,
    "recompute_tokens_total": 2204
  }
}