{
  "no_cache": {
    "mean_latency_ms": 205.70773278114984,
    "p50_latency_ms": 189.25111415865786,
    "p95_latency_ms": 236.5638926983223,
    "p99_latency_ms": 257.1346659764373,
    "throughput_rps": 38.89012771586526,
    "hit_rate": 0.0,
    "wasted_compute_ratio": 0.0,
    "reuse_attempts": 0,
    "reuse_successes": 0,
    "store_attempts": 32,
    "store_successes": 0,
    "requests_seen": 64,
    "reused_prefix_tokens_total": 0,
    "recompute_tokens_total": 10652
  }
}