{
  "no_cache": {
    "mean_latency_ms": 201.0353653593029,
    "p50_latency_ms": 184.95253613055866,
    "p95_latency_ms": 231.1906701631983,
    "p99_latency_ms": 251.2942066991286,
    "throughput_rps": 39.79399338868514,
    "hit_rate": 0.0,
    "wasted_compute_ratio": 0.0,
    "reuse_attempts": 0,
    "reuse_successes": 0,
    "store_attempts": 32,
    "store_successes": 0,
    "requests_seen": 64,
    "reused_prefix_tokens_total": 0,
    "recompute_tokens_total": 10652
  }
}