{
  "shadow_kv_plus": {
    "mean_latency_ms": 287.3525561717827,
    "p50_latency_ms": 264.36435167804007,
    "p95_latency_ms": 330.4554395975501,
    "p99_latency_ms": 359.19069521472835,
    "throughput_rps": 27.84036483467893,
    "hit_rate": 0.0,
    "wasted_compute_ratio": 1.0,
    "reuse_attempts": 0,
    "reuse_successes": 0,
    "store_attempts": 32,
    "store_successes": 0,
    "requests_seen": 64,
    "reused_prefix_tokens_total": 0,
    "recompute_tokens_total": 10652
  }
}