{
  "shadow_kv_plus": {
    "mean_latency_ms": 52.22709890627186,
    "p50_latency_ms": 48.048930993770114,
    "p95_latency_ms": 60.061163742212635,
    "p99_latency_ms": 65.28387363283983,
    "throughput_rps": 153.17718516889119,
    "hit_rate": 0.0,
    "wasted_compute_ratio": 0.0,
    "reuse_attempts": 0,
    "reuse_successes": 0,
    "store_attempts": 32,
    "store_successes": 0,
    "requests_seen": 64,
    "reused_prefix_tokens_total": 0,
    "recompute_tokens_total": 10652
  }
}