{
  "shadow_kv_plus": {
    "mean_latency_ms": 86.75752714032114,
    "p50_latency_ms": 79.81692496909545,
    "p95_latency_ms": 99.7711562113693,
    "p99_latency_ms": 108.44690892540143,
    "throughput_rps": 92.21101918984901,
    "hit_rate": 0.9833333333333333,
    "wasted_compute_ratio": 0.0,
    "reuse_attempts": 59,
    "reuse_successes": 63,
    "store_attempts": 32,
    "store_successes": 63,
    "requests_seen": 64,
    "reused_prefix_tokens_total": 13845,
    "recompute_tokens_total": -3193
  }
}