{
  "reactive_prefix_cache": {
    "mean_latency_ms": 122.595717489043,
    "p50_latency_ms": 112.78806008991957,
    "p95_latency_ms": 140.98507511239944,
    "p99_latency_ms": 153.24464686130375,
    "throughput_rps": 65.25513422371381,
    "hit_rate": 0.35,
    "wasted_compute_ratio": 0.003,
    "reuse_attempts": 32,
    "reuse_successes": 11,
    "store_attempts": 32,
    "store_successes": 11,
    "requests_seen": 64,
    "reused_prefix_tokens_total": 4928,
    "recompute_tokens_total": 5724
  }
}