{
  "shadow_kv_plus": {
    "mean_latency_ms": 87.95324132802307,
    "p50_latency_ms": 80.91698202178122,
    "p95_latency_ms": 101.14622752722651,
    "p99_latency_ms": 109.94155166002884,
    "throughput_rps": 90.95742100241499,
    "hit_rate": 0.0,
    "wasted_compute_ratio": 0.0,
    "reuse_attempts": 60,
    "reuse_successes": 0,
    "store_attempts": 32,
    "store_successes": 0,
    "requests_seen": 64,
    "reused_prefix_tokens_total": 0,
    "recompute_tokens_total": 10652
  }
}