{
  "shadow_kv_plus_lite": {
    "mean_latency_ms": 62.13841248166198,
    "p50_latency_ms": 57.16733948312903,
    "p95_latency_ms": 71.45917435391127,
    "p99_latency_ms": 77.67301560207747,
    "throughput_rps": 128.74484043764275,
    "hit_rate": 0.6,
    "wasted_compute_ratio": 0.0,
    "reuse_attempts": 32,
    "reuse_successes": 19,
    "store_attempts": 32,
    "store_successes": 19,
    "requests_seen": 64,
    "reused_prefix_tokens_total": 8448,
    "recompute_tokens_total": 2204
  }
}