{
  "greedy_prefix_cache": {
    "mean_latency_ms": 22.70146989110568,
    "p50_latency_ms": 20.885352299817228,
    "p95_latency_ms": 26.10669037477153,
    "p99_latency_ms": 28.376837363882103,
    "throughput_rps": 352.40008855701274,
    "hit_rate": 0.35,
    "wasted_compute_ratio": 0.0,
    "reuse_attempts": 32,
    "reuse_successes": 11,
    "store_attempts": 32,
    "store_successes": 11,
    "requests_seen": 64,
    "reused_prefix_tokens_total": 4928,
    "recompute_tokens_total": 5724
  }
}