{
  "no_cache": {
    "mean_latency_ms": 18.894102765635523,
    "p50_latency_ms": 17.38257454438468,
    "p95_latency_ms": 21.72821818048085,
    "p99_latency_ms": 23.617628457044404,
    "throughput_rps": 423.41253772316463,
    "hit_rate": 0.0,
    "wasted_compute_ratio": 0.0,
    "reuse_attempts": 0,
    "reuse_successes": 0,
    "store_attempts": 32,
    "store_successes": 0,
    "requests_seen": 64,
    "reused_prefix_tokens_total": 0,
    "recompute_tokens_total": 10652
  }
}