{
  "strict_reactive_prefix_cache": {
    "mean_latency_ms": 95.84985803820068,
    "p50_latency_ms": 88.18186939514463,
    "p95_latency_ms": 110.22733674393078,
    "p99_latency_ms": 119.81232254775085,
    "throughput_rps": 83.46386905248856,
    "hit_rate": 0.35,
    "wasted_compute_ratio": 0.0,
    "reuse_attempts": 32,
    "reuse_successes": 11,
    "store_attempts": 32,
    "store_successes": 11,
    "requests_seen": 64,
    "reused_prefix_tokens_total": 4928,
    "recompute_tokens_total": 5724
  }
}