{
  "reactive_prefix_cache": {
    "mean_latency_ms": 122.29432100711948,
    "p50_latency_ms": 112.51077532654992,
    "p95_latency_ms": 140.63846915818738,
    "p99_latency_ms": 152.86790125889934,
    "throughput_rps": 65.41595663738362,
    "hit_rate": 0.0,
    "wasted_compute_ratio": 0.108,
    "reuse_attempts": 32,
    "reuse_successes": 0,
    "store_attempts": 32,
    "store_successes": 0,
    "requests_seen": 64,
    "reused_prefix_tokens_total": 0,
    "recompute_tokens_total": 10652
  }
}