{
  "strict_reactive_prefix_cache": {
    "mean_latency_ms": 201.17305339388707,
    "p50_latency_ms": 185.0792091223761,
    "p95_latency_ms": 231.34901140297012,
    "p99_latency_ms": 251.46631674235886,
    "throughput_rps": 39.766757351623966,
    "hit_rate": 0.0,
    "wasted_compute_ratio": 0.035,
    "reuse_attempts": 32,
    "reuse_successes": 0,
    "store_attempts": 32,
    "store_successes": 0,
    "requests_seen": 64,
    "reused_prefix_tokens_total": 0,
    "recompute_tokens_total": 10652
  }
}