{
  "reactive_prefix_cache": {
    "mean_latency_ms": 22.81308364703608,
    "p50_latency_ms": 20.988036955273195,
    "p95_latency_ms": 26.235046194091492,
    "p99_latency_ms": 28.5163545587951,
    "throughput_rps": 350.6759596280784,
    "hit_rate": 0.6,
    "wasted_compute_ratio": 0.0,
    "reuse_attempts": 32,
    "reuse_successes": 19,
    "store_attempts": 32,
    "store_successes": 19,
    "requests_seen": 64,
    "reused_prefix_tokens_total": 8448,
    "recompute_tokens_total": 2204
  }
}