{
  "shadow_kv_plus": {
    "mean_latency_ms": 182.92501129701577,
    "p50_latency_ms": 168.2910103932545,
    "p95_latency_ms": 210.3637629915681,
    "p99_latency_ms": 228.65626412126971,
    "throughput_rps": 43.73376797014587,
    "hit_rate": 0.0,
    "wasted_compute_ratio": 0.0,
    "reuse_attempts": 0,
    "reuse_successes": 0,
    "store_attempts": 32,
    "store_successes": 0,
    "requests_seen": 64,
    "reused_prefix_tokens_total": 0,
    "recompute_tokens_total": 10652
  }
}