{
  "shadow_kv": {
    "mean_latency_ms": 21.67046860935784,
    "p50_latency_ms": 19.936831120609213,
    "p95_latency_ms": 24.921038900761513,
    "p99_latency_ms": 27.0880857616973,
    "throughput_rps": 369.1659900951751,
    "hit_rate": 0.984375,
    "wasted_compute_ratio": 0.0,
    "reuse_attempts": 63,
    "reuse_successes": 63,
    "store_attempts": 32,
    "store_successes": 63,
    "requests_seen": 64,
    "reused_prefix_tokens_total": 13860,
    "recompute_tokens_total": -3208
  }
}