{
  "no_cache": {
    "mean_latency_ms": 65.02976532834737,
    "p50_latency_ms": 59.82738410207958,
    "p95_latency_ms": 74.78423012759947,
    "p99_latency_ms": 81.28720666043421,
    "throughput_rps": 123.02058848907902,
    "hit_rate": 0.0,
    "wasted_compute_ratio": 0.0,
    "reuse_attempts": 0,
    "reuse_successes": 0,
    "store_attempts": 32,
    "store_successes": 0,
    "requests_seen": 64,
    "reused_prefix_tokens_total": 0,
    "recompute_tokens_total": 10652
  }
}