{
  "shadow_kv_plus_lite": {
    "mean_latency_ms": 104.52714113291704,
    "p50_latency_ms": 96.16496984228368,
    "p95_latency_ms": 120.20621230285458,
    "p99_latency_ms": 130.6589264161463,
    "throughput_rps": 76.53514592757469,
    "hit_rate": 0.35,
    "wasted_compute_ratio": 0.0,
    "reuse_attempts": 32,
    "reuse_successes": 11,
    "store_attempts": 32,
    "store_successes": 11,
    "requests_seen": 64,
    "reused_prefix_tokens_total": 4928,
    "recompute_tokens_total": 5724
  }
}