{
  "no_cache": {
    "mean_latency_ms": 19.364207093744312,
    "p50_latency_ms": 17.815070526244767,
    "p95_latency_ms": 22.26883815780596,
    "p99_latency_ms": 24.20525886718039,
    "throughput_rps": 413.1333630791644,
    "hit_rate": 0.0,
    "wasted_compute_ratio": 0.0,
    "reuse_attempts": 0,
    "reuse_successes": 0,
    "store_attempts": 32,
    "store_successes": 0,
    "requests_seen": 64,
    "reused_prefix_tokens_total": 0,
    "recompute_tokens_total": 10652
  }
}