{
  "reactive_prefix_cache": {
    "mean_latency_ms": 77.87423805073568,
    "p50_latency_ms": 71.64429900667683,
    "p95_latency_ms": 89.55537375834604,
    "p99_latency_ms": 97.34279756341961,
    "throughput_rps": 102.72973707669456,
    "hit_rate": 0.6,
    "wasted_compute_ratio": 0.0,
    "reuse_attempts": 32,
    "reuse_successes": 19,
    "store_attempts": 32,
    "store_successes": 19,
    "requests_seen": 64,
    "reused_prefix_tokens_total": 8448,
    "recompute_tokens_total": 2204
  }
}