{
  "no_cache": {
    "mean_latency_ms": 289.0539735623179,
    "p50_latency_ms": 265.92965567733245,
    "p95_latency_ms": 332.41206959666556,
    "p99_latency_ms": 361.31746695289735,
    "throughput_rps": 27.67649204543891,
    "hit_rate": 0.0,
    "wasted_compute_ratio": 0.0,
    "reuse_attempts": 0,
    "reuse_successes": 0,
    "store_attempts": 32,
    "store_successes": 0,
    "requests_seen": 64,
    "reused_prefix_tokens_total": 0,
    "recompute_tokens_total": 10652
  }
}