{
  "no_cache": {
    "mean_latency_ms": 137.44172431248103,
    "p50_latency_ms": 126.44638636748255,
    "p95_latency_ms": 158.05798295935318,
    "p99_latency_ms": 171.80215539060129,
    "throughput_rps": 58.20648744053572,
    "hit_rate": 0.0,
    "wasted_compute_ratio": 0.0,
    "reuse_attempts": 0,
    "reuse_successes": 0,
    "store_attempts": 32,
    "store_successes": 0,
    "requests_seen": 64,
    "reused_prefix_tokens_total": 0,
    "recompute_tokens_total": 10652
  }
}