{
  "strict_reactive_prefix_cache": {
    "mean_latency_ms": 163.36442251347867,
    "p50_latency_ms": 150.29526871240037,
    "p95_latency_ms": 187.86908589050046,
    "p99_latency_ms": 204.20552814184833,
    "throughput_rps": 48.97027074141523,
    "hit_rate": 0.0,
    "wasted_compute_ratio": 0.035,
    "reuse_attempts": 32,
    "reuse_successes": 0,
    "store_attempts": 32,
    "store_successes": 0,
    "requests_seen": 64,
    "reused_prefix_tokens_total": 0,
    "recompute_tokens_total": 10652
  }
}