{
  "greedy_prefix_cache": {
    "mean_latency_ms": 62.0299357219155,
    "p50_latency_ms": 57.06754086416226,
    "p95_latency_ms": 71.33442608020282,
    "p99_latency_ms": 77.53741965239438,
    "throughput_rps": 128.96998694089504,
    "hit_rate": 0.0,
    "wasted_compute_ratio": 0.0,
    "reuse_attempts": 32,
    "reuse_successes": 0,
    "store_attempts": 32,
    "store_successes": 0,
    "requests_seen": 64,
    "reused_prefix_tokens_total": 0,
    "recompute_tokens_total": 10652
  }
}