{
  "reactive_prefix_cache": {
    "mean_latency_ms": 103.53067393434789,
    "p50_latency_ms": 95.24822001960005,
    "p95_latency_ms": 119.06027502450006,
    "p99_latency_ms": 129.41334241793487,
    "throughput_rps": 77.27178522061061,
    "hit_rate": 0.6,
    "wasted_compute_ratio": 0.0,
    "reuse_attempts": 32,
    "reuse_successes": 19,
    "store_attempts": 32,
    "store_successes": 19,
    "requests_seen": 64,
    "reused_prefix_tokens_total": 8448,
    "recompute_tokens_total": 2204
  }
}