{
  "shadow_kv_plus": {
    "mean_latency_ms": 21.837914218764354,
    "p50_latency_ms": 20.090881081263205,
    "p95_latency_ms": 25.113601351579003,
    "p99_latency_ms": 27.297392773455442,
    "throughput_rps": 366.3353523536581,
    "hit_rate": 0.0,
    "wasted_compute_ratio": 0.0,
    "reuse_attempts": 60,
    "reuse_successes": 0,
    "store_attempts": 32,
    "store_successes": 0,
    "requests_seen": 64,
    "reused_prefix_tokens_total": 0,
    "recompute_tokens_total": 10652
  }
}