{
  "no_cache": {
    "mean_latency_ms": 44.10683334377552,
    "p50_latency_ms": 40.57828667627348,
    "p95_latency_ms": 50.72285834534184,
    "p99_latency_ms": 55.1335416797194,
    "throughput_rps": 181.37779100228656,
    "hit_rate": 0.0,
    "wasted_compute_ratio": 0.0,
    "reuse_attempts": 0,
    "reuse_successes": 0,
    "store_attempts": 32,
    "store_successes": 0,
    "requests_seen": 64,
    "reused_prefix_tokens_total": 0,
    "recompute_tokens_total": 10652
  }
}