{
  "shadow_kv_plus": {
    "mean_latency_ms": 119.84874800020862,
    "p50_latency_ms": 110.26084816019193,
    "p95_latency_ms": 137.8260602002399,
    "p99_latency_ms": 149.81093500026077,
    "throughput_rps": 66.7508016019164,
    "hit_rate": 0.984375,
    "wasted_compute_ratio": 0.0,
    "reuse_attempts": 63,
    "reuse_successes": 63,
    "store_attempts": 32,
    "store_successes": 63,
    "requests_seen": 64,
    "reused_prefix_tokens_total": 13860,
    "recompute_tokens_total": -3208
  }
}