{
  "reactive_prefix_cache": {
    "mean_latency_ms": 74.01696878474696,
    "p50_latency_ms": 68.09561128196721,
    "p95_latency_ms": 85.11951410245901,
    "p99_latency_ms": 92.5212109809337,
    "throughput_rps": 108.0833237478998,
    "hit_rate": 0.0,
    "wasted_compute_ratio": 0.108,
    "reuse_attempts": 32,
    "reuse_successes": 0,
    "store_attempts": 32,
    "store_successes": 0,
    "requests_seen": 64,
    "reused_prefix_tokens_total": 0,
    "recompute_tokens_total": 10652
  }
}