{
  "shadow_kv_plus_lite": {
    "mean_latency_ms": 90.11268513667403,
    "p50_latency_ms": 82.90367032574011,
    "p95_latency_ms": 103.62958790717512,
    "p99_latency_ms": 112.64085642084254,
    "throughput_rps": 88.77773409888285,
    "hit_rate": 0.0,
    "wasted_compute_ratio": 0.0,
    "reuse_attempts": 32,
    "reuse_successes": 0,
    "store_attempts": 32,
    "store_successes": 0,
    "requests_seen": 64,
    "reused_prefix_tokens_total": 0,
    "recompute_tokens_total": 10652
  }
}