{
  "no_cache": {
    "mean_latency_ms": 54.96989689081033,
    "p50_latency_ms": 50.572305139545506,
    "p95_latency_ms": 63.215381424431875,
    "p99_latency_ms": 68.71237111351292,
    "throughput_rps": 145.53420058056196,
    "hit_rate": 0.0,
    "wasted_compute_ratio": 0.0,
    "reuse_attempts": 0,
    "reuse_successes": 0,
    "store_attempts": 32,
    "store_successes": 0,
    "requests_seen": 64,
    "reused_prefix_tokens_total": 0,
    "recompute_tokens_total": 10652
  }
}