{
  "shadow_kv_plus": {
    "mean_latency_ms": 68.14505712500818,
    "p50_latency_ms": 62.693452555007525,
    "p95_latency_ms": 78.3668156937594,
    "p99_latency_ms": 85.18132140626022,
    "throughput_rps": 117.39662915425342,
    "hit_rate": 0.9833333333333333,
    "wasted_compute_ratio": 0.0,
    "reuse_attempts": 59,
    "reuse_successes": 63,
    "store_attempts": 32,
    "store_successes": 63,
    "requests_seen": 64,
    "reused_prefix_tokens_total": 13845,
    "recompute_tokens_total": -3193
  }
}