{
  "greedy_prefix_cache": {
    "mean_latency_ms": 25.143703458584522,
    "p50_latency_ms": 23.132207181897762,
    "p95_latency_ms": 28.915258977372197,
    "p99_latency_ms": 31.429629323230653,
    "throughput_rps": 318.1711084517525,
    "hit_rate": 0.35,
    "wasted_compute_ratio": 0.0,
    "reuse_attempts": 32,
    "reuse_successes": 11,
    "store_attempts": 32,
    "store_successes": 11,
    "requests_seen": 64,
    "reused_prefix_tokens_total": 4928,
    "recompute_tokens_total": 5724
  }
}