{
  "shadow_kv_plus_lite": {
    "mean_latency_ms": 406.4190681435775,
    "p50_latency_ms": 373.9055426920913,
    "p95_latency_ms": 467.38192836511405,
    "p99_latency_ms": 508.02383517947186,
    "throughput_rps": 19.684115798360633,
    "hit_rate": 0.6,
    "wasted_compute_ratio": 0.0,
    "reuse_attempts": 32,
    "reuse_successes": 19,
    "store_attempts": 32,
    "store_successes": 19,
    "requests_seen": 64,
    "reused_prefix_tokens_total": 8448,
    "recompute_tokens_total": 2204
  }
}