{
  "reactive_prefix_cache": {
    "mean_latency_ms": 23.68380861150563,
    "p50_latency_ms": 21.78910392258518,
    "p95_latency_ms": 27.236379903231473,
    "p99_latency_ms": 29.604760764382036,
    "throughput_rps": 337.7835098749104,
    "hit_rate": 0.6,
    "wasted_compute_ratio": 0.0,
    "reuse_attempts": 32,
    "reuse_successes": 19,
    "store_attempts": 32,
    "store_successes": 19,
    "requests_seen": 64,
    "reused_prefix_tokens_total": 8448,
    "recompute_tokens_total": 2204
  }
}