{
  "reactive_prefix_cache": {
    "mean_latency_ms": 211.01214424716505,
    "p50_latency_ms": 194.13117270739187,
    "p95_latency_ms": 242.6639658842398,
    "p99_latency_ms": 263.7651803089563,
    "throughput_rps": 37.912509863078554,
    "hit_rate": 0.6,
    "wasted_compute_ratio": 0.0,
    "reuse_attempts": 32,
    "reuse_successes": 19,
    "store_attempts": 32,
    "store_successes": 19,
    "requests_seen": 64,
    "reused_prefix_tokens_total": 8448,
    "recompute_tokens_total": 2204
  }
}