{
  "shadow_kv_plus": {
    "mean_latency_ms": 18.668893046875468,
    "p50_latency_ms": 17.17538160312543,
    "p95_latency_ms": 21.469227003906788,
    "p99_latency_ms": 23.336116308594335,
    "throughput_rps": 428.52031879516954,
    "hit_rate": 0.0,
    "wasted_compute_ratio": 0.0,
    "reuse_attempts": 0,
    "reuse_successes": 0,
    "store_attempts": 32,
    "store_successes": 0,
    "requests_seen": 64,
    "reused_prefix_tokens_total": 0,
    "recompute_tokens_total": 10652
  }
}