{
  "shadow_kv_plus_lite": {
    "mean_latency_ms": 25.81382974269405,
    "p50_latency_ms": 23.74872336327853,
    "p95_latency_ms": 29.685904204098154,
    "p99_latency_ms": 32.26728717836756,
    "throughput_rps": 309.91139554812463,
    "hit_rate": 0.6,
    "wasted_compute_ratio": 0.0,
    "reuse_attempts": 32,
    "reuse_successes": 19,
    "store_attempts": 32,
    "store_successes": 19,
    "requests_seen": 64,
    "reused_prefix_tokens_total": 8448,
    "recompute_tokens_total": 2204
  }
}