{
  "reactive_prefix_cache": {
    "mean_latency_ms": 92.16079307532836,
    "p50_latency_ms": 84.7879296293021,
    "p95_latency_ms": 105.9849120366276,
    "p99_latency_ms": 115.20099134416044,
    "throughput_rps": 86.8048085638883,
    "hit_rate": 0.6,
    "wasted_compute_ratio": 0.0,
    "reuse_attempts": 32,
    "reuse_successes": 19,
    "store_attempts": 32,
    "store_successes": 19,
    "requests_seen": 64,
    "reused_prefix_tokens_total": 8448,
    "recompute_tokens_total": 2204
  }
}