{
  "shadow_kv_plus": {
    "mean_latency_ms": 75.89051192186957,
    "p50_latency_ms": 69.81927096812001,
    "p95_latency_ms": 87.27408871015001,
    "p99_latency_ms": 94.86313990233697,
    "throughput_rps": 105.41502221300235,
    "hit_rate": 0.0,
    "wasted_compute_ratio": 0.0,
    "reuse_attempts": 0,
    "reuse_successes": 0,
    "store_attempts": 32,
    "store_successes": 0,
    "requests_seen": 64,
    "reused_prefix_tokens_total": 0,
    "recompute_tokens_total": 10652
  }
}