{
  "strict_reactive_prefix_cache": {
    "mean_latency_ms": 79.32935397406644,
    "p50_latency_ms": 72.98300565614113,
    "p95_latency_ms": 91.2287570701764,
    "p99_latency_ms": 99.16169246758304,
    "throughput_rps": 100.84539453851194,
    "hit_rate": 0.6,
    "wasted_compute_ratio": 0.0,
    "reuse_attempts": 32,
    "reuse_successes": 19,
    "store_attempts": 32,
    "store_successes": 19,
    "requests_seen": 64,
    "reused_prefix_tokens_total": 8448,
    "recompute_tokens_total": 2204
  }
}