{
  "reactive_prefix_cache": {
    "mean_latency_ms": 142.28607032987856,
    "p50_latency_ms": 130.90318470348828,
    "p95_latency_ms": 163.6289808793603,
    "p99_latency_ms": 177.8575879123482,
    "throughput_rps": 56.2247589061435,
    "hit_rate": 0.0,
    "wasted_compute_ratio": 0.108,
    "reuse_attempts": 32,
    "reuse_successes": 0,
    "store_attempts": 32,
    "store_successes": 0,
    "requests_seen": 64,
    "reused_prefix_tokens_total": 0,
    "recompute_tokens_total": 10652
  }
}