{
  "strict_reactive_prefix_cache": {
    "mean_latency_ms": 24.854974660316465,
    "p50_latency_ms": 22.86657668749115,
    "p95_latency_ms": 28.583220859363934,
    "p99_latency_ms": 31.06871832539558,
    "throughput_rps": 321.86715574378866,
    "hit_rate": 0.6,
    "wasted_compute_ratio": 0.0,
    "reuse_attempts": 32,
    "reuse_successes": 19,
    "store_attempts": 32,
    "store_successes": 19,
    "requests_seen": 64,
    "reused_prefix_tokens_total": 8448,
    "recompute_tokens_total": 2204
  }
}