{
  "no_cache": {
    "mean_latency_ms": 21.650962406255303,
    "p50_latency_ms": 19.91888541375488,
    "p95_latency_ms": 24.898606767193595,
    "p99_latency_ms": 27.06370300781913,
    "throughput_rps": 369.49858624707946,
    "hit_rate": 0.0,
    "wasted_compute_ratio": 0.0,
    "reuse_attempts": 0,
    "reuse_successes": 0,
    "store_attempts": 32,
    "store_successes": 0,
    "requests_seen": 64,
    "reused_prefix_tokens_total": 0,
    "recompute_tokens_total": 10652
  }
}