{
  "shadow_kv": {
    "mean_latency_ms": 74.44661151558307,
    "p50_latency_ms": 68.49088259433643,
    "p95_latency_ms": 85.61360324292053,
    "p99_latency_ms": 93.05826439447884,
    "throughput_rps": 107.45955842900183,
    "hit_rate": 0.96875,
    "wasted_compute_ratio": 1.0,
    "reuse_attempts": 62,
    "reuse_successes": 62,
    "store_attempts": 32,
    "store_successes": 62,
    "requests_seen": 64,
    "reused_prefix_tokens_total": 13640,
    "recompute_tokens_total": -2988
  }
}