{
  "strict_reactive_prefix_cache": {
    "mean_latency_ms": 24.611058780621416,
    "p50_latency_ms": 22.642174078171703,
    "p95_latency_ms": 28.302717597714626,
    "p99_latency_ms": 30.76382347577677,
    "throughput_rps": 325.05712457601163,
    "hit_rate": 0.6,
    "wasted_compute_ratio": 0.0,
    "reuse_attempts": 32,
    "reuse_successes": 19,
    "store_attempts": 32,
    "store_successes": 19,
    "requests_seen": 64,
    "reused_prefix_tokens_total": 8448,
    "recompute_tokens_total": 2204
  }
}