{
  "no_cache": {
    "mean_latency_ms": 358.10870549994434,
    "p50_latency_ms": 329.4600090599488,
    "p95_latency_ms": 411.82501132493593,
    "p99_latency_ms": 447.6358818749304,
    "throughput_rps": 22.339585374869486,
    "hit_rate": 0.0,
    "wasted_compute_ratio": 0.0,
    "reuse_attempts": 0,
    "reuse_successes": 0,
    "store_attempts": 32,
    "store_successes": 0,
    "requests_seen": 64,
    "reused_prefix_tokens_total": 0,
    "recompute_tokens_total": 10652
  }
}