{
  "shadow_kv": {
    "mean_latency_ms": 94.38195846871622,
    "p50_latency_ms": 86.83140179121892,
    "p95_latency_ms": 108.53925223902364,
    "p99_latency_ms": 117.97744808589528,
    "throughput_rps": 84.76196224145608,
    "hit_rate": 0.96875,
    "wasted_compute_ratio": 0.0,
    "reuse_attempts": 62,
    "reuse_successes": 62,
    "store_attempts": 32,
    "store_successes": 62,
    "requests_seen": 64,
    "reused_prefix_tokens_total": 13640,
    "recompute_tokens_total": -2988
  }
}