{
  "reactive_prefix_cache": {
    "mean_latency_ms": 92.70184215204516,
    "p50_latency_ms": 85.28569477988155,
    "p95_latency_ms": 106.60711847485193,
    "p99_latency_ms": 115.87730269005645,
    "throughput_rps": 86.2981771913311,
    "hit_rate": 0.35,
    "wasted_compute_ratio": 0.003,
    "reuse_attempts": 32,
    "reuse_successes": 11,
    "store_attempts": 32,
    "store_successes": 11,
    "requests_seen": 64,
    "reused_prefix_tokens_total": 4928,
    "recompute_tokens_total": 5724
  }
}