{
  "shadow_kv_plus_lite": {
    "mean_latency_ms": 105.98948704796385,
    "p50_latency_ms": 97.51032808412674,
    "p95_latency_ms": 121.88791010515841,
    "p99_latency_ms": 132.4868588099548,
    "throughput_rps": 75.47918404756246,
    "hit_rate": 0.35,
    "wasted_compute_ratio": 0.0,
    "reuse_attempts": 32,
    "reuse_successes": 11,
    "store_attempts": 32,
    "store_successes": 11,
    "requests_seen": 64,
    "reused_prefix_tokens_total": 4928,
    "recompute_tokens_total": 5724
  }
}