{
  "reactive_prefix_cache": {
    "mean_latency_ms": 156.20983655889697,
    "p50_latency_ms": 143.7130496341852,
    "p95_latency_ms": 179.6413120427315,
    "p99_latency_ms": 195.26229569862122,
    "throughput_rps": 51.21316414017052,
    "hit_rate": 0.35,
    "wasted_compute_ratio": 0.003,
    "reuse_attempts": 32,
    "reuse_successes": 11,
    "store_attempts": 32,
    "store_successes": 11,
    "requests_seen": 64,
    "reused_prefix_tokens_total": 4928,
    "recompute_tokens_total": 5724
  }
}