{
  "strict_reactive_prefix_cache": {
    "mean_latency_ms": 126.49949222077582,
    "p50_latency_ms": 116.37953284311376,
    "p95_latency_ms": 145.47441605389218,
    "p99_latency_ms": 158.12436527596978,
    "throughput_rps": 63.241360574300465,
    "hit_rate": 0.0,
    "wasted_compute_ratio": 0.035,
    "reuse_attempts": 32,
    "reuse_successes": 0,
    "store_attempts": 32,
    "store_successes": 0,
    "requests_seen": 64,
    "reused_prefix_tokens_total": 0,
    "recompute_tokens_total": 10652
  }
}