{
  "shadow_kv_plus": {
    "mean_latency_ms": 68.5293294846474,
    "p50_latency_ms": 63.04698312587561,
    "p95_latency_ms": 78.80872890734452,
    "p99_latency_ms": 85.66166185580926,
    "throughput_rps": 116.7383375871529,
    "hit_rate": 0.984375,
    "wasted_compute_ratio": 0.0,
    "reuse_attempts": 63,
    "reuse_successes": 63,
    "store_attempts": 32,
    "store_successes": 63,
    "requests_seen": 64,
    "reused_prefix_tokens_total": 13860,
    "recompute_tokens_total": -3208
  }
}