{
  "no_cache": {
    "mean_latency_ms": 59.46648189051018,
    "p50_latency_ms": 54.70916333926937,
    "p95_latency_ms": 68.38645417408671,
    "p99_latency_ms": 74.33310236313773,
    "throughput_rps": 134.52956599533866,
    "hit_rate": 0.0,
    "wasted_compute_ratio": 0.0,
    "reuse_attempts": 0,
    "reuse_successes": 0,
    "store_attempts": 32,
    "store_successes": 0,
    "requests_seen": 64,
    "reused_prefix_tokens_total": 0,
    "recompute_tokens_total": 10652
  }
}