{
  "shadow_kv_plus": {
    "mean_latency_ms": 23.34915035939389,
    "p50_latency_ms": 21.481218330642378,
    "p95_latency_ms": 26.85152291330297,
    "p99_latency_ms": 29.18643794924236,
    "throughput_rps": 342.62488685295654,
    "hit_rate": 0.984375,
    "wasted_compute_ratio": 0.0,
    "reuse_attempts": 63,
    "reuse_successes": 63,
    "store_attempts": 32,
    "store_successes": 63,
    "requests_seen": 64,
    "reused_prefix_tokens_total": 13860,
    "recompute_tokens_total": -3208
  }
}