{
  "shadow_kv_plus_lite": {
    "mean_latency_ms": 74.50805242851392,
    "p50_latency_ms": 68.5474082342328,
    "p95_latency_ms": 85.684260292791,
    "p99_latency_ms": 93.1350655356424,
    "throughput_rps": 107.37094500860196,
    "hit_rate": 0.35,
    "wasted_compute_ratio": 0.0,
    "reuse_attempts": 32,
    "reuse_successes": 11,
    "store_attempts": 32,
    "store_successes": 11,
    "requests_seen": 64,
    "reused_prefix_tokens_total": 4928,
    "recompute_tokens_total": 5724
  }
}