{
  "shadow_kv_plus": {
    "mean_latency_ms": 20.204308203084054,
    "p50_latency_ms": 18.58796354683733,
    "p95_latency_ms": 23.23495443354666,
    "p99_latency_ms": 25.255385253855067,
    "throughput_rps": 395.95515568203683,
    "hit_rate": 0.0,
    "wasted_compute_ratio": 0.0,
    "reuse_attempts": 60,
    "reuse_successes": 0,
    "store_attempts": 32,
    "store_successes": 0,
    "requests_seen": 64,
    "reused_prefix_tokens_total": 0,
    "recompute_tokens_total": 10652
  }
}