{
  "greedy_prefix_cache": {
    "mean_latency_ms": 106.218399877322,
    "p50_latency_ms": 97.72092788713624,
    "p95_latency_ms": 122.1511598589203,
    "p99_latency_ms": 132.7729998466525,
    "throughput_rps": 75.31651775247678,
    "hit_rate": 0.35,
    "wasted_compute_ratio": 0.0,
    "reuse_attempts": 32,
    "reuse_successes": 11,
    "store_attempts": 32,
    "store_successes": 11,
    "requests_seen": 64,
    "reused_prefix_tokens_total": 4928,
    "recompute_tokens_total": 5724
  }
}