{
  "shadow_kv_plus": {
    "mean_latency_ms": 54.26576282811624,
    "p50_latency_ms": 49.92450180186694,
    "p95_latency_ms": 62.405627252333666,
    "p99_latency_ms": 67.8322035351453,
    "throughput_rps": 147.4226028175362,
    "hit_rate": 0.984375,
    "wasted_compute_ratio": 0.0,
    "reuse_attempts": 63,
    "reuse_successes": 63,
    "store_attempts": 32,
    "store_successes": 63,
    "requests_seen": 64,
    "reused_prefix_tokens_total": 13860,
    "recompute_tokens_total": -3208
  }
}