{
  "shadow_kv_plus": {
    "mean_latency_ms": 345.4562079220409,
    "p50_latency_ms": 317.81971128827763,
    "p95_latency_ms": 397.274639110347,
    "p99_latency_ms": 431.82025990255113,
    "throughput_rps": 23.157783292188977,
    "hit_rate": 0.984375,
    "wasted_compute_ratio": 0.0,
    "reuse_attempts": 63,
    "reuse_successes": 63,
    "store_attempts": 32,
    "store_successes": 63,
    "requests_seen": 64,
    "reused_prefix_tokens_total": 13860,
    "recompute_tokens_total": -3208
  }
}