{
  "no_cache": {
    "mean_latency_ms": 45.422150944279544,
    "hit_rate": 0.0,
    "evictions": 0,
    "victim_recovery_hit_rate": 0.0
  },
  "native": {
    "mean_latency_ms": 36.57602346839484,
    "hit_rate": 0.9340651154563197,
    "evictions": 8,
    "victim_recovery_hit_rate": 0.95
  },
  "meritkv": {
    "mean_latency_ms": 37.09763422410126,
    "hit_rate": 1.0003291613273917,
    "evictions": 3,
    "victim_recovery_hit_rate": 0.995
  }
}