{
  "no_cache": {
    "mean_latency_ms": 150.3435453437163,
    "p50_latency_ms": 138.316061716219,
    "p95_latency_ms": 172.89507714527375,
    "p99_latency_ms": 187.92943167964538,
    "throughput_rps": 53.211462997698725,
    "hit_rate": 0.0,
    "wasted_compute_ratio": 0.0,
    "reuse_attempts": 0,
    "reuse_successes": 0,
    "store_attempts": 32,
    "store_successes": 0,
    "requests_seen": 64,
    "reused_prefix_tokens_total": 0,
    "recompute_tokens_total": 10652
  }
}