{
  "no_cache": {
    "mean_latency_ms": 157.71418618736277,
    "p50_latency_ms": 145.09705129237375,
    "p95_latency_ms": 181.3713141154672,
    "p99_latency_ms": 197.14273273420346,
    "throughput_rps": 50.72466969138772,
    "hit_rate": 0.0,
    "wasted_compute_ratio": 0.0,
    "reuse_attempts": 0,
    "reuse_successes": 0,
    "store_attempts": 32,
    "store_successes": 0,
    "requests_seen": 64,
    "reused_prefix_tokens_total": 0,
    "recompute_tokens_total": 10652
  }
}