{
  "shadow_kv": {
    "mean_latency_ms": 347.4952918127201,
    "p50_latency_ms": 319.6956684677025,
    "p95_latency_ms": 399.61958558462806,
    "p99_latency_ms": 434.3691147659001,
    "throughput_rps": 23.021894651486495,
    "hit_rate": 0.984375,
    "wasted_compute_ratio": 0.0,
    "reuse_attempts": 63,
    "reuse_successes": 63,
    "store_attempts": 32,
    "store_successes": 63,
    "requests_seen": 64,
    "reused_prefix_tokens_total": 13860,
    "recompute_tokens_total": -3208
  }
}