{
  "greedy_prefix_cache": {
    "mean_latency_ms": 57.89241091989882,
    "p50_latency_ms": 53.261018046306916,
    "p95_latency_ms": 66.57627255788364,
    "p99_latency_ms": 72.36551364987352,
    "throughput_rps": 138.1873698621564,
    "hit_rate": 0.35,
    "wasted_compute_ratio": 0.0,
    "reuse_attempts": 32,
    "reuse_successes": 11,
    "store_attempts": 32,
    "store_successes": 11,
    "requests_seen": 64,
    "reused_prefix_tokens_total": 4928,
    "recompute_tokens_total": 5724
  }
}