{
  "shadow_kv_plus": {
    "mean_latency_ms": 65.53768345309408,
    "p50_latency_ms": 60.29466877684655,
    "p95_latency_ms": 75.36833597105819,
    "p99_latency_ms": 81.9221043163676,
    "throughput_rps": 122.06717690480582,
    "hit_rate": 0.984375,
    "wasted_compute_ratio": 0.0,
    "reuse_attempts": 63,
    "reuse_successes": 63,
    "store_attempts": 32,
    "store_successes": 63,
    "requests_seen": 64,
    "reused_prefix_tokens_total": 13860,
    "recompute_tokens_total": -3208
  }
}