{
  "shadow_kv_plus_lite": {
    "mean_latency_ms": 16.78842770220633,
    "p50_latency_ms": 15.445353486029825,
    "p95_latency_ms": 19.306691857537277,
    "p99_latency_ms": 20.985534627757914,
    "throughput_rps": 476.5187152665072,
    "hit_rate": 0.6,
    "wasted_compute_ratio": 0.0,
    "reuse_attempts": 32,
    "reuse_successes": 19,
    "store_attempts": 32,
    "store_successes": 19,
    "requests_seen": 64,
    "reused_prefix_tokens_total": 8448,
    "recompute_tokens_total": 2204
  }
}