{
  "shadow_kv_plus": {
    "mean_latency_ms": 19.81098739061693,
    "p50_latency_ms": 18.226108399367575,
    "p95_latency_ms": 22.78263549920947,
    "p99_latency_ms": 24.763734238271162,
    "throughput_rps": 403.8163188064537,
    "hit_rate": 0.0,
    "wasted_compute_ratio": 0.0,
    "reuse_attempts": 0,
    "reuse_successes": 0,
    "store_attempts": 32,
    "store_successes": 0,
    "requests_seen": 64,
    "reused_prefix_tokens_total": 0,
    "recompute_tokens_total": 10652
  }
}