{
  "strict_reactive_prefix_cache": {
    "mean_latency_ms": 90.03319758043074,
    "p50_latency_ms": 82.83054177399629,
    "p95_latency_ms": 103.53817721749535,
    "p99_latency_ms": 112.54149697553842,
    "throughput_rps": 88.85611324481991,
    "hit_rate": 0.0,
    "wasted_compute_ratio": 0.035,
    "reuse_attempts": 32,
    "reuse_successes": 0,
    "store_attempts": 32,
    "store_successes": 0,
    "requests_seen": 64,
    "reused_prefix_tokens_total": 0,
    "recompute_tokens_total": 10652
  }
}