{
  "shadow_kv_plus": {
    "mean_latency_ms": 70.81436151571552,
    "p50_latency_ms": 65.14921259445828,
    "p95_latency_ms": 81.43651574307285,
    "p99_latency_ms": 88.5179518946444,
    "throughput_rps": 112.9714344487113,
    "hit_rate": 0.984375,
    "wasted_compute_ratio": 0.0,
    "reuse_attempts": 63,
    "reuse_successes": 63,
    "store_attempts": 32,
    "store_successes": 63,
    "requests_seen": 64,
    "reused_prefix_tokens_total": 13860,
    "recompute_tokens_total": -3208
  }
}