{
  "shadow_kv_plus_lite": {
    "mean_latency_ms": 82.89659612123212,
    "p50_latency_ms": 76.26486843153356,
    "p95_latency_ms": 95.33108553941693,
    "p99_latency_ms": 103.62074515154015,
    "throughput_rps": 96.50577194147273,
    "hit_rate": 0.6,
    "wasted_compute_ratio": 0.0,
    "reuse_attempts": 32,
    "reuse_successes": 19,
    "store_attempts": 32,
    "store_successes": 19,
    "requests_seen": 64,
    "reused_prefix_tokens_total": 8448,
    "recompute_tokens_total": 2204
  }
}