{
  "strict_reactive_prefix_cache": {
    "mean_latency_ms": 56.95096213024518,
    "p50_latency_ms": 52.39488515982557,
    "p95_latency_ms": 65.49360644978195,
    "p99_latency_ms": 71.18870266280648,
    "throughput_rps": 140.47172691664514,
    "hit_rate": 0.0,
    "wasted_compute_ratio": 0.035,
    "reuse_attempts": 32,
    "reuse_successes": 0,
    "store_attempts": 32,
    "store_successes": 0,
    "requests_seen": 64,
    "reused_prefix_tokens_total": 0,
    "recompute_tokens_total": 10652
  }
}