{
  "no_cache": {
    "mean_latency_ms": 77.88747150009101,
    "p50_latency_ms": 71.65647378008373,
    "p95_latency_ms": 89.57059222510466,
    "p99_latency_ms": 97.35933937511376,
    "throughput_rps": 102.71228280906067,
    "hit_rate": 0.0,
    "wasted_compute_ratio": 0.0,
    "reuse_attempts": 0,
    "reuse_successes": 0,
    "store_attempts": 32,
    "store_successes": 0,
    "requests_seen": 64,
    "reused_prefix_tokens_total": 0,
    "recompute_tokens_total": 10652
  }
}