{
  "shadow_kv_plus_lite": {
    "mean_latency_ms": 233.8636745703937,
    "p50_latency_ms": 215.1545806047622,
    "p95_latency_ms": 268.9432257559527,
    "p99_latency_ms": 292.3295932129921,
    "throughput_rps": 34.20796331322492,
    "hit_rate": 0.0,
    "wasted_compute_ratio": 0.0,
    "reuse_attempts": 32,
    "reuse_successes": 0,
    "store_attempts": 32,
    "store_successes": 0,
    "requests_seen": 64,
    "reused_prefix_tokens_total": 0,
    "recompute_tokens_total": 10652
  }
}