{
  "shadow_kv_plus_lite": {
    "mean_latency_ms": 115.37981268384772,
    "p50_latency_ms": 106.14942766913991,
    "p95_latency_ms": 132.68678458642486,
    "p99_latency_ms": 144.22476585480965,
    "throughput_rps": 69.33621934298684,
    "hit_rate": 0.6,
    "wasted_compute_ratio": 0.0,
    "reuse_attempts": 32,
    "reuse_successes": 19,
    "store_attempts": 32,
    "store_successes": 19,
    "requests_seen": 64,
    "reused_prefix_tokens_total": 8448,
    "recompute_tokens_total": 2204
  }
}