{
  "shadow_kv_plus_lite": {
    "mean_latency_ms": 201.44898930730136,
    "p50_latency_ms": 185.33307016271726,
    "p95_latency_ms": 231.66633770339655,
    "p99_latency_ms": 251.81123663412671,
    "throughput_rps": 39.71228660669208,
    "hit_rate": 0.35,
    "wasted_compute_ratio": 0.0,
    "reuse_attempts": 32,
    "reuse_successes": 11,
    "store_attempts": 32,
    "store_successes": 11,
    "requests_seen": 64,
    "reused_prefix_tokens_total": 4928,
    "recompute_tokens_total": 5724
  }
}