{
  "shadow_kv_plus_lite": {
    "mean_latency_ms": 194.41381836402877,
    "p50_latency_ms": 178.86071289490647,
    "p95_latency_ms": 223.57589111863308,
    "p99_latency_ms": 243.01727295503596,
    "throughput_rps": 41.14933839229708,
    "hit_rate": 0.6,
    "wasted_compute_ratio": 0.0,
    "reuse_attempts": 32,
    "reuse_successes": 19,
    "store_attempts": 32,
    "store_successes": 19,
    "requests_seen": 64,
    "reused_prefix_tokens_total": 8448,
    "recompute_tokens_total": 2204
  }
}