{
  "reactive_prefix_cache": {
    "mean_latency_ms": 74.07117343742837,
    "p50_latency_ms": 68.1454795624341,
    "p95_latency_ms": 85.18184945304262,
    "p99_latency_ms": 92.58896679678546,
    "throughput_rps": 108.00422929384264,
    "hit_rate": 0.0,
    "wasted_compute_ratio": 0.108,
    "reuse_attempts": 32,
    "reuse_successes": 0,
    "store_attempts": 32,
    "store_successes": 0,
    "requests_seen": 64,
    "reused_prefix_tokens_total": 0,
    "recompute_tokens_total": 10652
  }
}