{
  "shadow_kv_plus_lite": {
    "mean_latency_ms": 19.321346523430982,
    "p50_latency_ms": 17.775638801556504,
    "p95_latency_ms": 22.219548501945628,
    "p99_latency_ms": 24.151683154288726,
    "throughput_rps": 414.0498174026539,
    "hit_rate": 0.0,
    "wasted_compute_ratio": 0.0,
    "reuse_attempts": 32,
    "reuse_successes": 0,
    "store_attempts": 32,
    "store_successes": 0,
    "requests_seen": 64,
    "reused_prefix_tokens_total": 0,
    "recompute_tokens_total": 10652
  }
}