{
  "greedy_prefix_cache": {
    "mean_latency_ms": 236.90896841633196,
    "p50_latency_ms": 217.95625094302542,
    "p95_latency_ms": 272.44531367878176,
    "p99_latency_ms": 296.1362105204149,
    "throughput_rps": 33.76824462778969,
    "hit_rate": 0.35,
    "wasted_compute_ratio": 0.0,
    "reuse_attempts": 32,
    "reuse_successes": 11,
    "store_attempts": 32,
    "store_successes": 11,
    "requests_seen": 64,
    "reused_prefix_tokens_total": 4928,
    "recompute_tokens_total": 5724
  }
}