{
  "strict_reactive_prefix_cache": {
    "mean_latency_ms": 20.364657493281637,
    "p50_latency_ms": 18.735484893819105,
    "p95_latency_ms": 23.419356117273882,
    "p99_latency_ms": 25.455821866602047,
    "throughput_rps": 392.8374441180376,
    "hit_rate": 0.0,
    "wasted_compute_ratio": 0.035,
    "reuse_attempts": 32,
    "reuse_successes": 0,
    "store_attempts": 32,
    "store_successes": 0,
    "requests_seen": 64,
    "reused_prefix_tokens_total": 0,
    "recompute_tokens_total": 10652
  }
}