{
  "reactive_prefix_cache": {
    "mean_latency_ms": 98.58809902309221,
    "p50_latency_ms": 90.70105110124484,
    "p95_latency_ms": 113.37631387655604,
    "p99_latency_ms": 123.23512377886527,
    "throughput_rps": 81.14569688706713,
    "hit_rate": 0.35,
    "wasted_compute_ratio": 0.003,
    "reuse_attempts": 32,
    "reuse_successes": 11,
    "store_attempts": 32,
    "store_successes": 11,
    "requests_seen": 64,
    "reused_prefix_tokens_total": 4928,
    "recompute_tokens_total": 5724
  }
}