{
  "shadow_kv": {
    "mean_latency_ms": 12.33793276560391,
    "p50_latency_ms": 11.350898144355597,
    "p95_latency_ms": 14.188622680444494,
    "p99_latency_ms": 15.422415957004887,
    "throughput_rps": 648.4068402692759,
    "hit_rate": 0.0,
    "wasted_compute_ratio": 0.0,
    "reuse_attempts": 62,
    "reuse_successes": 0,
    "store_attempts": 32,
    "store_successes": 0,
    "requests_seen": 64,
    "reused_prefix_tokens_total": 0,
    "recompute_tokens_total": 10652
  }
}