{
  "reactive_prefix_cache": {
    "mean_latency_ms": 78.32268180019949,
    "p50_latency_ms": 72.05686725618354,
    "p95_latency_ms": 90.0710840702294,
    "p99_latency_ms": 97.90335225024936,
    "throughput_rps": 102.14154847771854,
    "hit_rate": 0.6,
    "wasted_compute_ratio": 0.0,
    "reuse_attempts": 32,
    "reuse_successes": 19,
    "store_attempts": 32,
    "store_successes": 19,
    "requests_seen": 64,
    "reused_prefix_tokens_total": 8448,
    "recompute_tokens_total": 2204
  }
}