{
  "reactive_prefix_cache": {
    "mean_latency_ms": 225.83689648427514,
    "p50_latency_ms": 207.76994476553315,
    "p95_latency_ms": 259.7124309569164,
    "p99_latency_ms": 282.29612060534396,
    "throughput_rps": 35.4237953343334,
    "hit_rate": 0.35,
    "wasted_compute_ratio": 0.003,
    "reuse_attempts": 32,
    "reuse_successes": 11,
    "store_attempts": 32,
    "store_successes": 11,
    "requests_seen": 64,
    "reused_prefix_tokens_total": 4928,
    "recompute_tokens_total": 5724
  }
}