{
  "shadow_kv": {
    "mean_latency_ms": 153.9368385312514,
    "p50_latency_ms": 141.62189144875128,
    "p95_latency_ms": 177.0273643109391,
    "p99_latency_ms": 192.42104816406425,
    "throughput_rps": 51.969366633288914,
    "hit_rate": 0.96875,
    "wasted_compute_ratio": 0.0,
    "reuse_attempts": 62,
    "reuse_successes": 62,
    "store_attempts": 32,
    "store_successes": 62,
    "requests_seen": 64,
    "reused_prefix_tokens_total": 13640,
    "recompute_tokens_total": -2988
  }
}