{
  "no_cache": {
    "mean_latency_ms": 153.29660068746875,
    "p50_latency_ms": 141.03287263247125,
    "p95_latency_ms": 176.29109079058907,
    "p99_latency_ms": 191.62075085933594,
    "throughput_rps": 52.18641485932154,
    "hit_rate": 0.0,
    "wasted_compute_ratio": 0.0,
    "reuse_attempts": 0,
    "reuse_successes": 0,
    "store_attempts": 32,
    "store_successes": 0,
    "requests_seen": 64,
    "reused_prefix_tokens_total": 0,
    "recompute_tokens_total": 10652
  }
}