{
  "shadow_kv_plus_lite": {
    "mean_latency_ms": 278.366911194827,
    "p50_latency_ms": 256.09755829924086,
    "p95_latency_ms": 320.12194787405105,
    "p99_latency_ms": 347.9586389935338,
    "throughput_rps": 28.739047919387435,
    "hit_rate": 0.6,
    "wasted_compute_ratio": 0.0,
    "reuse_attempts": 32,
    "reuse_successes": 19,
    "store_attempts": 32,
    "store_successes": 19,
    "requests_seen": 64,
    "reused_prefix_tokens_total": 8448,
    "recompute_tokens_total": 2204
  }
}