{
  "strict_reactive_prefix_cache": {
    "mean_latency_ms": 18.92166626343779,
    "p50_latency_ms": 17.407932962362768,
    "p95_latency_ms": 21.759916202953455,
    "p99_latency_ms": 23.652082829297235,
    "throughput_rps": 422.79574581961356,
    "hit_rate": 0.0,
    "wasted_compute_ratio": 0.035,
    "reuse_attempts": 32,
    "reuse_successes": 0,
    "store_attempts": 32,
    "store_successes": 0,
    "requests_seen": 64,
    "reused_prefix_tokens_total": 0,
    "recompute_tokens_total": 10652
  }
}