{
  "greedy_prefix_cache": {
    "mean_latency_ms": 152.63938051269335,
    "p50_latency_ms": 140.4282300716779,
    "p95_latency_ms": 175.53528758959735,
    "p99_latency_ms": 190.7992256408667,
    "throughput_rps": 52.411114177279615,
    "hit_rate": 0.35,
    "wasted_compute_ratio": 0.0,
    "reuse_attempts": 32,
    "reuse_successes": 11,
    "store_attempts": 32,
    "store_successes": 11,
    "requests_seen": 64,
    "reused_prefix_tokens_total": 4928,
    "recompute_tokens_total": 5724
  }
}