{
  "reactive_prefix_cache": {
    "mean_latency_ms": 61.66563957740481,
    "p50_latency_ms": 56.732388411212426,
    "p95_latency_ms": 70.91548551401553,
    "p99_latency_ms": 77.08204947175601,
    "throughput_rps": 129.73189047943185,
    "hit_rate": 0.6,
    "wasted_compute_ratio": 0.0,
    "reuse_attempts": 32,
    "reuse_successes": 19,
    "store_attempts": 32,
    "store_successes": 19,
    "requests_seen": 64,
    "reused_prefix_tokens_total": 8448,
    "recompute_tokens_total": 2204
  }
}