{
  "shadow_kv": {
    "mean_latency_ms": 106.58527159387177,
    "p50_latency_ms": 98.05844986636203,
    "p95_latency_ms": 122.57306233295252,
    "p99_latency_ms": 133.2315894923397,
    "throughput_rps": 75.05727461560429,
    "hit_rate": 0.984375,
    "wasted_compute_ratio": 0.0,
    "reuse_attempts": 63,
    "reuse_successes": 63,
    "store_attempts": 32,
    "store_successes": 63,
    "requests_seen": 64,
    "reused_prefix_tokens_total": 13860,
    "recompute_tokens_total": -3208
  }
}