{
  "shadow_kv_plus_lite": {
    "mean_latency_ms": 16.027949585857456,
    "p50_latency_ms": 14.74571361898886,
    "p95_latency_ms": 18.432142023736073,
    "p99_latency_ms": 20.03493698232182,
    "throughput_rps": 499.12809852228014,
    "hit_rate": 0.35,
    "wasted_compute_ratio": 0.0,
    "reuse_attempts": 32,
    "reuse_successes": 11,
    "store_attempts": 32,
    "store_successes": 11,
    "requests_seen": 64,
    "reused_prefix_tokens_total": 4928,
    "recompute_tokens_total": 5724
  }
}