{
  "no_cache": {
    "mean_latency_ms": 88.53506578117276,
    "p50_latency_ms": 81.45226051867894,
    "p95_latency_ms": 101.81532564834866,
    "p99_latency_ms": 110.66883222646595,
    "throughput_rps": 90.35967759681976,
    "hit_rate": 0.0,
    "wasted_compute_ratio": 0.0,
    "reuse_attempts": 0,
    "reuse_successes": 0,
    "store_attempts": 32,
    "store_successes": 0,
    "requests_seen": 64,
    "reused_prefix_tokens_total": 0,
    "recompute_tokens_total": 10652
  }
}