{
  "shadow_kv": {
    "mean_latency_ms": 18.084459000014874,
    "p50_latency_ms": 16.637702280013684,
    "p95_latency_ms": 20.797127850017105,
    "p99_latency_ms": 22.605573750018593,
    "throughput_rps": 442.3687764170009,
    "hit_rate": 0.0,
    "wasted_compute_ratio": 0.0,
    "reuse_attempts": 63,
    "reuse_successes": 0,
    "store_attempts": 32,
    "store_successes": 0,
    "requests_seen": 64,
    "reused_prefix_tokens_total": 0,
    "recompute_tokens_total": 10652
  }
}