{
  "reactive_prefix_cache": {
    "mean_latency_ms": 14.438145649905724,
    "p50_latency_ms": 13.283093997913268,
    "p95_latency_ms": 16.603867497391583,
    "p99_latency_ms": 18.047682062382155,
    "throughput_rps": 554.0877751189771,
    "hit_rate": 0.35,
    "wasted_compute_ratio": 0.003,
    "reuse_attempts": 32,
    "reuse_successes": 11,
    "store_attempts": 32,
    "store_successes": 11,
    "requests_seen": 64,
    "reused_prefix_tokens_total": 4928,
    "recompute_tokens_total": 5724
  }
}