{
  "no_cache": {
    "mean_latency_ms": 55.73389631243231,
    "p50_latency_ms": 51.27518460743772,
    "p95_latency_ms": 64.09398075929715,
    "p99_latency_ms": 69.66737039054038,
    "throughput_rps": 143.53921992379128,
    "hit_rate": 0.0,
    "wasted_compute_ratio": 0.0,
    "reuse_attempts": 0,
    "reuse_successes": 0,
    "store_attempts": 32,
    "store_successes": 0,
    "requests_seen": 64,
    "reused_prefix_tokens_total": 0,
    "recompute_tokens_total": 10652
  }
}