{
  "reactive_prefix_cache": {
    "mean_latency_ms": 66.93716552067346,
    "p50_latency_ms": 61.58219227901959,
    "p95_latency_ms": 76.97774034877447,
    "p99_latency_ms": 83.67145690084183,
    "throughput_rps": 119.51506965930922,
    "hit_rate": 0.0,
    "wasted_compute_ratio": 0.108,
    "reuse_attempts": 32,
    "reuse_successes": 0,
    "store_attempts": 32,
    "store_successes": 0,
    "requests_seen": 64,
    "reused_prefix_tokens_total": 0,
    "recompute_tokens_total": 10652
  }
}