{
  "shadow_kv_plus_lite": {
    "mean_latency_ms": 85.61752008654916,
    "p50_latency_ms": 78.76811847962523,
    "p95_latency_ms": 98.46014809953154,
    "p99_latency_ms": 107.02190010818646,
    "throughput_rps": 93.438819436874,
    "hit_rate": 0.35,
    "wasted_compute_ratio": 0.0,
    "reuse_attempts": 32,
    "reuse_successes": 11,
    "store_attempts": 32,
    "store_successes": 11,
    "requests_seen": 64,
    "reused_prefix_tokens_total": 4928,
    "recompute_tokens_total": 5724
  }
}