{
  "greedy_prefix_cache": {
    "mean_latency_ms": 98.80447320396756,
    "p50_latency_ms": 90.90011534765016,
    "p95_latency_ms": 113.62514418456269,
    "p99_latency_ms": 123.50559150495945,
    "throughput_rps": 80.96799406526014,
    "hit_rate": 0.0,
    "wasted_compute_ratio": 0.0,
    "reuse_attempts": 32,
    "reuse_successes": 0,
    "store_attempts": 32,
    "store_successes": 0,
    "requests_seen": 64,
    "reused_prefix_tokens_total": 0,
    "recompute_tokens_total": 10652
  }
}