{
  "shadow_kv": {
    "mean_latency_ms": 56.12706526582656,
    "p50_latency_ms": 51.636900044560434,
    "p95_latency_ms": 64.54612505570054,
    "p99_latency_ms": 70.1588315822832,
    "throughput_rps": 142.5337306005712,
    "hit_rate": 0.921875,
    "wasted_compute_ratio": 0.0,
    "reuse_attempts": 59,
    "reuse_successes": 59,
    "store_attempts": 32,
    "store_successes": 59,
    "requests_seen": 64,
    "reused_prefix_tokens_total": 12980,
    "recompute_tokens_total": -2328
  }
}