{
  "strict_reactive_prefix_cache": {
    "mean_latency_ms": 123.23603004436796,
    "p50_latency_ms": 113.37714764081854,
    "p95_latency_ms": 141.72143455102315,
    "p99_latency_ms": 154.04503755545994,
    "throughput_rps": 64.91608011974911,
    "hit_rate": 0.6,
    "wasted_compute_ratio": 0.0,
    "reuse_attempts": 32,
    "reuse_successes": 19,
    "store_attempts": 32,
    "store_successes": 19,
    "requests_seen": 64,
    "reused_prefix_tokens_total": 8448,
    "recompute_tokens_total": 2204
  }
}