{
  "strict_reactive_prefix_cache": {
    "mean_latency_ms": 77.35585460058778,
    "p50_latency_ms": 71.16738623254075,
    "p95_latency_ms": 88.95923279067594,
    "p99_latency_ms": 96.69481825073473,
    "throughput_rps": 103.41815808650136,
    "hit_rate": 0.35,
    "wasted_compute_ratio": 0.0,
    "reuse_attempts": 32,
    "reuse_successes": 11,
    "store_attempts": 32,
    "store_successes": 11,
    "requests_seen": 64,
    "reused_prefix_tokens_total": 4928,
    "recompute_tokens_total": 5724
  }
}