{
  "strict_reactive_prefix_cache": {
    "mean_latency_ms": 92.4299910617761,
    "p50_latency_ms": 85.03559177683401,
    "p95_latency_ms": 106.2944897210425,
    "p99_latency_ms": 115.53748882722012,
    "throughput_rps": 86.55199365596775,
    "hit_rate": 0.0,
    "wasted_compute_ratio": 0.035,
    "reuse_attempts": 32,
    "reuse_successes": 0,
    "store_attempts": 32,
    "store_successes": 0,
    "requests_seen": 64,
    "reused_prefix_tokens_total": 0,
    "recompute_tokens_total": 10652
  }
}