{
  "shadow_kv_plus_lite": {
    "mean_latency_ms": 126.90278257805332,
    "p50_latency_ms": 116.75055997180905,
    "p95_latency_ms": 145.9381999647613,
    "p99_latency_ms": 158.62847822256666,
    "throughput_rps": 63.04038286220784,
    "hit_rate": 0.0,
    "wasted_compute_ratio": 0.0,
    "reuse_attempts": 32,
    "reuse_successes": 0,
    "store_attempts": 32,
    "store_successes": 0,
    "requests_seen": 64,
    "reused_prefix_tokens_total": 0,
    "recompute_tokens_total": 10652
  }
}