{
  "greedy_prefix_cache": {
    "mean_latency_ms": 17.681826939704496,
    "p50_latency_ms": 16.267280784528136,
    "p95_latency_ms": 20.33410098066017,
    "p99_latency_ms": 22.10228367463062,
    "throughput_rps": 452.4419352864506,
    "hit_rate": 0.0,
    "wasted_compute_ratio": 0.0,
    "reuse_attempts": 32,
    "reuse_successes": 0,
    "store_attempts": 32,
    "store_successes": 0,
    "requests_seen": 64,
    "reused_prefix_tokens_total": 0,
    "recompute_tokens_total": 10652
  }
}