{
  "shadow_kv_plus": {
    "mean_latency_ms": 17.148037890592605,
    "p50_latency_ms": 15.776194859345196,
    "p95_latency_ms": 19.720243574181495,
    "p99_latency_ms": 21.435047363240756,
    "throughput_rps": 466.52567780881753,
    "hit_rate": 0.0,
    "wasted_compute_ratio": 0.0,
    "reuse_attempts": 60,
    "reuse_successes": 0,
    "store_attempts": 32,
    "store_successes": 0,
    "requests_seen": 64,
    "reused_prefix_tokens_total": 0,
    "recompute_tokens_total": 10652
  }
}