{
  "greedy_prefix_cache": {
    "mean_latency_ms": 56.7037689295467,
    "p50_latency_ms": 52.16746741518296,
    "p95_latency_ms": 65.2093342689787,
    "p99_latency_ms": 70.87971116193337,
    "throughput_rps": 141.0840963665015,
    "hit_rate": 0.0,
    "wasted_compute_ratio": 0.0,
    "reuse_attempts": 32,
    "reuse_successes": 0,
    "store_attempts": 32,
    "store_successes": 0,
    "requests_seen": 64,
    "reused_prefix_tokens_total": 0,
    "recompute_tokens_total": 10652
  }
}