{
  "shadow_kv_plus_lite": {
    "mean_latency_ms": 140.63618418666434,
    "p50_latency_ms": 129.38528945173118,
    "p95_latency_ms": 161.73161181466398,
    "p99_latency_ms": 175.79523023333041,
    "throughput_rps": 56.88436476192868,
    "hit_rate": 0.35,
    "wasted_compute_ratio": 0.0,
    "reuse_attempts": 32,
    "reuse_successes": 11,
    "store_attempts": 32,
    "store_successes": 11,
    "requests_seen": 64,
    "reused_prefix_tokens_total": 4928,
    "recompute_tokens_total": 5724
  }
}