{
  "no_cache": {
    "mean_latency_ms": 18.377476437475337,
    "p50_latency_ms": 16.90727832247731,
    "p95_latency_ms": 21.134097903096638,
    "p99_latency_ms": 22.971845546844172,
    "throughput_rps": 435.3154812750245,
    "hit_rate": 0.0,
    "wasted_compute_ratio": 0.0,
    "reuse_attempts": 0,
    "reuse_successes": 0,
    "store_attempts": 32,
    "store_successes": 0,
    "requests_seen": 64,
    "reused_prefix_tokens_total": 0,
    "recompute_tokens_total": 10652
  }
}