{
  "shadow_kv_plus": {
    "mean_latency_ms": 18.4095510312261,
    "p50_latency_ms": 16.936786948728013,
    "p95_latency_ms": 21.170983685910016,
    "p99_latency_ms": 23.011938789032627,
    "throughput_rps": 434.55703979040436,
    "hit_rate": 0.984375,
    "wasted_compute_ratio": 0.0,
    "reuse_attempts": 63,
    "reuse_successes": 63,
    "store_attempts": 32,
    "store_successes": 63,
    "requests_seen": 64,
    "reused_prefix_tokens_total": 13860,
    "recompute_tokens_total": -3208
  }
}