{
  "strict_reactive_prefix_cache": {
    "mean_latency_ms": 21.82121044499103,
    "p50_latency_ms": 20.07551360939175,
    "p95_latency_ms": 25.094392011739686,
    "p99_latency_ms": 27.27651305623879,
    "throughput_rps": 366.61577597480925,
    "hit_rate": 0.6,
    "wasted_compute_ratio": 0.0,
    "reuse_attempts": 32,
    "reuse_successes": 19,
    "store_attempts": 32,
    "store_successes": 19,
    "requests_seen": 64,
    "reused_prefix_tokens_total": 8448,
    "recompute_tokens_total": 2204
  }
}