{
  "no_cache": {
    "mean_latency_ms": 52.443892624950195,
    "p50_latency_ms": 48.24838121495418,
    "p95_latency_ms": 60.31047651869272,
    "p99_latency_ms": 65.55486578118774,
    "throughput_rps": 152.54397794632808,
    "hit_rate": 0.0,
    "wasted_compute_ratio": 0.0,
    "reuse_attempts": 0,
    "reuse_successes": 0,
    "store_attempts": 32,
    "store_successes": 0,
    "requests_seen": 64,
    "reused_prefix_tokens_total": 0,
    "recompute_tokens_total": 10652
  }
}