{
  "greedy_prefix_cache": {
    "mean_latency_ms": 17.79709504077918,
    "p50_latency_ms": 16.373327437516846,
    "p95_latency_ms": 20.466659296896054,
    "p99_latency_ms": 22.246368800973976,
    "throughput_rps": 449.5115625145164,
    "hit_rate": 0.6,
    "wasted_compute_ratio": 0.0,
    "reuse_attempts": 32,
    "reuse_successes": 19,
    "store_attempts": 32,
    "store_successes": 19,
    "requests_seen": 64,
    "reused_prefix_tokens_total": 8448,
    "recompute_tokens_total": 2204
  }
}