{
  "strict_reactive_prefix_cache": {
    "mean_latency_ms": 89.6012015794389,
    "p50_latency_ms": 82.43310545308378,
    "p95_latency_ms": 103.04138181635471,
    "p99_latency_ms": 112.00150197429862,
    "throughput_rps": 89.28451693705621,
    "hit_rate": 0.0,
    "wasted_compute_ratio": 0.035,
    "reuse_attempts": 32,
    "reuse_successes": 0,
    "store_attempts": 32,
    "store_successes": 0,
    "requests_seen": 64,
    "reused_prefix_tokens_total": 0,
    "recompute_tokens_total": 10652
  }
}