{
  "greedy_prefix_cache": {
    "mean_latency_ms": 21.26904383977511,
    "p50_latency_ms": 19.567520332593105,
    "p95_latency_ms": 24.459400415741378,
    "p99_latency_ms": 26.58630479971889,
    "throughput_rps": 376.1335046495719,
    "hit_rate": 0.0,
    "wasted_compute_ratio": 0.0,
    "reuse_attempts": 32,
    "reuse_successes": 0,
    "store_attempts": 32,
    "store_successes": 0,
    "requests_seen": 64,
    "reused_prefix_tokens_total": 0,
    "recompute_tokens_total": 10652
  }
}