{
  "strict_reactive_prefix_cache": {
    "mean_latency_ms": 119.87136821150871,
    "p50_latency_ms": 110.28165875458802,
    "p95_latency_ms": 137.852073443235,
    "p99_latency_ms": 149.83921026438588,
    "throughput_rps": 66.73820545607094,
    "hit_rate": 0.35,
    "wasted_compute_ratio": 0.0,
    "reuse_attempts": 32,
    "reuse_successes": 11,
    "store_attempts": 32,
    "store_successes": 11,
    "requests_seen": 64,
    "reused_prefix_tokens_total": 4928,
    "recompute_tokens_total": 5724
  }
}