{
  "greedy_prefix_cache": {
    "mean_latency_ms": 127.48180635518634,
    "p50_latency_ms": 117.28326184677144,
    "p95_latency_ms": 146.60407730846427,
    "p99_latency_ms": 159.35225794398292,
    "throughput_rps": 62.75405274467651,
    "hit_rate": 0.35,
    "wasted_compute_ratio": 0.0,
    "reuse_attempts": 32,
    "reuse_successes": 11,
    "store_attempts": 32,
    "store_successes": 11,
    "requests_seen": 64,
    "reused_prefix_tokens_total": 4928,
    "recompute_tokens_total": 5724
  }
}