{
  "strict_reactive_prefix_cache": {
    "mean_latency_ms": 74.99967343752208,
    "p50_latency_ms": 68.99969956252032,
    "p95_latency_ms": 86.24962445315037,
    "p99_latency_ms": 93.74959179690259,
    "throughput_rps": 106.66713111310199,
    "hit_rate": 0.0,
    "wasted_compute_ratio": 0.035,
    "reuse_attempts": 32,
    "reuse_successes": 0,
    "store_attempts": 32,
    "store_successes": 0,
    "requests_seen": 64,
    "reused_prefix_tokens_total": 0,
    "recompute_tokens_total": 10652
  }
}