{
  "shadow_kv_plus_lite": {
    "mean_latency_ms": 77.90418190897543,
    "p50_latency_ms": 71.6718473562574,
    "p95_latency_ms": 89.58980919532173,
    "p99_latency_ms": 97.38022738621929,
    "throughput_rps": 102.69025107467704,
    "hit_rate": 0.35,
    "wasted_compute_ratio": 0.0,
    "reuse_attempts": 32,
    "reuse_successes": 11,
    "store_attempts": 32,
    "store_successes": 11,
    "requests_seen": 64,
    "reused_prefix_tokens_total": 4928,
    "recompute_tokens_total": 5724
  }
}