{
  "no_cache": {
    "mean_latency_ms": 192.6332073278445,
    "p50_latency_ms": 177.22255074161694,
    "p95_latency_ms": 221.52818842702115,
    "p99_latency_ms": 240.79150915980563,
    "throughput_rps": 41.52970358005157,
    "hit_rate": 0.0,
    "wasted_compute_ratio": 0.0,
    "reuse_attempts": 0,
    "reuse_successes": 0,
    "store_attempts": 32,
    "store_successes": 0,
    "requests_seen": 64,
    "reused_prefix_tokens_total": 0,
    "recompute_tokens_total": 10652
  }
}