{
  "reactive_prefix_cache": {
    "mean_latency_ms": 130.71614196146837,
    "p50_latency_ms": 120.2588506045509,
    "p95_latency_ms": 150.3235632556886,
    "p99_latency_ms": 163.39517745183545,
    "throughput_rps": 61.20131668480689,
    "hit_rate": 0.0,
    "wasted_compute_ratio": 0.108,
    "reuse_attempts": 32,
    "reuse_successes": 0,
    "store_attempts": 32,
    "store_successes": 0,
    "requests_seen": 64,
    "reused_prefix_tokens_total": 0,
    "recompute_tokens_total": 10652
  }
}