{
  "shadow_kv_plus": {
    "mean_latency_ms": 60.9790063123512,
    "p50_latency_ms": 56.10068580736311,
    "p95_latency_ms": 70.12585725920388,
    "p99_latency_ms": 76.223757890439,
    "throughput_rps": 131.19269210491566,
    "hit_rate": 0.0,
    "wasted_compute_ratio": 0.0,
    "reuse_attempts": 0,
    "reuse_successes": 0,
    "store_attempts": 32,
    "store_successes": 0,
    "requests_seen": 64,
    "reused_prefix_tokens_total": 0,
    "recompute_tokens_total": 10652
  }
}