{
  "shadow_kv": {
    "mean_latency_ms": 72.97358996883929,
    "p50_latency_ms": 67.13570277133215,
    "p95_latency_ms": 83.91962846416519,
    "p99_latency_ms": 91.21698746104911,
    "throughput_rps": 109.62870270485676,
    "hit_rate": 0.453125,
    "wasted_compute_ratio": 0.23962522212346035,
    "reuse_attempts": 63,
    "reuse_successes": 29,
    "store_attempts": 32,
    "store_successes": 29,
    "requests_seen": 64,
    "reused_prefix_tokens_total": 6380,
    "recompute_tokens_total": 4272
  }
}