{
  "no_cache": {
    "mean_latency_ms": 15.087990249988081,
    "p50_latency_ms": 13.880951029989035,
    "p95_latency_ms": 17.351188787486294,
    "p99_latency_ms": 18.8599878124851,
    "throughput_rps": 530.2230361665511,
    "hit_rate": 0.0,
    "wasted_compute_ratio": 0.0,
    "reuse_attempts": 0,
    "reuse_successes": 0,
    "store_attempts": 32,
    "store_successes": 0,
    "requests_seen": 64,
    "reused_prefix_tokens_total": 0,
    "recompute_tokens_total": 10652
  }
}