{
  "reactive_prefix_cache": {
    "mean_latency_ms": 82.93523370016038,
    "p50_latency_ms": 76.30041500414755,
    "p95_latency_ms": 95.37551875518443,
    "p99_latency_ms": 103.66904212520048,
    "throughput_rps": 96.46081216727228,
    "hit_rate": 0.6,
    "wasted_compute_ratio": 0.0,
    "reuse_attempts": 32,
    "reuse_successes": 19,
    "store_attempts": 32,
    "store_successes": 19,
    "requests_seen": 64,
    "reused_prefix_tokens_total": 8448,
    "recompute_tokens_total": 2204
  }
}