{
  "shadow_kv": {
    "mean_latency_ms": 131.956566062442,
    "p50_latency_ms": 121.40004077744663,
    "p95_latency_ms": 151.7500509718083,
    "p99_latency_ms": 164.9457075780525,
    "throughput_rps": 60.62600929016591,
    "hit_rate": 0.90625,
    "wasted_compute_ratio": 0.0,
    "reuse_attempts": 58,
    "reuse_successes": 58,
    "store_attempts": 32,
    "store_successes": 58,
    "requests_seen": 64,
    "reused_prefix_tokens_total": 12760,
    "recompute_tokens_total": -2108
  }
}