{
  "no_cache": {
    "mean_latency_ms": 248.43956445323556,
    "p50_latency_ms": 228.56439929697672,
    "p95_latency_ms": 285.7054991212209,
    "p99_latency_ms": 310.54945556654445,
    "throughput_rps": 32.200990279492544,
    "hit_rate": 0.0,
    "wasted_compute_ratio": 0.0,
    "reuse_attempts": 0,
    "reuse_successes": 0,
    "store_attempts": 32,
    "store_successes": 0,
    "requests_seen": 64,
    "reused_prefix_tokens_total": 0,
    "recompute_tokens_total": 10652
  }
}