{
  "strict_reactive_prefix_cache": {
    "mean_latency_ms": 228.40086906256832,
    "p50_latency_ms": 210.12879953756286,
    "p95_latency_ms": 262.66099942195353,
    "p99_latency_ms": 285.5010863282104,
    "throughput_rps": 35.02613642774045,
    "hit_rate": 0.35,
    "wasted_compute_ratio": 0.0,
    "reuse_attempts": 32,
    "reuse_successes": 11,
    "store_attempts": 32,
    "store_successes": 11,
    "requests_seen": 64,
    "reused_prefix_tokens_total": 4928,
    "recompute_tokens_total": 5724
  }
}