{
  "no_cache": {
    "mean_latency_ms": 71.27708848432235,
    "p50_latency_ms": 65.57492140557656,
    "p95_latency_ms": 81.9686517569707,
    "p99_latency_ms": 89.09636060540294,
    "throughput_rps": 112.23803006150607,
    "hit_rate": 0.0,
    "wasted_compute_ratio": 0.0,
    "reuse_attempts": 0,
    "reuse_successes": 0,
    "store_attempts": 32,
    "store_successes": 0,
    "requests_seen": 64,
    "reused_prefix_tokens_total": 0,
    "recompute_tokens_total": 10652
  }
}