{
  "strict_reactive_prefix_cache": {
    "mean_latency_ms": 18.846926814537024,
    "p50_latency_ms": 17.33917266937406,
    "p95_latency_ms": 21.673965836717578,
    "p99_latency_ms": 23.55865851817128,
    "throughput_rps": 424.47238633247275,
    "hit_rate": 0.0,
    "wasted_compute_ratio": 0.035,
    "reuse_attempts": 32,
    "reuse_successes": 0,
    "store_attempts": 32,
    "store_successes": 0,
    "requests_seen": 64,
    "reused_prefix_tokens_total": 0,
    "recompute_tokens_total": 10652
  }
}