{
  "greedy_prefix_cache": {
    "mean_latency_ms": 84.65391438576013,
    "p50_latency_ms": 77.88160123489932,
    "p95_latency_ms": 97.35200154362414,
    "p99_latency_ms": 105.81739298220016,
    "throughput_rps": 94.50242269417966,
    "hit_rate": 0.0,
    "wasted_compute_ratio": 0.0,
    "reuse_attempts": 32,
    "reuse_successes": 0,
    "store_attempts": 32,
    "store_successes": 0,
    "requests_seen": 64,
    "reused_prefix_tokens_total": 0,
    "recompute_tokens_total": 10652
  }
}