{
  "greedy_prefix_cache": {
    "mean_latency_ms": 96.24238362046044,
    "p50_latency_ms": 88.54299293082362,
    "p95_latency_ms": 110.67874116352951,
    "p99_latency_ms": 120.30297952557555,
    "throughput_rps": 83.12346077741218,
    "hit_rate": 0.0,
    "wasted_compute_ratio": 0.0,
    "reuse_attempts": 32,
    "reuse_successes": 0,
    "store_attempts": 32,
    "store_successes": 0,
    "requests_seen": 64,
    "reused_prefix_tokens_total": 0,
    "recompute_tokens_total": 10652
  }
}