{
  "no_cache": {
    "mean_latency_ms": 63.52189682804976,
    "p50_latency_ms": 58.44014508180578,
    "p95_latency_ms": 73.05018135225723,
    "p99_latency_ms": 79.4023710350622,
    "throughput_rps": 125.94082355027203,
    "hit_rate": 0.0,
    "wasted_compute_ratio": 0.0,
    "reuse_attempts": 0,
    "reuse_successes": 0,
    "store_attempts": 32,
    "store_successes": 0,
    "requests_seen": 64,
    "reused_prefix_tokens_total": 0,
    "recompute_tokens_total": 10652
  }
}