{
  "shadow_kv_plus_lite": {
    "mean_latency_ms": 385.6521251506192,
    "p50_latency_ms": 354.7999551385697,
    "p95_latency_ms": 443.4999439232121,
    "p99_latency_ms": 482.065156438274,
    "throughput_rps": 20.744083795403803,
    "hit_rate": 0.35,
    "wasted_compute_ratio": 0.0,
    "reuse_attempts": 32,
    "reuse_successes": 11,
    "store_attempts": 32,
    "store_successes": 11,
    "requests_seen": 64,
    "reused_prefix_tokens_total": 4928,
    "recompute_tokens_total": 5724
  }
}