{
  "shadow_kv_plus": {
    "mean_latency_ms": 19.202480937522637,
    "p50_latency_ms": 17.666282462520826,
    "p95_latency_ms": 22.082853078151032,
    "p99_latency_ms": 24.003101171903296,
    "throughput_rps": 416.61283383271524,
    "hit_rate": 0.0,
    "wasted_compute_ratio": 0.0,
    "reuse_attempts": 60,
    "reuse_successes": 0,
    "store_attempts": 32,
    "store_successes": 0,
    "requests_seen": 64,
    "reused_prefix_tokens_total": 0,
    "recompute_tokens_total": 10652
  }
}