{
  "shadow_kv": {
    "mean_latency_ms": 70.67474926569162,
    "p50_latency_ms": 65.02076932443629,
    "p95_latency_ms": 81.27596165554536,
    "p99_latency_ms": 88.34343658211452,
    "throughput_rps": 113.1946003787738,
    "hit_rate": 0.96875,
    "wasted_compute_ratio": 0.0,
    "reuse_attempts": 62,
    "reuse_successes": 62,
    "store_attempts": 32,
    "store_successes": 62,
    "requests_seen": 64,
    "reused_prefix_tokens_total": 13640,
    "recompute_tokens_total": -2988
  }
}