{
  "shadow_kv_plus": {
    "mean_latency_ms": 52.02419381249257,
    "p50_latency_ms": 47.862258307493164,
    "p95_latency_ms": 59.82782288436645,
    "p99_latency_ms": 65.03024226561571,
    "throughput_rps": 153.7746078071653,
    "hit_rate": 0.984375,
    "wasted_compute_ratio": 0.0,
    "reuse_attempts": 63,
    "reuse_successes": 63,
    "store_attempts": 32,
    "store_successes": 63,
    "requests_seen": 64,
    "reused_prefix_tokens_total": 13860,
    "recompute_tokens_total": -3208
  }
}