{
  "strict_reactive_prefix_cache": {
    "mean_latency_ms": 13.846946757403215,
    "p50_latency_ms": 12.739191016810958,
    "p95_latency_ms": 15.923988771013695,
    "p99_latency_ms": 17.308683446754017,
    "throughput_rps": 577.7446927585557,
    "hit_rate": 0.0,
    "wasted_compute_ratio": 0.035,
    "reuse_attempts": 32,
    "reuse_successes": 0,
    "store_attempts": 32,
    "store_successes": 0,
    "requests_seen": 64,
    "reused_prefix_tokens_total": 0,
    "recompute_tokens_total": 10652
  }
}