{
  "no_cache": {
    "mean_latency_ms": 184.26228978140102,
    "p50_latency_ms": 169.52130659888894,
    "p95_latency_ms": 211.90163324861115,
    "p99_latency_ms": 230.32786222675128,
    "throughput_rps": 43.41637135569505,
    "hit_rate": 0.0,
    "wasted_compute_ratio": 0.0,
    "reuse_attempts": 0,
    "reuse_successes": 0,
    "store_attempts": 32,
    "store_successes": 0,
    "requests_seen": 64,
    "reused_prefix_tokens_total": 0,
    "recompute_tokens_total": 10652
  }
}