{
  "strict_reactive_prefix_cache": {
    "mean_latency_ms": 112.98155795120438,
    "p50_latency_ms": 103.94303331510804,
    "p95_latency_ms": 129.92879164388503,
    "p99_latency_ms": 141.22694743900547,
    "throughput_rps": 70.80801632647977,
    "hit_rate": 0.35,
    "wasted_compute_ratio": 0.0,
    "reuse_attempts": 32,
    "reuse_successes": 11,
    "store_attempts": 32,
    "store_successes": 11,
    "requests_seen": 64,
    "reused_prefix_tokens_total": 4928,
    "recompute_tokens_total": 5724
  }
}