{
  "greedy_prefix_cache": {
    "mean_latency_ms": 215.72497544156636,
    "p50_latency_ms": 198.46697740624106,
    "p95_latency_ms": 248.0837217578013,
    "p99_latency_ms": 269.65621930195795,
    "throughput_rps": 37.08425500396901,
    "hit_rate": 0.6,
    "wasted_compute_ratio": 0.0,
    "reuse_attempts": 32,
    "reuse_successes": 19,
    "store_attempts": 32,
    "store_successes": 19,
    "requests_seen": 64,
    "reused_prefix_tokens_total": 8448,
    "recompute_tokens_total": 2204
  }
}