{
  "greedy_prefix_cache": {
    "mean_latency_ms": 320.91482698702924,
    "p50_latency_ms": 295.2416408280669,
    "p95_latency_ms": 369.0520510350836,
    "p99_latency_ms": 401.14353373378657,
    "throughput_rps": 24.92873288252071,
    "hit_rate": 0.6,
    "wasted_compute_ratio": 0.0,
    "reuse_attempts": 32,
    "reuse_successes": 19,
    "store_attempts": 32,
    "store_successes": 19,
    "requests_seen": 64,
    "reused_prefix_tokens_total": 8448,
    "recompute_tokens_total": 2204
  }
}