{
  "no_cache": {
    "mean_latency_ms": 97.78168745319249,
    "p50_latency_ms": 89.95915245693709,
    "p95_latency_ms": 112.44894057117135,
    "p99_latency_ms": 122.22710931649061,
    "throughput_rps": 81.81491042307438,
    "hit_rate": 0.0,
    "wasted_compute_ratio": 0.0,
    "reuse_attempts": 0,
    "reuse_successes": 0,
    "store_attempts": 32,
    "store_successes": 0,
    "requests_seen": 64,
    "reused_prefix_tokens_total": 0,
    "recompute_tokens_total": 10652
  }
}