{
  "reactive_prefix_cache": {
    "mean_latency_ms": 321.80323203173583,
    "p50_latency_ms": 296.058973469197,
    "p95_latency_ms": 370.0737168364962,
    "p99_latency_ms": 402.2540400396698,
    "throughput_rps": 24.859911907942088,
    "hit_rate": 0.0,
    "wasted_compute_ratio": 0.108,
    "reuse_attempts": 32,
    "reuse_successes": 0,
    "store_attempts": 32,
    "store_successes": 0,
    "requests_seen": 64,
    "reused_prefix_tokens_total": 0,
    "recompute_tokens_total": 10652
  }
}