{
  "greedy_prefix_cache": {
    "mean_latency_ms": 176.03854953298534,
    "p50_latency_ms": 161.95546557034652,
    "p95_latency_ms": 202.44433196293312,
    "p99_latency_ms": 220.04818691623169,
    "throughput_rps": 45.44459166031128,
    "hit_rate": 0.0,
    "wasted_compute_ratio": 0.0,
    "reuse_attempts": 32,
    "reuse_successes": 0,
    "store_attempts": 32,
    "store_successes": 0,
    "requests_seen": 64,
    "reused_prefix_tokens_total": 0,
    "recompute_tokens_total": 10652
  }
}