{
  "reactive_prefix_cache": {
    "mean_latency_ms": 84.32279102429952,
    "p50_latency_ms": 77.57696774235556,
    "p95_latency_ms": 96.97120967794444,
    "p99_latency_ms": 105.4034887803744,
    "throughput_rps": 94.87351999170211,
    "hit_rate": 0.0,
    "wasted_compute_ratio": 0.108,
    "reuse_attempts": 32,
    "reuse_successes": 0,
    "store_attempts": 32,
    "store_successes": 0,
    "requests_seen": 64,
    "reused_prefix_tokens_total": 0,
    "recompute_tokens_total": 10652
  }
}