{
  "no_cache": {
    "mean_latency_ms": 59.29930470307454,
    "p50_latency_ms": 54.55536032682858,
    "p95_latency_ms": 68.19420040853572,
    "p99_latency_ms": 74.12413087884318,
    "throughput_rps": 134.90883308089138,
    "hit_rate": 0.0,
    "wasted_compute_ratio": 0.0,
    "reuse_attempts": 0,
    "reuse_successes": 0,
    "store_attempts": 32,
    "store_successes": 0,
    "requests_seen": 64,
    "reused_prefix_tokens_total": 0,
    "recompute_tokens_total": 10652
  }
}