{
  "shadow_kv": {
    "mean_latency_ms": 21.3108881562718,
    "p50_latency_ms": 19.606017103770057,
    "p95_latency_ms": 24.507521379712568,
    "p99_latency_ms": 26.63861019533975,
    "throughput_rps": 375.39495967208654,
    "hit_rate": 0.96875,
    "wasted_compute_ratio": 0.0,
    "reuse_attempts": 62,
    "reuse_successes": 62,
    "store_attempts": 32,
    "store_successes": 62,
    "requests_seen": 64,
    "reused_prefix_tokens_total": 13640,
    "recompute_tokens_total": -2988
  }
}