{
  "shadow_kv_plus": {
    "mean_latency_ms": 69.19008160949147,
    "p50_latency_ms": 63.654875080732154,
    "p95_latency_ms": 79.56859385091519,
    "p99_latency_ms": 86.48760201186434,
    "throughput_rps": 115.623508657671,
    "hit_rate": 0.984375,
    "wasted_compute_ratio": 0.0,
    "reuse_attempts": 63,
    "reuse_successes": 63,
    "store_attempts": 32,
    "store_successes": 63,
    "requests_seen": 64,
    "reused_prefix_tokens_total": 13860,
    "recompute_tokens_total": -3208
  }
}