{
  "greedy_prefix_cache": {
    "mean_latency_ms": 80.58354378385154,
    "p50_latency_ms": 74.13686028114341,
    "p95_latency_ms": 92.67107535142927,
    "p99_latency_ms": 100.72942972981443,
    "throughput_rps": 99.27585241793687,
    "hit_rate": 0.6,
    "wasted_compute_ratio": 0.0,
    "reuse_attempts": 32,
    "reuse_successes": 19,
    "store_attempts": 32,
    "store_successes": 19,
    "requests_seen": 64,
    "reused_prefix_tokens_total": 8448,
    "recompute_tokens_total": 2204
  }
}