{
  "no_cache": {
    "mean_latency_ms": 159.71311309372993,
    "p50_latency_ms": 146.93606404623154,
    "p95_latency_ms": 183.67008005778942,
    "p99_latency_ms": 199.6413913671624,
    "throughput_rps": 50.0898131971486,
    "hit_rate": 0.0,
    "wasted_compute_ratio": 0.0,
    "reuse_attempts": 0,
    "reuse_successes": 0,
    "store_attempts": 32,
    "store_successes": 0,
    "requests_seen": 64,
    "reused_prefix_tokens_total": 0,
    "recompute_tokens_total": 10652
  }
}