{
  "no_cache": {
    "mean_latency_ms": 18.937529687477195,
    "p50_latency_ms": 17.42252731247902,
    "p95_latency_ms": 21.778159140598774,
    "p99_latency_ms": 23.671912109346493,
    "throughput_rps": 422.44158198152707,
    "hit_rate": 0.0,
    "wasted_compute_ratio": 0.0,
    "reuse_attempts": 0,
    "reuse_successes": 0,
    "store_attempts": 32,
    "store_successes": 0,
    "requests_seen": 64,
    "reused_prefix_tokens_total": 0,
    "recompute_tokens_total": 10652
  }
}