{
  "shadow_kv_plus": {
    "mean_latency_ms": 134.9885419999879,
    "p50_latency_ms": 124.18945863998886,
    "p95_latency_ms": 155.23682329998607,
    "p99_latency_ms": 168.73567749998486,
    "throughput_rps": 59.264289260941254,
    "hit_rate": 0.0,
    "wasted_compute_ratio": 0.0,
    "reuse_attempts": 60,
    "reuse_successes": 0,
    "store_attempts": 32,
    "store_successes": 0,
    "requests_seen": 64,
    "reused_prefix_tokens_total": 0,
    "recompute_tokens_total": 10652
  }
}