{
  "greedy_prefix_cache": {
    "mean_latency_ms": 135.69117303411096,
    "p50_latency_ms": 124.83587919138209,
    "p95_latency_ms": 156.0448489892276,
    "p99_latency_ms": 169.6139662926387,
    "throughput_rps": 58.95740910124571,
    "hit_rate": 0.35,
    "wasted_compute_ratio": 0.0,
    "reuse_attempts": 32,
    "reuse_successes": 11,
    "store_attempts": 32,
    "store_successes": 11,
    "requests_seen": 64,
    "reused_prefix_tokens_total": 4928,
    "recompute_tokens_total": 5724
  }
}