{
  "shadow_kv_plus": {
    "mean_latency_ms": 53.74459518750996,
    "p50_latency_ms": 49.44502757250916,
    "p95_latency_ms": 61.806284465636445,
    "p99_latency_ms": 67.18074398438745,
    "throughput_rps": 148.8521770810392,
    "hit_rate": 0.9672131147540983,
    "wasted_compute_ratio": 0.0,
    "reuse_attempts": 59,
    "reuse_successes": 62,
    "store_attempts": 32,
    "store_successes": 62,
    "requests_seen": 64,
    "reused_prefix_tokens_total": 13618,
    "recompute_tokens_total": -2966
  }
}