{
  "shadow_kv_plus": {
    "mean_latency_ms": 19.783247281264238,
    "p50_latency_ms": 18.2005874987631,
    "p95_latency_ms": 22.750734373453874,
    "p99_latency_ms": 24.729059101580297,
    "throughput_rps": 404.3825508654697,
    "hit_rate": 0.0,
    "wasted_compute_ratio": 0.0,
    "reuse_attempts": 0,
    "reuse_successes": 0,
    "store_attempts": 32,
    "store_successes": 0,
    "requests_seen": 64,
    "reused_prefix_tokens_total": 0,
    "recompute_tokens_total": 10652
  }
}