{
  "shadow_kv_plus": {
    "mean_latency_ms": 59.15878043749245,
    "p50_latency_ms": 54.42607800249306,
    "p95_latency_ms": 68.03259750311632,
    "p99_latency_ms": 73.94847554686557,
    "throughput_rps": 135.22929209896157,
    "hit_rate": 0.0,
    "wasted_compute_ratio": 0.0,
    "reuse_attempts": 0,
    "reuse_successes": 0,
    "store_attempts": 32,
    "store_successes": 0,
    "requests_seen": 64,
    "reused_prefix_tokens_total": 0,
    "recompute_tokens_total": 10652
  }
}