{
  "greedy_prefix_cache": {
    "mean_latency_ms": 41.26688221989212,
    "p50_latency_ms": 37.96553164230075,
    "p95_latency_ms": 47.45691455287593,
    "p99_latency_ms": 51.58360277486515,
    "throughput_rps": 193.86005362294398,
    "hit_rate": 0.0,
    "wasted_compute_ratio": 0.0,
    "reuse_attempts": 32,
    "reuse_successes": 0,
    "store_attempts": 32,
    "store_successes": 0,
    "requests_seen": 64,
    "reused_prefix_tokens_total": 0,
    "recompute_tokens_total": 10652
  }
}