{
  "shadow_kv_plus": {
    "mean_latency_ms": 21.941755281289943,
    "p50_latency_ms": 20.186414858786748,
    "p95_latency_ms": 25.23301857348343,
    "p99_latency_ms": 27.42719410161243,
    "throughput_rps": 364.6016418213231,
    "hit_rate": 0.984375,
    "wasted_compute_ratio": 0.0,
    "reuse_attempts": 63,
    "reuse_successes": 63,
    "store_attempts": 32,
    "store_successes": 63,
    "requests_seen": 64,
    "reused_prefix_tokens_total": 13860,
    "recompute_tokens_total": -3208
  }
}