{
  "shadow_kv_plus_lite": {
    "mean_latency_ms": 26.326529871278797,
    "p50_latency_ms": 24.220407481576494,
    "p95_latency_ms": 30.275509351970616,
    "p99_latency_ms": 32.908162339098496,
    "throughput_rps": 303.87597754490554,
    "hit_rate": 0.6,
    "wasted_compute_ratio": 0.0,
    "reuse_attempts": 32,
    "reuse_successes": 19,
    "store_attempts": 32,
    "store_successes": 19,
    "requests_seen": 64,
    "reused_prefix_tokens_total": 8448,
    "recompute_tokens_total": 2204
  }
}