{
  "no_cache": {
    "mean_latency_ms": 302.0690865156439,
    "p50_latency_ms": 277.9035595943924,
    "p95_latency_ms": 347.3794494929905,
    "p99_latency_ms": 377.5863581445549,
    "throughput_rps": 26.484007656260736,
    "hit_rate": 0.0,
    "wasted_compute_ratio": 0.0,
    "reuse_attempts": 0,
    "reuse_successes": 0,
    "store_attempts": 32,
    "store_successes": 0,
    "requests_seen": 64,
    "reused_prefix_tokens_total": 0,
    "recompute_tokens_total": 10652
  }
}