{
  "greedy_prefix_cache": {
    "mean_latency_ms": 67.7991398699977,
    "p50_latency_ms": 62.37520868039789,
    "p95_latency_ms": 77.96901085049736,
    "p99_latency_ms": 84.74892483749713,
    "throughput_rps": 117.99559722055027,
    "hit_rate": 0.35,
    "wasted_compute_ratio": 0.0,
    "reuse_attempts": 32,
    "reuse_successes": 11,
    "store_attempts": 32,
    "store_successes": 11,
    "requests_seen": 64,
    "reused_prefix_tokens_total": 4928,
    "recompute_tokens_total": 5724
  }
}