{
  "greedy_prefix_cache": {
    "mean_latency_ms": 146.21610709922896,
    "p50_latency_ms": 134.51881853129066,
    "p95_latency_ms": 168.1485231641133,
    "p99_latency_ms": 182.77013387403622,
    "throughput_rps": 54.71353436164753,
    "hit_rate": 0.6,
    "wasted_compute_ratio": 0.0,
    "reuse_attempts": 32,
    "reuse_successes": 19,
    "store_attempts": 32,
    "store_successes": 19,
    "requests_seen": 64,
    "reused_prefix_tokens_total": 8448,
    "recompute_tokens_total": 2204
  }
}