{
  "shadow_kv_plus_lite": {
    "mean_latency_ms": 25.050260367599304,
    "p50_latency_ms": 23.04623953819136,
    "p95_latency_ms": 28.807799422739198,
    "p99_latency_ms": 31.31282545949913,
    "throughput_rps": 319.35795806527506,
    "hit_rate": 0.6,
    "wasted_compute_ratio": 0.0,
    "reuse_attempts": 32,
    "reuse_successes": 19,
    "store_attempts": 32,
    "store_successes": 19,
    "requests_seen": 64,
    "reused_prefix_tokens_total": 8448,
    "recompute_tokens_total": 2204
  }
}