{
  "shadow_kv_plus": {
    "mean_latency_ms": 135.55996356257083,
    "p50_latency_ms": 124.71516647756516,
    "p95_latency_ms": 155.89395809695645,
    "p99_latency_ms": 169.44995445321354,
    "throughput_rps": 59.01447440495523,
    "hit_rate": 0.984375,
    "wasted_compute_ratio": 0.0,
    "reuse_attempts": 63,
    "reuse_successes": 63,
    "store_attempts": 32,
    "store_successes": 63,
    "requests_seen": 64,
    "reused_prefix_tokens_total": 13860,
    "recompute_tokens_total": -3208
  }
}