{
  "shadow_kv": {
    "mean_latency_ms": 50.90438615623327,
    "p50_latency_ms": 46.83203526373461,
    "p95_latency_ms": 58.540044079668256,
    "p99_latency_ms": 63.63048269529159,
    "throughput_rps": 157.15738080893047,
    "hit_rate": 0.96875,
    "wasted_compute_ratio": 1.0,
    "reuse_attempts": 62,
    "reuse_successes": 62,
    "store_attempts": 32,
    "store_successes": 62,
    "requests_seen": 64,
    "reused_prefix_tokens_total": 13640,
    "recompute_tokens_total": -2988
  }
}