{
  "shadow_kv_plus": {
    "mean_latency_ms": 50.69770406247187,
    "p50_latency_ms": 46.64188773747412,
    "p95_latency_ms": 58.302359671842645,
    "p99_latency_ms": 63.37213007808984,
    "throughput_rps": 157.79807287016507,
    "hit_rate": 0.0,
    "wasted_compute_ratio": 0.0,
    "reuse_attempts": 0,
    "reuse_successes": 0,
    "store_attempts": 32,
    "store_successes": 0,
    "requests_seen": 64,
    "reused_prefix_tokens_total": 0,
    "recompute_tokens_total": 10652
  }
}