{
  "shadow_kv_plus_lite": {
    "mean_latency_ms": 22.68648586224803,
    "p50_latency_ms": 20.87156699326819,
    "p95_latency_ms": 26.089458741585233,
    "p99_latency_ms": 28.35810732781004,
    "throughput_rps": 352.63284267893533,
    "hit_rate": 0.35,
    "wasted_compute_ratio": 0.0,
    "reuse_attempts": 32,
    "reuse_successes": 11,
    "store_attempts": 32,
    "store_successes": 11,
    "requests_seen": 64,
    "reused_prefix_tokens_total": 4928,
    "recompute_tokens_total": 5724
  }
}