{
  "shadow_kv": {
    "mean_latency_ms": 122.51971804698769,
    "p50_latency_ms": 112.71814060322868,
    "p95_latency_ms": 140.89767575403584,
    "p99_latency_ms": 153.1496475587346,
    "throughput_rps": 65.29561222897942,
    "hit_rate": 0.0,
    "wasted_compute_ratio": 1.0,
    "reuse_attempts": 62,
    "reuse_successes": 0,
    "store_attempts": 32,
    "store_successes": 0,
    "requests_seen": 64,
    "reused_prefix_tokens_total": 0,
    "recompute_tokens_total": 10652
  }
}