{
  "strict_reactive_prefix_cache": {
    "mean_latency_ms": 21.028589801730387,
    "p50_latency_ms": 19.346302617591956,
    "p95_latency_ms": 24.182878271989942,
    "p99_latency_ms": 26.285737252162985,
    "throughput_rps": 380.43445021414135,
    "hit_rate": 0.0,
    "wasted_compute_ratio": 0.035,
    "reuse_attempts": 32,
    "reuse_successes": 0,
    "store_attempts": 32,
    "store_successes": 0,
    "requests_seen": 64,
    "reused_prefix_tokens_total": 0,
    "recompute_tokens_total": 10652
  }
}