{
  "shadow_kv_plus_lite": {
    "mean_latency_ms": 145.77408281247983,
    "p50_latency_ms": 134.11215618748145,
    "p95_latency_ms": 167.6401952343518,
    "p99_latency_ms": 182.2176035155998,
    "throughput_rps": 54.879439785541315,
    "hit_rate": 0.0,
    "wasted_compute_ratio": 0.0,
    "reuse_attempts": 32,
    "reuse_successes": 0,
    "store_attempts": 32,
    "store_successes": 0,
    "requests_seen": 64,
    "reused_prefix_tokens_total": 0,
    "recompute_tokens_total": 10652
  }
}