{
  "shadow_kv_plus": {
    "mean_latency_ms": 12.87766048438499,
    "p50_latency_ms": 11.84744764563419,
    "p95_latency_ms": 14.809309557042736,
    "p99_latency_ms": 16.097075605481237,
    "throughput_rps": 621.2308524285546,
    "hit_rate": 0.0,
    "wasted_compute_ratio": 0.0,
    "reuse_attempts": 0,
    "reuse_successes": 0,
    "store_attempts": 32,
    "store_successes": 0,
    "requests_seen": 64,
    "reused_prefix_tokens_total": 0,
    "recompute_tokens_total": 10652
  }
}