{
  "reactive_prefix_cache": {
    "mean_latency_ms": 25.984746235785394,
    "p50_latency_ms": 23.905966536922563,
    "p95_latency_ms": 29.8824581711532,
    "p99_latency_ms": 32.48093279473174,
    "throughput_rps": 307.8729315810152,
    "hit_rate": 0.6,
    "wasted_compute_ratio": 0.0,
    "reuse_attempts": 32,
    "reuse_successes": 19,
    "store_attempts": 32,
    "store_successes": 19,
    "requests_seen": 64,
    "reused_prefix_tokens_total": 8448,
    "recompute_tokens_total": 2204
  }
}