{
  "greedy_prefix_cache": {
    "mean_latency_ms": 76.58924641635576,
    "p50_latency_ms": 70.46210670304731,
    "p95_latency_ms": 88.07763337880913,
    "p99_latency_ms": 95.7365580204447,
    "throughput_rps": 104.45330610135872,
    "hit_rate": 0.6,
    "wasted_compute_ratio": 0.0,
    "reuse_attempts": 32,
    "reuse_successes": 19,
    "store_attempts": 32,
    "store_successes": 19,
    "requests_seen": 64,
    "reused_prefix_tokens_total": 8448,
    "recompute_tokens_total": 2204
  }
}