{
  "shadow_kv_plus_lite": {
    "mean_latency_ms": 21.658295330854237,
    "p50_latency_ms": 19.9256317043859,
    "p95_latency_ms": 24.90703963048237,
    "p99_latency_ms": 27.072869163567795,
    "throughput_rps": 369.37348382184365,
    "hit_rate": 0.6,
    "wasted_compute_ratio": 0.0,
    "reuse_attempts": 32,
    "reuse_successes": 19,
    "store_attempts": 32,
    "store_successes": 19,
    "requests_seen": 64,
    "reused_prefix_tokens_total": 8448,
    "recompute_tokens_total": 2204
  }
}