{
  "shadow_kv_plus_lite": {
    "mean_latency_ms": 86.45666951171192,
    "p50_latency_ms": 79.54013595077497,
    "p95_latency_ms": 99.4251699384687,
    "p99_latency_ms": 108.0708368896399,
    "throughput_rps": 92.53190118451502,
    "hit_rate": 0.0,
    "wasted_compute_ratio": 0.0,
    "reuse_attempts": 32,
    "reuse_successes": 0,
    "store_attempts": 32,
    "store_successes": 0,
    "requests_seen": 64,
    "reused_prefix_tokens_total": 0,
    "recompute_tokens_total": 10652
  }
}