{
  "greedy_prefix_cache": {
    "mean_latency_ms": 24.42238532682721,
    "p50_latency_ms": 22.468594500681036,
    "p95_latency_ms": 28.08574312585129,
    "p99_latency_ms": 30.527981658534014,
    "throughput_rps": 327.5683309775747,
    "hit_rate": 0.0,
    "wasted_compute_ratio": 0.0,
    "reuse_attempts": 32,
    "reuse_successes": 0,
    "store_attempts": 32,
    "store_successes": 0,
    "requests_seen": 64,
    "reused_prefix_tokens_total": 0,
    "recompute_tokens_total": 10652
  }
}