{
  "reactive_prefix_cache": {
    "mean_latency_ms": 380.11570744787247,
    "p50_latency_ms": 349.7064508520427,
    "p95_latency_ms": 437.1330635650533,
    "p99_latency_ms": 475.14463430984057,
    "throughput_rps": 21.046223145348677,
    "hit_rate": 0.0,
    "wasted_compute_ratio": 0.108,
    "reuse_attempts": 32,
    "reuse_successes": 0,
    "store_attempts": 32,
    "store_successes": 0,
    "requests_seen": 64,
    "reused_prefix_tokens_total": 0,
    "recompute_tokens_total": 10652
  }
}