{
  "strict_reactive_prefix_cache": {
    "mean_latency_ms": 35.57954593418344,
    "p50_latency_ms": 32.73318225944877,
    "p95_latency_ms": 40.91647782431096,
    "p99_latency_ms": 44.474432417729304,
    "throughput_rps": 224.84828824962355,
    "hit_rate": 0.0,
    "wasted_compute_ratio": 0.035,
    "reuse_attempts": 32,
    "reuse_successes": 0,
    "store_attempts": 32,
    "store_successes": 0,
    "requests_seen": 64,
    "reused_prefix_tokens_total": 0,
    "recompute_tokens_total": 10652
  }
}