{
  "strict_reactive_prefix_cache": {
    "mean_latency_ms": 21.513535887136822,
    "p50_latency_ms": 19.792453016165876,
    "p95_latency_ms": 24.740566270207342,
    "p99_latency_ms": 26.891919858921028,
    "throughput_rps": 371.8589097565913,
    "hit_rate": 0.0,
    "wasted_compute_ratio": 0.035,
    "reuse_attempts": 32,
    "reuse_successes": 0,
    "store_attempts": 32,
    "store_successes": 0,
    "requests_seen": 64,
    "reused_prefix_tokens_total": 0,
    "recompute_tokens_total": 10652
  }
}